Genus	Unmanip_1	Unmanip_3	Unmanip_4	Unmanip_5	Unmanip_7	Unmanip_8	HM_1	HM_2	HM_3	HM_4	HM_5	HM_6	HM_7	HMM_1	HMM_2	HMM_3	HMM_5	HMM_6	HMM_7	HMM_8	LM_1	LM_2	LM_5	LM_6	LM_7	LM_8
Streptomyces	1426675	1621678	1444137	1227219	1510504	1464128	1277553	1553374	1461002	1228673	1530719	1194454	1029576	1221329	1595465	1015798	946832	1557081	1351794	1235744	980948	1175563	1089057	1153356	1016839	1296769
Pseudomonas	1034136	1107968	1081227	869127	823233	736231	1657459	1341672	1286436	975680	1530381	1134338	1018580	1043224	863475	787251	933710	1011963	1070519	1275835	719775	992719	801062	771413	792462	1026019
Paenibacillus	490488	577471	458557	365597	458980	460190	434796	422075	490267	407642	580239	417701	389511	451966	564313	343794	336016	446036	478012	391363	344789	374990	366176	367524	355210	435183
Mycolicibacterium	308406	404019	363682	321484	376408	389687	274509	325447	303278	258594	327742	256389	222527	266786	357601	221504	205887	351711	293300	274418	213801	263889	237088	252247	219644	282088
Flavobacterium	175359	169883	250855	176702	121391	107340	660226	366508	303022	329520	504975	387787	349254	241094	180960	219853	282754	195466	216779	447908	231740	175395	139255	203503	236804	332279
Mycobacterium	281217	368021	336106	277146	337171	352537	250370	300692	276436	233247	301063	231377	199996	236423	317394	198701	183130	324930	269041	242896	199543	238273	229224	226600	194121	253278
Nocardioides	285309	323159	292544	236889	299122	294399	256925	306850	292528	242646	307446	237503	206351	246199	318508	205675	192098	313083	274420	253860	199239	237243	217772	235185	205354	259070
Bradyrhizobium	280295	327121	266419	236308	297005	287152	261216	298887	301253	242766	312317	231621	217328	250172	310748	210005	197506	292086	274335	244689	197841	226550	216981	227997	207232	255452
Burkholderia	229833	248032	225817	178434	240963	258499	209023	311560	244861	210991	271970	200992	173913	179333	296295	195796	172258	232235	224055	214263	165569	173868	181864	232926	204329	216664
Microbacterium	222851	254676	225389	186056	233863	232223	204112	239903	228788	190731	244353	187806	164540	195261	251551	165094	152824	243907	216260	199646	157313	186288	172207	183839	162016	202673
Ilumatobacter	206081	206876	194971	157910	205297	207015	185147	208551	195915	167447	216183	171316	148180	173366	221304	151889	140157	215683	188164	185279	132350	162686	144923	153232	140986	185830
Mesorhizobium	194101	223802	181259	164033	205932	202598	177451	204699	201933	164436	212150	160172	147895	166854	210712	144037	134587	199951	180813	168863	132188	154851	144430	150326	139661	174858
Micromonospora	183818	207707	184277	155001	190887	188745	165951	196164	188892	156773	197932	152647	135608	159968	206112	134007	124058	197933	176528	162851	130858	155029	142080	152876	134425	166262
Nitrospira	191906	200328	194445	154485	206319	180721	188863	158414	184826	146945	226462	152740	156677	159835	201644	137763	137867	163398	161261	167730	113187	125766	131875	131959	128145	175510
Desulfosarcina	172158	199639	177160	129802	183808	171801	169066	183043	198006	157353	203888	144752	146372	161795	203442	138675	131561	184866	176918	151208	127692	132450	141220	140910	134486	166502
Synechococcus	148382	218532	178385	160737	201688	195865	143861	166804	168683	135432	172830	126594	119000	131225	167600	109535	103991	162670	145024	131004	116207	124944	118442	128119	117985	141466
Variovorax	163285	182147	150863	129995	168576	159401	152728	177634	183060	137765	183017	131812	123617	147103	166878	116062	111106	166364	169572	140617	113544	125112	119101	128820	118065	143395
Hydrogenophaga	176279	158117	135815	136872	124643	104816	185786	166647	178368	126306	198422	150557	140481	146021	109416	107557	137112	144780	159343	165339	98031	115038	120591	107917	109630	145748
Corynebacterium	150500	172621	152590	127776	157440	158876	139289	162123	155834	128041	164092	125103	110748	134119	172409	111043	104241	167560	145873	133065	107103	123705	116241	122166	112270	137828
Rhizobium	145146	173863	137580	121520	152756	148989	135983	155319	155052	128036	162734	120963	112133	130638	161700	111476	101957	150279	140192	129978	104769	121665	113282	116339	107294	133412
Rhodococcus	144383	166174	146790	122225	153139	151981	131089	155033	147043	124026	156471	121517	107177	126254	162799	107121	99092	157504	140207	128742	101843	120940	112196	118166	105498	132410
Paracoccus	147566	162288	131245	126033	152437	145087	140784	154817	155353	125238	166634	124900	112239	125981	151991	105762	101331	145623	135813	128442	99251	114065	107477	114762	107239	135364
Amycolatopsis	142119	162346	142007	119936	149140	146882	131541	153877	146908	122078	154741	118231	105853	124514	159833	105447	97516	153890	137378	128636	101747	121048	111729	119489	105450	129622
Sphingomonas	140422	161093	133382	118378	144122	138951	132306	150198	148984	120786	158126	117141	108128	125300	155572	105675	99388	145831	136134	125279	100594	114638	108186	114669	105110	128241
Cupriavidus	141440	159442	131699	113585	141536	132385	126582	151939	154405	119194	157968	113497	107755	128338	150972	104537	96234	144856	139234	119735	98135	109838	105155	111792	102705	124858
Halomonas	115955	126694	112444	91553	112733	108028	114408	123200	128582	100031	134427	98729	92819	107671	127671	88981	84970	118635	115846	104256	85318	92477	88996	93655	88934	107760
Klebsiella	111599	121002	112960	80261	109018	103963	101943	105750	121731	94335	125042	90908	82551	104316	131226	84762	84430	120359	113397	97255	83318	83724	90267	83192	87787	106206
Arthrobacter	110489	127462	112173	91233	116011	112760	101082	118684	114372	93988	119946	91960	82385	96473	123937	81363	76807	121310	106745	99992	78943	91432	85180	90809	80337	100633
Aeromonas	108467	117988	103462	79331	105495	98969	101154	114388	118806	92450	126126	87589	83152	101445	119647	81706	78831	111361	109175	95632	77648	81258	80576	87723	78548	99542
Cellulomonas	103079	118345	106289	87339	108789	106376	93965	112457	106871	88850	112873	87110	74906	89460	116757	74583	69933	113271	100268	92582	72950	86677	79188	86397	74748	93695
Nocardia	102484	118480	103397	87531	108419	108034	94564	110808	105699	88530	112291	86183	76789	90341	115573	76423	70765	111797	99633	91862	73784	86647	80712	85759	75653	93552
Salmonella	102957	107780	102634	87661	100827	94237	93508	102559	106801	89928	119231	92476	82035	85062	110808	75719	66578	106219	101146	92030	64897	86603	83004	85225	75654	89323
Xanthomonas	107298	114648	92017	72605	98751	93419	93818	113937	113636	84548	115732	81106	80196	90391	112190	78320	69093	101242	97514	99273	73536	83777	77825	79550	75723	98607
Shewanella	49434	52598	71717	56280	43371	42143	204090	120417	84886	108175	119354	135771	98725	76720	52286	54393	68732	61950	81572	118785	112659	76236	40771	83240	87220	186347
Paraburkholderia	94416	107782	89176	78005	95640	91297	90040	101196	104254	81282	108462	79072	74527	88115	104412	73191	67995	98335	95727	84754	68898	77027	73587	77403	71087	86814
Gordonia	91483	104058	91964	77369	96985	95635	83569	97645	91941	77881	98684	76361	67526	79519	102929	67551	62024	98970	88185	81287	64632	76417	70515	75407	67886	83190
Conexibacter	90536	111691	89912	82745	104458	106815	78059	98228	90483	76942	97109	72925	64021	77054	104818	64765	56590	102112	86650	75646	59749	75433	69737	72884	62624	80378
Stenotrophomonas	85588	104966	95518	73033	86699	83149	82092	90062	92816	75116	97043	72933	67142	79237	98109	74603	63114	89585	86922	82102	62977	67996	66947	71006	65819	78422
Methylobacterium	83432	98360	79390	71087	87955	85625	77518	89557	89124	71908	93168	69445	63559	73539	93507	61568	57293	88432	81500	72760	59138	68976	64642	68404	62042	75643
Lysobacter	82388	91158	78840	66035	80770	78311	79932	88180	89723	72063	93986	69916	64162	75501	92198	62496	59347	86586	81700	72821	60486	66635	63374	68676	63138	74885
Enterobacter	81672	93036	81286	62074	83423	78727	75572	84585	88670	67747	95138	68840	64489	74937	106540	60650	58236	88320	83784	69350	61176	62709	63163	63085	60808	74207
Achromobacter	81912	96231	76042	65777	87407	81006	73730	87226	87844	71511	92547	66532	62646	75168	89484	59578	56789	85864	82294	70200	58608	62516	62045	65243	61558	71800
Sphingobium	89886	90035	72942	75914	74811	71149	87892	84761	85132	69542	99438	71135	66494	69668	74690	57944	62356	79870	71904	80409	53415	64188	67305	61022	58957	71994
Comamonas	84633	89915	75336	64575	85348	74330	76828	87764	89366	70332	93369	68066	60984	74687	82586	57685	57199	83001	79772	71772	58760	61139	60100	65850	59598	70590
Escherichia	74711	91050	73011	64138	72893	84627	73913	81758	106376	65041	85902	52652	60200	71744	99456	52994	59285	80976	74224	69562	62506	57288	56189	55589	58703	69662
Stutzerimonas	98897	62540	55831	115183	51466	74227	142632	64341	64654	72085	120650	88517	49950	53302	67846	81953	53868	57114	57054	66249	41070	44480	45374	56285	65222	99916
Bacillus	66252	78781	71839	68140	74481	70140	76739	68481	75596	60290	73718	62938	70877	73731	95998	63341	53527	77903	72307	76533	49202	58603	54164	65153	52502	64119
Thiocapsa	77507	75172	68055	49714	69535	62288	71893	81834	89153	67067	88571	63337	61293	69582	80601	55943	54303	78205	78497	67022	53789	58748	58569	62301	57246	70270
Acidovorax	76085	81704	67689	62128	73460	65388	72349	81715	85867	68546	86331	62737	58391	67688	71056	54672	54529	76029	74213	68080	51620	57356	54864	56720	53428	68364
Sulfitobacter	77073	81167	68349	67143	77097	74229	75730	78850	78302	64538	87412	65683	59356	64449	74979	54650	52317	71059	65379	65859	50848	57815	54085	56955	54665	71307
Pseudonocardia	73854	84408	73596	61886	76962	77185	67409	78942	75600	62953	79624	61929	54322	64792	83115	53649	49530	80092	71425	65208	52573	62131	56689	61137	53365	66595
Bordetella	68924	72838	73558	57810	75440	67578	66389	83358	82607	60946	76754	73342	57760	68590	85420	59753	59168	76360	73161	58561	48217	53506	59190	59410	50395	63305
Actinoplanes	70544	83989	69438	57883	74765	71502	63988	74825	70816	58920	77720	58119	50391	60687	78768	49240	48134	78254	69459	62398	48615	58976	53086	58659	50792	61972
Iamia	68457	74707	66600	55857	70783	71805	61367	71694	66670	56193	73037	56494	48901	57815	76111	48892	45098	73197	63810	59333	45107	55770	50909	54443	47553	61477
Rhodoferax	67869	63369	54516	55121	55985	51776	83553	74517	71812	85772	91946	58928	54452	55626	56184	41991	41655	57964	57516	57471	42313	48956	45621	54010	54514	72230
Massilia	64443	72900	62689	52007	64067	61639	61823	70849	71372	55248	73195	54390	52350	59958	70116	48871	47565	66812	64990	58700	47628	53591	50792	52784	48646	59397
Vibrio	60197	67646	60948	45449	58135	54307	63261	60549	67932	54523	70120	53338	51961	60737	67509	50099	48796	60543	62286	58118	48997	46345	47650	50712	48165	58858
Thauera	62268	70223	57734	49001	61566	57946	55077	64939	69030	52289	70026	49468	46462	56289	69423	46186	43122	63522	61606	53710	43510	45962	46516	49636	45898	56082
Curtobacterium	59099	68094	60306	50602	62244	62242	54412	64362	61313	51312	64821	49923	44152	52656	67319	44229	40484	64931	57389	53617	42921	50429	46535	50181	43854	54752
Azospirillum	54072	62800	51291	45276	57162	54818	50397	57784	58667	47007	61305	45000	41455	48430	59496	40188	37810	56160	53780	47108	38847	44756	42282	44805	40669	49561
Marinobacter	54165	53690	51660	40238	48548	45040	52863	55151	58820	46633	61354	43817	43346	50545	56918	40545	39431	51764	53211	47645	38068	40217	39330	40709	39603	49010
Thiodictyon	53508	51442	46647	34428	46889	43028	49997	57435	62049	46399	62649	44087	42612	48563	56151	38304	37229	53583	55008	46070	37186	41014	40465	43175	39183	49073
Baekduia	50915	63202	49919	45754	57968	59433	44451	55095	51407	42800	54250	40731	35944	43348	58590	36190	31836	56845	48841	43089	33818	43021	38876	41870	35168	45442
Sinorhizobium	50305	58216	49076	43433	54535	51861	47453	53723	54335	43383	57009	42056	38683	45290	55268	38053	35286	52861	48972	44549	36784	40640	39164	41571	37506	45646
Brevibacterium	49439	56791	50131	42272	52226	51755	45626	53271	50706	42310	54272	41148	36419	43461	56561	36980	33666	53729	48129	44250	34746	40785	38194	41014	35775	45228
Miltoncostaea	50784	61752	47857	45679	56209	56374	42725	54172	50331	42268	54634	40254	34810	41697	56162	34473	31151	54237	47228	42063	32108	41462	38475	40658	34555	44331
Brevundimonas	51173	52745	45806	45133	46848	47952	53175	49933	49682	43812	59128	44774	36629	41750	52178	40443	35409	48662	45861	43881	34753	38866	36316	39946	37936	50108
Delftia	48911	54145	46991	36976	50866	46011	43573	53407	56583	41943	52952	40164	37486	43547	49254	34030	35192	50305	49817	41535	33347	34397	36480	38681	35337	69150
Agromyces	48823	55861	49002	40376	51241	51027	44482	51977	50430	42031	53629	40965	36048	43018	54139	36052	33654	52904	46969	43641	34374	41064	37860	40794	35648	44089
Diaphorobacter	49053	54031	44722	38228	49808	45212	44347	50403	54250	41428	54997	38920	36805	43837	49592	34279	33891	50433	48557	40893	33347	34032	34774	37351	35199	42613
Actinomadura	46988	53968	46564	40070	49513	49216	42904	50638	48103	40437	51047	39639	34921	41037	53435	34294	31668	50524	45479	41830	33427	39686	36015	38956	34329	42928
Actinomarinicola	48596	52206	47112	39065	49755	50322	42884	50452	46600	39736	51591	40027	34938	41261	53838	35248	31632	51761	45213	42496	31981	40101	35868	37685	33461	43752
Dermatobacter	46966	50803	47143	37112	47534	48007	42156	49066	45105	39287	50139	38421	33219	40446	51660	33890	31305	51001	44253	41396	30824	37742	34374	37099	32504	41976
Microbulbifer	45645	47817	45212	33322	41872	39355	47011	47186	50294	38963	53497	39270	37473	43222	49052	35821	34617	44875	45620	41782	33583	35454	34743	35972	35037	42118
Aeromicrobium	44931	50792	45900	37625	47036	46762	40909	48368	45476	38064	48770	37696	33014	38848	50549	32777	30445	49247	43333	40328	31427	37798	34435	36882	32439	40883
Agrobacterium	44538	50792	42829	37794	48391	45374	41938	46317	46938	39065	50063	37625	35286	40146	48778	34257	32022	46907	42815	39091	31234	35577	35039	35157	33181	41135
Thioalkalivibrio	46172	45805	42207	30785	40604	37812	42739	47740	49965	38720	53274	37817	35810	42193	48494	34187	32343	46009	45912	40152	31972	34368	33484	35958	33327	41150
Actinomyces	42448	49032	43322	36176	45064	44263	39254	45709	44622	36575	46600	36238	31681	37954	48703	31291	29357	47499	41642	38530	30932	35946	33263	35997	31915	39372
Shinella	42973	51147	41094	36031	47209	44644	38625	46147	46595	37582	47791	34966	32832	38383	48359	31574	29699	45448	42048	37116	30543	33831	32534	34592	32124	39070
Devosia	42779	49669	40576	35524	44538	42814	39629	46764	45928	37627	48035	35494	34006	37942	45343	31179	30251	44247	40687	37581	30200	35508	32726	34061	31903	38946
Sphingopyxis	42458	47930	39258	36011	41692	40394	40493	45307	44602	36324	48433	35198	33909	37713	45425	31380	29987	43626	40638	37719	30358	35160	33178	34104	31794	39589
Aquihabitans	42861	47265	42338	35198	44762	45366	38445	44963	41664	35256	45893	35451	30899	36364	47849	30649	28332	46139	40524	38229	28440	35021	32067	33713	29658	38692
Methylomonas	40587	41350	43044	29777	37543	35590	41970	41160	46088	35389	50059	35440	35336	39178	46213	31747	32631	39198	41231	37683	30392	31761	31390	32387	31825	40518
Anaeromyxobacter	40413	48168	37455	33638	39989	39345	38283	42490	42637	34583	45299	33728	30487	36453	46342	31255	27864	42093	40143	35960	28803	33096	31317	33211	30172	36553
Acinetobacter	39641	45667	40760	29425	35572	34952	41680	39178	42074	34502	46640	35748	33187	38637	43358	34598	33566	40274	40411	37225	29882	29442	31482	32278	31012	37691
Bosea	40185	46889	37751	34689	43190	42048	37466	42941	43132	34640	44812	33304	31193	35585	44595	29985	28145	42139	39127	35049	28421	33278	31081	32908	29931	36343
Caulobacter	39843	44356	37650	32031	39352	38444	38693	41565	41758	34339	47571	33256	30728	35195	42902	29102	27227	40675	38306	34898	28377	32606	30702	32963	29547	36283
Thiohalobacter	40832	36604	37292	25377	32490	30333	41417	42699	45448	34807	48493	34579	33288	38443	41459	31273	31278	39984	41540	37570	29076	30537	30732	31582	30643	37334
Kitasatospora	39036	44941	38387	32477	40251	40348	34938	42416	39990	33285	42396	32473	28905	33855	43905	28272	26556	42726	38253	34616	28007	33268	30738	32813	28987	34933
Polaribacter	32406	35465	41463	27021	29123	25781	48842	34890	38584	32821	45620	39528	35144	43096	39001	33842	36487	36921	40231	41666	33647	26315	29312	27181	30707	41550
Ralstonia	36899	49752	37799	29658	37309	34895	34227	42107	44567	34604	45318	29982	31156	37646	40538	27306	28450	37878	37146	32040	29380	28952	30830	29940	33390	33085
Brachybacterium	38520	43458	38382	32208	40482	39985	35098	41244	39548	33153	41476	32520	28244	33394	43061	28002	25863	42183	37556	34504	27356	32453	29782	31731	28062	34991
Novosphingobium	37960	43634	36409	32053	38282	37288	36195	41028	40882	32363	43139	32227	29926	34206	41574	28876	27263	38989	37013	34088	26896	31241	29593	31000	28353	35051
Sorangium	36499	45173	35947	31861	37903	37423	35097	39116	39349	31929	41690	30973	28578	33783	44132	28323	25960	38190	36761	33912	27102	30768	28952	31279	28596	34405
Pseudoxanthomonas	36951	40895	35675	29385	36536	35253	35099	39923	40734	32697	42191	31015	28703	34090	41454	27840	26455	38841	36950	31946	26927	29123	28443	31013	28584	33703
Mycolicibacter	34549	45186	40405	35892	41372	43857	32779	37859	36178	30610	37790	29925	25163	31098	41134	26220	23794	39356	33863	32435	24683	30608	27394	28905	25992	32834
Roseovarius	37674	40615	33520	32166	38244	36897	35885	39093	39423	31656	42440	31414	28529	31291	38026	26778	25299	36258	32455	32069	24641	28643	26420	28564	26911	34568
Aminobacter	37429	43166	34084	30583	40136	39540	32462	37765	38111	31488	40564	29204	27754	30543	40464	27546	25162	38609	33793	31160	24293	28988	26456	27792	25584	33338
Sphaerotilus	37295	40102	34097	28298	38823	35128	31266	39668	41627	30780	40339	29587	27737	33520	36542	25208	24616	37742	37358	30427	25882	26950	26544	29064	26829	31395
Serratia	35040	39722	34624	27151	35072	34163	33721	37247	39952	31119	40138	29358	28462	33134	39201	27734	26185	36095	35388	31477	25827	27868	27282	29125	27078	32431
Deinococcus	34821	40490	34225	29056	35945	34918	33001	37683	37135	30512	38599	29356	27295	31431	39816	27017	25034	37174	34202	30982	25923	29370	28259	29504	26782	32203
Luteitalea	35217	41563	33340	28011	34733	33765	33165	38357	38250	30203	39806	29308	26916	31944	41362	26717	24582	37039	34892	30431	25336	28908	27443	29285	26635	31799
Dactylosporangium	34798	40113	34803	29774	36398	36112	32477	37417	36201	29650	37653	29291	25982	30373	39384	25701	23588	38180	33919	31225	24991	29883	27201	29460	25697	31972
Nonomuraea	34803	39302	34742	29362	35675	35985	31478	36882	35324	29507	37289	28591	25401	30354	38800	25190	23640	37629	33089	30321	24971	29206	26956	28635	25285	31636
Bifidobacterium	34190	40064	33503	27836	35685	35033	33263	36080	35897	29465	39095	28276	25578	30468	39222	25366	24055	36726	33301	30274	24855	28501	26487	28462	25295	31282
Thiobacillus	36348	30111	30080	19957	27226	25052	33834	38762	40074	31538	40847	29678	27677	34280	38815	27967	27052	36337	36841	31218	25488	27212	26876	27936	26991	32878
Pandoraea	34158	38617	31820	27470	33976	32266	31885	36311	37391	28982	38596	27980	26392	31424	37330	25634	24331	35211	33550	29647	24205	26561	26172	27514	25567	30918
Tessaracoccus	33734	38474	34262	27217	35188	34996	30203	36362	34211	28527	36052	27477	24464	29211	37554	24339	22600	37192	32311	29180	23809	27893	25072	26932	24388	30705
Hymenobacter	32406	37943	32847	26970	33092	31998	32021	34183	34864	28386	37206	27724	26419	30308	37251	27220	24239	33867	32221	29438	24890	26862	26178	27518	25291	29826
Rhizobacter	34152	36381	31778	26590	35950	31662	30942	37338	38998	28978	37955	28011	26440	31193	31688	24026	23465	34552	33944	28812	23671	26783	24509	27095	25043	29541
Roseomonas	33666	38461	31241	27733	34599	32610	31258	35851	36027	28516	37949	27849	25012	29475	36108	23856	22806	33750	32390	29656	23350	27079	25186	27101	24764	29723
Capillimicrobium	32661	40844	32862	30191	37810	38695	28918	35808	32752	27615	35642	26670	23595	28023	38191	23543	20508	37049	31497	28063	21919	27624	25188	26666	22789	29527
Kutzneria	33054	38284	32925	27614	34047	34261	30189	35642	33517	28009	35990	27416	24302	29076	36788	24770	22302	35644	31796	30012	23710	27626	25314	27324	23909	29892
Saccharopolyspora	32611	37099	32265	26997	33977	33416	29571	34906	32741	27941	35035	26996	24018	28312	36324	23754	22283	34810	31511	29326	22563	27159	24810	27037	23657	29354
Rhodopseudomonas	30111	35296	32866	29539	31729	30985	31830	32605	36252	26206	33922	29410	23449	26987	33697	22518	21066	36222	33720	26428	20883	28596	23136	24471	26180	27831
Ornithinimicrobium	31166	35908	33886	25765	33084	32219	28710	33866	32960	26922	34136	26510	23055	27596	34988	22578	21924	35860	31005	28999	22122	26042	23900	26198	22969	28695
Methylobacter	29004	32167	36292	22457	30058	28243	30228	29735	36896	28651	36964	27206	28720	30496	36459	22854	23723	28441	32550	26237	24959	22675	23898	24862	24659	32317
Azoarcus	31248	34256	28839	24625	29806	28458	29199	32684	34225	26940	35298	25788	23968	28356	33799	23442	21862	31394	31105	27408	22010	24580	23438	24867	22840	28436
Caldimonas	30859	33977	29024	24958	32240	29178	28132	33371	35203	26305	34672	25538	24306	28477	29846	22123	21791	32024	31815	26681	21616	24524	22837	24521	22873	27342
Citrobacter	30157	33138	29730	22487	30764	28093	28579	31258	32787	25427	35100	24557	24085	29609	33172	25170	21963	30390	29997	26667	22084	22915	23283	26596	23909	26640
Brucella	29494	33605	25658	24520	30864	29405	25939	49131	30166	23740	32408	23400	22412	25248	47036	21604	19796	29171	26804	23692	19040	23183	28471	22809	20286	26135
Geobacter	29714	34538	28469	23344	29023	27904	29353	31376	32581	25968	34419	25060	23422	28015	34551	23264	21903	30652	29520	26663	21386	23473	23220	24425	22647	27971
Gimesia	28629	35960	30036	25034	34821	33416	27487	30309	32008	25597	32364	24353	23901	26633	32336	22371	21395	31041	28858	25728	21535	22622	23107	23328	21995	26766
Methyloceanibacter	29380	36550	28474	25336	31512	32899	24807	31474	30035	25028	30082	23312	20801	25360	34519	21346	19047	33636	27720	24345	19426	24866	22454	23146	20036	26164
Stieleria	26928	33556	27404	23182	33088	31682	25411	29096	30113	24340	30098	22959	22573	25113	30391	20985	19880	29679	27530	24114	20036	21170	21912	22063	20712	25332
Cyanobium	26724	37651	33039	27782	32071	33075	24887	28467	28814	23751	30178	22318	18967	22790	29758	18343	18480	29539	26409	23047	19360	21971	20953	23602	19951	24224
Kocuria	27139	31725	28969	23018	29087	27779	25008	30006	28552	23630	29474	23162	20250	24314	31032	19724	18696	30242	27075	24745	19796	23195	20669	23751	20279	25758
Pseudodesulfovibrio	27113	31222	26881	21193	27664	25984	26338	28763	30072	23886	31087	23076	21892	25125	31680	21344	19915	28808	27074	23952	20095	21471	21799	22909	20901	25063
Janibacter	27473	31820	28537	23139	28941	28895	25145	29602	28090	23518	29739	23019	20079	24028	30939	20059	18602	30582	26767	24453	19428	23027	21163	22809	20022	24785
Leucobacter	27715	31538	27499	23069	29246	28896	25093	29462	28346	23204	29517	23073	19925	23950	31336	20199	18987	30206	26711	24564	19235	22865	20785	22730	20095	24926
Bythopirellula	26143	32926	28034	23645	32955	32730	24401	27254	27686	23389	28518	22699	21447	23684	28800	20499	18798	29379	25719	23133	18904	20177	21218	20583	19302	23898
Luteimonas	26388	29218	25527	21207	26277	25041	25750	28861	29006	23367	30655	22654	20715	24398	29795	20264	19221	27890	26283	23285	19674	21740	20889	22106	20248	24405
Allochromatium	27293	26912	24252	18101	24290	22480	25885	29626	31279	23712	31574	22524	21839	24740	29142	19946	19241	27358	28038	23926	19304	20992	21278	22225	20287	24962
Pseudoduganella	25791	29090	24644	21193	25708	24608	24323	27757	28354	22562	29697	21921	20535	23664	28599	19553	18507	26867	26037	23192	18726	20975	20012	21341	19593	23775
Rubrivivax	26697	28734	25112	20245	28405	24973	23921	29013	30735	22521	28816	21614	20879	24393	24015	18219	18054	27242	26883	22232	18266	21013	19006	20612	19412	23165
Leisingera	26508	28562	23599	22937	26890	26133	25773	27522	27623	22456	29514	22416	20570	22604	26735	19439	18190	25464	23387	22933	18296	20520	19408	20305	19433	24684
Dietzia	25560	29585	25781	21229	27255	26823	23496	27538	26635	21976	27811	21592	18641	22754	29449	18643	17175	27724	25052	22363	17881	21517	19569	21280	17937	23648
Clostridium	22972	26769	25962	19651	23378	22629	25724	25452	25111	21635	26725	21960	21554	24575	27623	21770	22333	26517	25061	22983	20290	19104	21464	20646	20449	23668
Erythrobacter	25341	28436	24096	21573	25116	25045	25013	27327	27223	22061	29127	21296	20092	22642	27956	19339	17874	26451	24468	22248	18424	20842	19368	20460	19306	23773
Agrococcus	24898	28491	25396	20920	26490	26266	22856	27243	25462	21852	27356	21309	19041	21760	28150	18719	16986	27649	24250	22413	17552	20980	18996	20511	18169	22954
Luteolibacter	23817	29877	25915	23397	31310	30524	23106	27389	26950	20903	27095	19959	19551	21142	27298	18501	16766	25508	22930	20466	17475	19084	18265	18933	18012	22185
Desulfuromonas	25122	28169	25737	18903	22777	21377	25192	25333	27511	21616	29440	21139	20008	23814	28723	19840	18969	25280	25284	22266	18228	19409	19833	20034	18835	23292
Janthinobacterium	25268	27415	23879	20107	24258	23141	25422	26312	26645	21446	28943	21596	20066	23141	26738	19473	18758	25380	25047	22758	18304	19616	19349	20031	19290	23618
Skermanella	25006	29440	23737	20351	25897	24538	22868	26884	27443	21521	27905	20596	18889	21947	27870	18318	17294	26098	24499	21977	17726	20047	18757	19816	18619	22546
Pantoea	24606	26901	24124	18977	23822	22125	24552	25777	27286	21049	28381	20819	20163	23212	27184	19558	18257	25349	24398	22969	18462	19628	18987	19556	18715	23010
Chryseobacterium	22383	24626	25477	17307	20621	19711	27046	22359	24026	21048	27420	22905	21193	24765	26875	21135	21631	24110	24760	24396	19259	17922	19460	19039	19199	23965
Ramlibacter	25093	27354	23147	20164	25535	23067	22838	26768	28046	21103	27970	20340	19383	22897	24705	17840	17383	25404	24864	21421	17276	19780	18401	19819	18164	22100
Nocardiopsis	24488	28225	24446	20145	25479	25025	22035	26657	25398	21160	26380	20853	17943	21588	27414	18226	16763	26228	23038	21624	17577	20560	19178	19989	17920	22183
Paraconexibacter	24306	30199	24278	22178	28020	28807	20640	26183	24292	20238	25844	19540	17080	20490	27837	17549	15089	27167	22962	20683	16226	20574	18837	19850	17127	21689
Halopseudomonas	24344	25743	24194	17625	22444	20788	25054	25415	26627	20632	28872	21253	19489	23178	25531	18458	18924	23874	24566	23119	17649	18731	18482	19051	18500	22514
Methylococcus	24410	25025	23112	17281	22270	21042	23794	25924	27063	21172	28730	20675	19403	22574	26391	18395	17745	24843	24491	21849	17799	19092	18601	19652	18445	22467
Aureimonas	23922	28901	22996	19966	25850	24343	22018	25275	25613	20789	26577	20224	18902	21091	27101	18040	16533	25244	23527	21019	16644	19655	17915	19532	17528	21726
Winogradskyella	21301	24089	24697	18009	19405	17303	27865	22005	24031	19764	26817	23290	22016	25619	24548	20703	21313	22691	24465	24483	19762	16318	18522	16311	18230	23116
Caballeronia	24083	27751	22085	19855	23869	22816	22757	24935	26326	20378	27251	19782	18174	22748	25582	18089	16580	25100	23966	20783	16770	19610	18338	19162	17582	21383
Thioflavicoccus	24502	23708	21603	15814	21372	19659	22390	26256	28049	21203	28101	19932	19245	22281	25688	17767	17054	24519	25093	20986	17140	18718	18468	19760	18282	22263
Rathayibacter	23412	26852	22986	19804	24201	24071	21137	24548	23727	19918	25272	19393	17340	20196	26238	16951	15592	25307	22330	20736	16768	19384	17734	19498	17008	21436
Rhodobacter	23831	25557	20764	20168	23941	22993	22379	24482	24660	19863	27093	20121	17676	20048	24364	16408	15761	23028	21514	20333	15698	17692	16806	18443	17158	21474
Alicycliphilus	23311	26117	21408	18246	24009	21300	20031	25229	26622	19861	25460	18796	17494	20834	22819	17065	15772	24744	24471	19944	16408	17085	16873	18418	16439	19902
Microlunatus	22530	25346	23149	18778	24112	23396	20853	23943	23511	19459	24399	18770	16688	20029	25677	16567	15442	24869	21591	20228	16106	18848	17590	18477	16512	20387
Aquincola	23220	25162	21488	17988	24836	21747	20274	24984	26721	19375	25488	18619	17916	20751	21149	15708	15719	23595	23148	19133	15638	17258	16345	18154	16865	19705
Chromobacterium	22133	23784	21388	17155	21727	20837	21448	23494	24326	19549	25847	18751	17574	20518	23883	17378	16863	22849	22436	20220	16293	18273	17144	18203	17128	20560
Stappia	22749	27770	20611	19566	24901	23654	20268	23098	24250	19331	25021	18357	17123	19572	24918	16196	15463	23354	21602	19039	15225	17341	16094	17610	15961	20611
Dyella	22159	23606	21387	17211	21098	20418	22191	23958	24354	19464	26114	18974	17733	20751	24617	17117	16472	22715	22326	19799	16458	17989	16900	18031	17049	20555
Geomonas	21930	25876	20724	17733	22109	20540	21538	23188	23910	18955	25424	18816	17210	20318	25379	17267	15725	23110	21868	19673	16132	17854	17434	18351	16566	20241
Marichromatium	22461	22370	20205	15249	20437	18565	21330	24425	26213	19631	26377	18720	17748	20834	24080	16365	15994	23060	23509	19587	16214	17973	17319	18762	16907	21150
Herbaspirillum	22246	24148	21000	17699	21883	20831	21020	24002	24001	19237	25369	18545	17130	20089	23752	16614	16322	22906	22102	19829	15948	18089	17127	18146	16717	20370
Pseudoalteromonas	16206	17075	18183	12770	14637	14022	34788	26169	27425	23461	30960	18507	22936	18631	17778	14977	16318	17784	18658	20496	15195	20097	13232	20986	17220	18499
Bibersteinia	17989	27335	17852	15494	21214	19930	20982	23141	22794	18137	20265	15253	15310	21130	25408	17658	14941	20002	21368	15363	14629	13496	17280	17124	16353	20437
Methylorubrum	20396	24160	20253	17045	21823	20842	19180	21966	21708	18320	22920	17393	15775	18903	22930	15442	14242	21426	19567	17839	15148	16651	15733	17274	15315	18586
Saccharothrix	20479	23541	20517	17365	21197	21230	18788	22406	21274	17661	22694	16884	15121	17736	23253	15105	13799	22318	19988	18221	14429	17381	16137	17381	15042	18795
Frankia	20290	23707	20573	17364	21458	21211	18352	21855	21159	17457	22535	17123	15071	17842	22815	15052	13836	22419	19932	18312	14761	17286	15723	17234	15003	18582
Rhodanobacter	20433	22051	19766	15571	19946	19090	20026	22027	22632	17741	23704	17340	16147	19345	22391	15449	15136	21195	20390	17826	14914	16538	15765	16926	15502	18957
Methylibium	21496	22225	19873	16313	22513	19495	18944	22768	24098	18268	23031	17314	16418	18960	19364	15077	14179	21490	21355	17401	14274	15951	15049	16871	15291	18113
Myxococcus	16980	20403	21506	14557	22765	17382	21313	23620	25741	14972	27318	14260	13718	15702	27238	13247	12462	23248	17110	15754	18364	14633	13968	19221	17447	20646
Propioniciclava	20047	23470	20970	17042	21616	20461	18433	22171	21382	17693	22259	16970	14995	17427	23268	14690	13493	23062	20008	18413	14189	16443	15488	16553	14267	18597
Paracidovorax	20784	22877	19877	16247	21122	19183	19528	21247	21921	17138	23158	16641	16146	18893	21814	14798	14063	21169	21014	17709	14289	15973	14864	16940	15474	18505
Rosistilla	19190	24351	20029	16673	23638	22694	18069	20695	21393	17206	21710	16370	15902	17916	21842	14975	13915	21216	19395	17202	14445	15149	15723	15628	14809	18094
Sphingorhabdus	22396	17010	17212	21326	13822	14348	24105	19994	18543	14946	23704	19276	18995	18753	16664	16193	19327	21059	19829	26663	15015	16278	16271	11981	13578	19606
Georgenia	19697	22625	20627	16301	21248	20744	18051	21861	20460	16955	21265	16592	14255	17513	22531	14397	13591	22271	19255	17587	13917	16498	15116	16357	14486	18286
Usitatibacter	19154	24022	18185	16421	18211	17739	18095	21177	22759	17290	22341	15842	15146	18471	23454	15016	14259	20354	20765	16783	13995	16411	15594	16332	14690	18000
Halioglobus	20022	21100	20605	14621	18897	16906	20542	20465	21909	16766	23562	17844	16371	19287	20545	15566	15247	18574	19316	19014	14691	14997	14584	15181	15215	18288
Phaeobacter	20685	22657	18016	17777	20305	19867	20254	20771	21313	17437	23778	17462	15695	16875	21401	14534	13747	20118	16982	17284	13698	14982	14450	15082	14698	19106
Lignipirellula	19065	24240	19287	17196	23839	22007	17727	20452	21309	16586	21736	16026	15564	17253	21251	14603	13679	20386	18838	16493	14116	14861	15100	15060	14496	17610
Microvirga	19346	22889	18656	16171	20748	20078	18201	20711	21159	17073	21476	16164	15041	17263	21506	14515	13694	20460	18839	17196	13965	15681	15025	15760	14681	17665
Desulfovibrio	19409	22051	19049	14977	19852	18408	18711	20676	21540	17805	21975	15620	15074	17921	22690	15309	14081	19920	18967	16426	14346	15198	14955	15599	14456	17992
Ruegeria	20119	21285	17888	17442	20095	19434	19311	21059	20763	16943	22899	17158	15623	17176	20414	14621	13909	19188	17865	17667	13308	15477	14527	15519	14675	18376
Pseudarthrobacter	19437	22319	19624	16236	20161	20060	17696	20942	19955	16153	21583	16111	14236	16872	21835	14274	13379	21207	18914	17574	13912	16266	15034	16112	14697	17696
Lacipirellula	18952	24010	19220	16536	22744	22506	17310	20100	20515	16538	20862	15589	14841	17092	21606	14239	13389	21063	18618	16444	13638	15160	14867	15236	13933	17072
Salipiger	20090	21730	18159	16351	20490	19418	18457	21094	20874	16542	22540	16630	15240	16958	21010	14229	13692	19802	17561	17215	13410	15407	14670	15497	14304	17914
Saccharomonospora	19359	21864	19535	16070	20078	20371	17650	20473	19728	16641	20942	16210	14208	16992	21976	14158	13257	21001	18530	16920	13532	15989	15300	15701	13749	17689
Rubrobacter	18909	22287	18731	16200	20123	20221	17436	20464	19872	16399	21084	15796	14115	16886	22020	14329	12755	20944	18582	16798	13755	15881	14643	15873	14068	17422
Aquabacterium	19902	21241	18707	15106	20728	18274	17709	21176	21741	16434	21678	15914	15532	18235	18342	13736	13435	20068	19343	16851	13414	15510	14419	15325	14244	17294
Planctomyces	18784	23200	18331	16333	20886	20332	17696	19877	20291	16432	21067	15494	14674	16450	21399	14425	13167	20308	18634	16499	13530	15105	15082	15512	13719	16988
Clavibacter	18899	22564	18658	15891	20288	19120	17440	20029	19554	16349	20131	15929	13949	17065	21241	13703	12681	21443	18370	17669	13357	15998	15446	15366	13890	17599
Cellulosimicrobium	18723	21626	18776	15880	19958	19820	17428	20526	19730	16248	20530	15717	13900	16434	21209	13877	12849	20907	18474	16740	13662	16146	14681	15807	13890	17187
Martelella	19152	22440	18196	15901	20107	19382	17581	19874	19806	16270	20985	15639	14599	16273	20639	14209	13498	19834	18392	16554	13259	15269	14539	15244	13829	17300
Thiocystis	19937	19030	17357	12667	17155	15994	18268	20711	22316	16912	22705	16061	15712	17590	20538	14099	13519	19836	20192	16952	13626	14825	14774	15603	14535	17821
Leifsonia	23103	20537	16701	16930	20166	20199	17990	24515	21026	14276	19564	13678	12395	14543	24068	12984	13547	19793	18338	15437	11674	15478	14386	14374	15523	16825
Luteibacter	18556	20795	18071	14393	17841	17326	18104	20123	20528	16369	21577	15911	14696	17211	20902	14276	13628	19363	18493	16675	13847	14950	14492	15357	14393	17204
Micrococcus	18174	21791	19056	15398	20474	18417	17382	19928	18803	15876	20358	14668	13295	16011	21734	12602	12601	19820	17851	17743	13077	15850	13999	13847	12911	17402
Paucibacter	18463	20315	17506	14780	19499	17647	17655	20152	21245	16112	21241	15690	14568	17226	18340	13360	13143	19432	18987	16167	12952	14876	13937	14738	14054	16416
Acidihalobacter	18758	18374	17854	12648	16426	15413	18662	19350	20669	16058	22200	15961	14930	17724	19883	14598	14335	18608	18779	17231	13772	14684	14283	14690	14368	17434
Mycobacteroides	17979	21432	19019	16697	20286	20350	16434	18922	17785	15090	18614	15026	13111	15720	20774	13237	13326	20701	17024	16242	12703	15621	15643	16039	12801	16125
Ancylobacter	18165	21566	17312	15541	19529	18739	16348	19249	19253	15861	20163	14898	13970	16027	20253	13444	12677	19125	17850	15443	12732	15002	13746	14756	13431	16501
Candidatus_Promineifilum	17561	20941	18160	13812	19430	18647	16061	19500	19296	15953	19341	14919	14150	16206	21099	13512	12374	20177	17491	15668	13324	14593	14524	14651	13463	16036
Pirellulimonas	16382	23763	19161	16688	21897	21800	15363	18353	18085	15160	18738	14411	13220	15262	20066	12751	12295	20166	17991	15154	12402	13836	14482	14599	12518	15129
Hyphomicrobium	18026	21937	17090	15408	19684	19212	16422	19219	18989	15402	19566	14844	13447	15636	20640	13527	12450	19673	17638	15439	12187	14553	13890	14421	12924	16152
Methylocystis	17869	21384	16766	15244	18985	18824	16619	19224	19017	15316	20119	14590	13630	15924	20227	13546	12488	18733	17364	15364	12538	14613	13759	14601	13217	16081
Sandaracinus	17288	21238	16804	15160	18067	18002	16966	18746	18687	15344	20115	14550	13447	16254	20434	13550	12806	18372	17673	15628	12467	14661	13576	14799	13081	15938
Azospira	17803	20026	16943	13937	17538	16478	16232	18441	19722	15621	20335	14775	13706	16596	20220	13620	12884	18185	18062	15964	12991	13651	13940	14590	13413	16360
Sulfurivermis	18345	17672	16877	11653	16082	14851	16303	18431	20182	15291	21199	14653	14143	17626	20200	13844	13355	18559	18485	16280	12857	12530	13883	14488	13584	16602
Jiangella	17435	19956	17874	14706	18371	17965	15946	18991	18251	15229	19280	14528	12819	15198	19825	12620	11770	19469	16929	15489	12729	14705	13406	14491	12753	15940
Polaromonas	18345	18586	15699	14085	16552	15542	18402	18591	19445	15770	21133	15172	14011	16015	17113	12957	13337	16884	17631	16373	11693	13398	13233	13466	13362	16849
Kribbella	17392	19574	17580	14520	18004	17920	15877	18231	17828	14868	18812	14419	12709	15091	19655	12886	12021	19271	16689	15845	12616	14625	13421	14373	12738	15761
Aromatoleum	17364	20123	16029	13838	17322	16067	16191	18399	19255	14717	19846	14463	13717	15885	18812	12964	12526	17623	17279	15341	12495	13591	13061	13889	13055	15568
Glutamicibacter	17544	20212	17174	14445	18127	18029	15798	17946	17825	14826	18933	14383	12733	14705	19488	12650	11603	18582	16700	14767	12247	14110	13328	13767	12877	16015
Geothrix	16686	19631	16482	13394	16318	15828	16014	18057	18423	14566	19098	14257	13037	15506	19557	13010	11948	17592	16887	15063	12520	13702	13102	14156	12780	15471
Desulfococcus	16292	19159	15816	12506	17521	16061	16145	17699	18960	15211	19375	13869	13634	15427	19634	13229	12329	17298	16457	14508	12036	12420	13284	13582	12950	15964
Microcella	16577	19357	16976	14420	17715	17757	15403	17985	17259	14509	18498	13863	12572	14584	18797	12519	11664	18152	16419	14930	11768	14284	12960	13776	11932	15342
Roseibium	17083	19905	15961	14047	18428	15715	16109	17831	18290	14641	19029	14028	13265	14721	18534	12526	12021	17262	16357	14649	11899	13204	12586	12988	12704	15065
Maribacter	16211	16600	16899	11835	14664	14213	19159	15676	16299	14296	18846	16291	14389	17342	18791	14718	14365	16620	16084	16063	12837	11926	13126	12132	12752	16632
Cryobacterium	16561	18807	16755	14069	17247	17261	15443	17754	17098	14381	18234	13982	12102	14525	18602	12235	11383	18714	16086	14774	12170	14047	12956	13622	12129	15402
Ensifer	16664	19229	15617	13841	17395	17014	15665	17356	17590	14260	18740	13874	12854	14917	18507	12321	11647	17050	16105	14567	11845	13253	12795	13357	12478	15153
Qipengyuania	16461	18804	16069	13741	16806	16321	15710	17515	17536	14378	18591	13869	13065	14899	18013	12458	11872	17472	16262	14755	11861	13531	12790	13531	12276	15307
Neisseria	15968	17998	16123	12813	15990	15156	16505	16476	18068	14178	18815	14178	13636	15376	18056	13156	12577	16628	16431	14710	12797	12937	12582	14203	12816	15447
Tsukamurella	16470	18696	16606	14281	17166	16995	15158	17407	16807	14023	17630	13708	12225	14331	18480	12073	11100	17634	15996	14559	11762	13869	12867	13726	12133	14861
Pannonibacter	16703	19942	15600	14178	17401	17091	15002	17071	18093	14266	18511	13713	12671	14961	18291	11910	11273	17095	16557	14310	11080	12925	12032	13041	11749	14569
Acidipropionibacterium	16228	18674	16817	13124	16746	16732	14838	17895	17116	13745	17963	13410	12109	14338	18210	11876	10906	17829	16012	14507	11540	13403	12450	13641	11764	15036
Ignavibacterium	15406	15797	16828	9054	9759	8830	17980	14749	16926	13929	19144	14660	14549	18125	18827	15469	15417	15761	17778	15261	12560	11751	13541	12796	13464	15159
Nakamurella	16150	18228	16897	13326	16966	16586	14756	17238	16266	13610	16973	13427	11885	13874	17928	11810	10756	17678	15685	14359	11603	13510	12329	13476	11622	14679
Celeribacter	16913	17687	14392	14451	17148	16501	16261	17028	16799	13901	18963	13579	12785	13701	16852	11841	11570	15954	13906	13998	11096	12552	11603	12871	12158	15409
Serinicoccus	16047	18265	16488	13335	16450	16560	14391	17504	16015	13732	17203	13406	11612	13672	17984	11574	10619	17457	15179	14271	11262	13614	12257	13079	11439	14561
Spiribacter	15972	16435	15090	11476	14963	14069	15824	17175	17460	13798	18445	13345	12609	14952	17450	12160	11721	16095	15817	14355	11339	12610	11994	12950	11924	14583
Ideonella	16488	17528	15362	12625	16873	15433	14228	17402	18140	13526	17710	13137	12556	14933	15467	11448	10892	16837	16515	13474	11219	12406	11728	12377	11705	14123
Dechloromonas	15907	16971	14883	12101	14976	14084	15430	16335	17286	13621	17965	13460	12225	14814	16980	12371	12114	16052	15965	14349	11451	12297	12132	12909	11796	14480
Thiomonas	16579	17221	17051	12026	15559	13121	15294	18105	16750	12032	19417	12804	12049	14583	15172	10729	10090	16256	14211	13850	11098	12139	12703	14014	12675	14054
Roseimaritima	14837	18906	15069	12934	18282	17392	14058	15923	16509	13425	16833	12481	12557	13596	16938	11715	10985	15997	15198	13176	11314	11802	12299	11953	11467	13885
Tenacibaculum	13595	14659	16646	10546	11830	10757	18949	13987	15118	13282	17609	15486	13939	16678	16261	13766	14525	14782	15741	16435	12780	10721	12052	11187	12029	15904
Brevibacillus	15088	18333	14504	11700	16123	15349	14798	16168	16593	13170	17777	12569	11975	14075	17809	12286	11299	16479	14955	13718	11574	12331	12387	12263	11689	14232
Streptosporangium	15554	17854	15749	13188	16038	15936	14111	16570	15942	13289	16456	12878	11316	13261	17395	11335	10396	16870	15326	13858	11147	13177	12005	12940	11447	14103
Bacteroides	14787	16630	16357	11236	13980	13596	15604	14413	15446	12818	16837	13204	12703	15349	17691	12187	12900	15533	15548	13747	11377	11783	12510	12221	12000	14239
Acidithiobacillus	15454	15774	14897	11112	14414	13427	15069	15885	16985	13238	18293	13266	12799	14562	16673	12255	11702	15297	15430	13967	11263	11857	11976	12300	11893	14403
Anatilimnocola	14635	19125	14575	13406	18955	17819	13832	15629	16071	12999	16668	12321	11950	13265	16340	11290	10129	15882	14954	13060	10731	11442	11715	11772	11277	13561
Archangium	15098	18192	14420	12817	15137	15022	14286	16129	15794	13284	16722	13051	11945	13866	16894	11770	10923	15612	15256	13732	11007	12885	11929	12485	11250	13698
Bremerella	14502	18568	14836	12896	17992	16905	13770	15600	16378	13236	16543	12460	12044	13453	16805	11491	10862	15963	14872	12720	10856	11657	12200	11990	10815	13516
Thermomonas	15021	16444	14823	12309	14797	14658	14935	15901	16554	13233	17468	12894	12052	14278	16970	11262	11075	16109	15152	13237	10873	12230	11657	12565	11466	13754
Jatrophihabitans	15357	17192	15821	12660	16011	15875	13755	16201	15484	13092	16657	12891	11200	13433	17055	10854	10493	16852	14650	13769	10541	12638	11429	12472	11112	13714
Magnetospirillum	14861	17207	14291	12308	15417	14940	14218	15983	16517	12772	16941	12351	11922	13514	16762	11208	10370	15562	14671	13067	10771	11965	11444	12276	11319	13524
Sulfurovum	15428	7394	16539	5421	8169	7336	13697	15571	15631	14783	15740	12676	12370	20028	21081	12952	15186	16751	17337	13062	11561	12321	13758	12269	11698	15299
Kineobactrum	14939	15755	15199	10827	14010	12512	15690	15334	16282	12643	18099	13463	12170	14358	15437	11656	11218	14112	14892	14480	11037	11323	10790	11482	11368	13766
Pseudosulfitobacter	16112	15844	13647	13826	15425	14775	15605	16094	15754	13457	17895	13466	12113	12590	14425	10816	10540	14331	11781	13355	10070	11728	10763	11525	11315	14697
Phenylobacterium	15002	16711	14365	12107	14666	14216	14174	15736	15929	12636	17097	12499	11550	13190	16294	10694	10438	15576	14526	13129	10598	12152	11514	12039	11033	13338
Kinneretia	14916	16668	14250	11944	15615	14097	13174	15839	16679	12993	16814	12131	11657	13512	15287	10659	10413	15337	14983	12726	10476	11287	11311	12044	10639	13021
Piscinibacter	14892	15705	13792	11809	15686	13956	13448	16181	16633	12415	16172	12272	11514	13442	14097	10588	10442	14995	15018	12369	10209	11741	10879	11954	10941	12840
Lutibacter	12623	13486	16729	8402	9910	8217	18156	11981	14724	11720	16749	14653	12955	17314	15171	13608	13332	13802	14892	14441	12278	9810	11013	10327	11350	15962
Cereibacter	14530	16049	13265	12411	15148	14497	14117	15358	15419	12456	16484	12362	11159	12634	15218	10228	10051	14456	13929	12951	10016	11488	10645	11592	10659	13548
Staphylococcus	11839	13080	13414	9623	11513	15363	12117	13759	14017	12415	13985	10694	16219	13043	17656	10282	12356	15594	15795	16723	11392	10266	12091	11454	9714	16210
Alistipes	14320	16584	13988	11518	13888	14008	13584	14702	14862	12171	15591	11776	11000	13267	16725	10697	10481	14921	14135	12851	10357	11402	11515	11707	10708	13060
Legionella	14092	16422	14752	11511	14375	14360	14085	13628	14602	12102	15425	11983	11781	13402	15110	11614	11386	13981	13473	12955	10707	10714	11133	10640	10805	13174
Nitrosomonas	13748	15023	15423	10641	13717	12055	13583	14013	15554	12563	16582	11896	11600	13879	15095	10670	11066	14359	14383	12787	10072	10263	11057	11380	10524	13716
Polynucleobacter	15101	15323	14280	11454	13366	12402	14645	13460	14929	12089	16501	12235	12008	13342	14352	11086	11304	13563	14008	13183	10211	10781	10841	11038	10852	13028
Phreatobacter	14009	16414	13134	11745	15101	14527	13048	15079	15262	12194	15716	11561	10629	12447	15723	10270	9690	14765	13919	12259	9983	11546	11097	11403	10373	12599
Streptococcus	13110	13561	13410	11832	12854	12493	14680	15408	13033	12060	14744	10997	12360	14012	15187	11327	10175	14534	15109	12410	11365	11207	13939	10751	11004	11644
Leptothrix	14523	15328	13130	11045	14606	13227	13110	15439	15981	11787	15711	11736	11199	13216	13087	9862	10073	14117	14453	12083	9840	11106	10456	11010	10238	12208
Solwaraspora	13663	15606	13970	11452	14528	14088	12541	14851	14096	11736	14986	11498	10401	12293	15487	10274	9464	14898	13215	12210	9808	11442	10904	11609	10112	12555
Roseateles	13962	15032	12976	11055	14366	13264	13116	14827	15291	12084	15445	11555	11132	12725	13684	10433	9866	14116	13796	12119	9992	11123	10583	11293	10555	12547
Propionibacterium	13945	15155	14028	11228	14472	13776	12368	14774	14246	12042	14328	11738	10443	12280	15539	10282	9353	15469	13093	12215	9574	11371	10463	11268	10355	12619
Corallococcus	14460	17317	12370	12722	12658	14515	11730	13426	12893	12751	13389	12215	11048	13256	13825	11157	10445	12864	14561	13378	9153	12220	11651	10489	9799	11309
Isoptericola	13697	15691	13745	11581	14188	14330	12475	14675	14044	11906	15040	11381	10001	11945	15712	9666	9158	14928	13312	12282	9758	11441	10449	11441	9993	12469
Phytohabitans	13537	15437	13617	11355	14068	14370	12413	14506	13957	11622	14520	11413	9930	11881	15230	10037	9197	14691	12967	12268	9496	11496	10491	11112	9790	12261
Xanthobacter	13926	16627	12599	11322	14674	13762	12257	14465	14924	11411	14876	11035	10173	12275	15007	9881	9049	14092	13038	12100	9449	10854	10083	10782	9663	12575
Rothia	13276	15400	13757	11326	14411	13497	12566	14847	14041	11480	14719	11006	10159	12125	15064	10580	9165	14412	12717	12166	9866	11109	10464	10645	9546	12411
Pimelobacter	13631	15389	13678	11219	14348	13901	12447	14780	13975	11452	14798	11386	9914	11624	14977	9857	8753	14610	12876	12217	9627	11280	10431	11105	9991	12334
Congregibacter	13776	14706	14066	9668	13098	12058	13456	13901	15012	11483	15974	11636	10832	13304	14305	10493	10181	12914	13584	12410	10302	9487	9909	10224	10010	12134
Denitratisoma	13704	14960	12503	10498	12702	11809	12648	14319	15244	11578	15802	11151	10406	12615	15000	10530	9689	13909	13537	11918	9721	10375	10154	10817	10222	12458
Dolichospermum	8162	25013	15624	9232	17271	17393	8860	10081	12649	11194	10237	7181	8650	11288	18409	8263	9885	19757	14920	6870	8841	7519	17158	12272	8539	11922
Jannaschia	13406	15204	12383	11799	14084	13653	12974	14602	14280	11462	15041	11428	10062	11730	14213	9841	9327	13692	12721	11911	9249	10618	10024	10694	10098	12281
Marinobacterium	13484	13489	13165	9551	11892	11144	13788	13962	14766	11530	15814	11616	10980	12707	14304	10378	10124	13102	13679	12441	9673	10007	10321	10540	10461	12455
Gemmata	13036	15612	12793	11143	14245	13589	12195	13854	14149	11272	14758	11034	10388	11663	14625	9797	9450	13720	12830	11574	9625	10801	10380	10819	9891	11710
Rhodovulum	13628	14917	12400	11512	13864	13630	13063	14477	14130	11567	15139	11467	10248	11693	14107	10150	9211	13494	12306	11730	9057	10511	9892	10489	9930	12152
Desulfonema	12864	14341	12514	9276	12458	11922	13132	13074	14429	11610	15259	10878	11268	12378	15124	11079	10574	13485	13120	11800	9785	9712	10688	10654	10428	12634
Lacinutrix	11366	12836	13805	10105	10592	9248	15888	12119	13428	10858	14304	12521	12177	14350	13360	11571	11936	12376	13811	13830	11110	9035	9963	8771	9970	12464
Blastococcus	12892	14905	13155	10773	13360	13546	11835	13828	13298	11106	14007	10806	9701	11312	14741	9485	8864	14370	12519	11730	9032	10996	9949	10693	9337	11864
Epidermidibacterium	13656	14709	13282	10353	13564	13034	11548	14169	13600	10894	14610	10746	9514	11065	14329	9439	8783	13639	12445	11452	8796	10504	9675	10014	8878	11630
Sphingosinicella	13065	14785	12263	10474	13735	13201	11259	13787	13868	10757	14312	10538	9866	11250	14669	9505	8753	13493	12408	11308	9204	9752	10027	10470	9537	11331
Caldilinea	12072	14989	12880	9779	14260	13090	11266	13569	13832	11220	13524	10250	9910	11256	14453	9446	8927	14271	12287	11048	9206	10012	10210	10259	9700	11203
Lentzea	12738	14515	12716	10754	12992	13340	11587	13643	13097	10710	14024	10618	9427	11204	14274	9539	8581	13912	12301	11470	9162	10813	9749	10695	9346	11554
Arcobacter	14720	3116	16392	6810	1847	1722	27210	5602	6884	8511	19408	26963	5959	16428	4420	14550	23786	8530	17063	12901	12110	4601	6819	7625	13155	14746
Rhodopirellula	12086	15091	12567	10383	15113	14402	11561	13030	13496	10959	13651	10258	10020	11342	13542	9672	9083	13566	12384	10675	9012	9417	9962	10006	9311	11131
Modestobacter	12546	14441	12736	10520	13172	12970	11539	13903	12944	10733	13928	10589	9445	11142	14128	9310	8497	13726	12230	11568	8948	10749	9891	10316	9276	11740
Hypericibacter	12454	15214	11821	10629	13286	12921	11619	13366	13925	10860	14203	10420	9794	11016	14210	9218	8728	13244	12256	10957	8859	10363	9664	10206	9376	11448
Nitratireductor	12771	14858	12071	10893	13387	13175	11841	13372	13246	10913	13979	10442	9742	11263	13989	9687	8936	12697	12176	10808	8922	10025	9443	9935	9392	11500
Formosa	10902	12093	13114	9388	9956	8888	14938	11506	12881	10585	13817	11931	11640	13610	12876	10915	11554	12050	12852	12868	10493	8812	9908	8668	9691	11877
Aquisphaera	12275	15234	12171	10510	13378	12933	11561	13303	13260	10674	13964	10156	9461	10939	14124	9343	8615	13358	12168	10736	9076	10103	9789	10157	9210	11128
Dickeya	12453	13685	12002	9270	11722	11383	12336	13026	13973	10697	14833	10405	9847	11788	13619	9661	9415	12879	12657	11299	9100	9583	9634	9695	9405	11534
Phycicoccus	12674	14017	12758	10283	13049	12957	11264	13614	12712	10652	13395	10492	8956	10798	14142	9034	8399	13580	11775	11340	8632	10377	9523	10324	9015	11173
Rhizorhabdus	12227	14251	12109	10488	12778	12429	11462	13142	13014	10652	13593	10372	9319	11074	13877	9141	8642	12942	11903	11000	8556	10175	9351	10172	8998	11426
Thermomonospora	12522	13970	12616	10356	12865	12733	11212	13233	12722	10562	13469	10154	9109	10561	14075	8963	8359	13541	11973	11066	8940	10182	9552	10145	8965	11231
Photobacterium	12117	13004	12114	9023	11164	10779	12774	12045	13263	10497	14217	10450	10154	11822	13245	9737	9625	12325	12305	11357	9257	9427	9599	9878	9463	11666
Aquibium	12290	14557	11280	10431	12992	12588	11440	13145	13052	10424	13646	10135	9446	10715	13253	8991	8470	12727	11408	10436	8723	10118	9322	9833	9047	10909
Steroidobacter	12271	13108	11271	8565	11638	10980	11360	13429	13465	10649	14382	10229	9601	11378	14153	9550	8882	12746	12356	10567	9210	9360	9113	9788	9511	10935
Thiothrix	12159	12117	12081	8682	10494	10380	12613	12229	13123	10232	14358	10549	10214	11814	13636	9743	9563	11860	12117	11475	9081	9085	9669	9705	9328	11382
Methyloligella	11974	15318	11894	10620	13142	13815	10302	13073	12469	10677	12658	9697	8512	10347	14246	8702	7869	13634	11645	10081	8173	10140	9334	9578	8294	10774
Sulfuricystis	12444	13477	11303	9275	11305	10760	11269	12728	13685	10509	14246	10121	9329	11396	13760	9245	9036	12661	12511	10572	8708	9139	9253	9741	9037	10948
Allomuricauda	11783	11946	12369	8350	10671	10567	12997	11127	11628	10413	13329	11321	10250	12258	13901	10488	10069	12308	11614	11583	9059	8696	9297	9092	9222	11720
Thermoleophilum	11909	14937	11821	10544	13816	14136	10197	12899	12000	10225	12858	9779	8509	10384	13900	8846	7475	13799	11336	10135	8109	9960	9440	9740	8439	10533
Algibacter	9803	11519	12376	9137	9376	7985	13731	11001	12562	9611	12592	11270	11104	13445	11988	10189	11054	11211	13422	12603	10432	8207	9685	7833	8946	10652
Melaminivora	12144	13644	11559	9478	12597	11398	10901	12981	13490	10300	13828	9816	9204	10830	12081	8625	8420	12385	12293	10275	8426	9090	8886	9429	8714	10634
Neorhizobium	11923	13836	11354	10038	12599	12107	11056	12586	12775	10171	13408	9888	9097	10535	13114	9094	8406	12228	11366	10455	8113	9248	9103	9360	8659	10798
Mucilaginibacter	11067	12454	12207	8720	10828	10301	12308	11435	11803	10114	13192	10349	10091	11628	13063	9903	10061	11826	11741	10874	9103	8971	9482	9569	9161	11036
Streptacidiphilus	11767	13470	11963	9857	12310	12273	10823	12515	12485	10115	12815	9699	9085	10342	13188	8649	8017	12781	11497	10461	8383	9949	9195	9963	8684	10812
Wenzhouxiangella	11819	12559	11584	8684	10977	10500	11955	12388	13211	10166	13761	9964	9551	11109	13266	9382	8772	11886	11847	10682	8821	9477	8961	9358	9261	11011
Geotalea	11728	13562	11045	9167	11014	10596	11459	11888	12640	10383	13604	9999	9410	10884	13409	9122	8602	12199	11706	10266	8655	9026	9182	9495	8866	11031
Pararhizobium	11633	13470	11323	9737	12557	12267	11198	12028	12279	10124	13211	9982	9234	10517	12908	8989	8370	11771	11220	10450	8295	9312	9013	9128	8888	10686
Xylanimonas	11545	13228	12014	9740	12222	12066	10573	12701	11957	10053	12645	9871	8684	10166	13075	8628	8079	12937	11055	10640	8399	9677	8902	9609	8503	10540
Sulfuriferula	11887	11809	11130	8259	10306	9576	11771	12369	13106	10316	14026	10129	9669	11392	12636	9338	9191	11719	11951	10812	8544	8784	9077	9215	8938	11053
Symmachiella	11317	14422	11702	9968	14099	13508	10685	11755	12350	9853	12668	9499	9060	10445	11909	8871	8254	12415	10967	10090	8073	8477	8925	8750	8398	10483
Hyphomonas	11117	13022	10407	9072	10384	10151	12681	12957	13254	9996	14693	10032	10649	10593	11747	8483	8446	11412	10880	10551	8622	9622	9109	9031	8854	11069
Paenarthrobacter	11122	13654	11709	9323	12207	11561	10895	12683	12617	10289	12121	9414	8472	10592	13315	8478	7724	12799	11473	11070	8376	9288	8729	8702	8150	10459
Rubripirellula	10770	14071	11227	9637	13764	13388	10396	12018	12087	9951	12454	9428	9128	10324	12362	8756	8321	12272	10943	9985	8440	8766	9002	8787	8367	10312
Trueperella	11730	13418	11604	9756	12540	11501	10647	12377	12155	9713	12696	9245	8520	10085	12902	8634	7743	12806	11835	9747	7930	9713	9010	9422	8536	10335
Pseudolabrys	11255	14786	11187	10379	13304	13036	10166	12133	12206	9728	12554	9175	8565	9857	12730	8223	8027	12123	11207	9695	7598	8974	9233	9223	8286	10224
Sphingobacterium	10696	12081	12003	8584	10211	10065	12249	10528	11189	9625	12718	10333	9633	12002	12922	9248	10077	11561	11517	10897	8921	8407	9190	9016	8697	11103
Woeseia	10740	13364	10517	8748	9618	9949	12031	11985	12807	9502	13534	9601	9535	11451	13314	9133	8616	10729	11688	10024	8915	8543	8490	9244	9298	10468
Roseivivax	11644	12751	10871	9860	12105	11925	11164	12442	11995	9704	12986	9816	9104	9896	12138	8608	8141	11749	10357	10070	7858	9198	8430	9019	8562	10706
Cellulophaga	10146	10640	11717	8341	9217	8638	13892	10441	11004	9776	13282	11142	10280	11776	11929	10165	10200	10840	11102	12266	9475	7983	8712	7974	8643	11356
Yersinia	12249	12388	12377	9427	10586	8429	12512	12222	9914	10324	11217	8235	8054	11807	12339	8778	8071	10335	15919	9158	7981	7423	10265	9484	9577	11676
Actinocatenispora	11342	12854	11372	9444	12074	11810	10127	12469	11374	9653	12172	9453	8431	9948	12827	8387	7730	12254	10959	10051	8282	9727	8986	9612	8454	10200
Marmoricola	11192	12884	11476	9324	11978	11815	10369	12343	11782	9608	12169	9581	8272	9941	12764	8139	7897	12758	10826	9937	7921	9332	8554	9278	8225	10439
Pleomorphomonas	11254	13056	10745	9221	12242	11591	10068	11599	12037	9502	11986	9230	8414	9602	12425	8160	7435	11748	10866	9541	7763	8782	8468	8799	8062	10022
Phyllobacterium	11102	12971	10414	9144	11686	11395	10577	11628	11707	9531	12325	9410	8588	9776	12090	8478	7785	11406	10661	9786	7775	8596	8270	8666	8189	10240
Altererythrobacter	10860	12267	10955	9012	11510	10827	10591	11592	11504	9265	13020	9119	8651	9774	12269	8112	7831	11363	10439	9690	7781	9539	8811	8849	8268	10161
Gemmatirosa	10834	12942	10262	9173	10741	10061	10713	11670	11580	9206	12685	9595	8587	10090	12855	8390	7878	11133	11036	10092	8033	8854	8311	9118	8266	9911
Gemmobacter	12603	10963	9097	10786	10392	10043	13218	12217	11812	10153	14616	10440	9211	9245	10401	7521	7147	9917	9258	9583	7269	8292	7751	8847	8708	12025
Mariniflexile	8208	10815	10921	9032	8129	6631	12935	10908	12458	8565	11218	9626	11480	13120	10490	8871	10462	10220	13778	12344	10039	7448	9664	6833	8111	8639
Acuticoccus	11136	12581	10160	9222	11922	11199	10198	11737	11921	9500	12183	9196	8388	9787	12157	8016	7554	11462	10628	9745	7923	9069	8276	8835	8125	9978
Ruania	10707	12293	11164	9039	11452	11252	9739	11793	11157	9110	11497	9219	7931	9368	12375	7982	7589	12043	10560	9974	7807	9138	8402	8968	8049	10081
Schaalia	10778	12542	10888	8807	11377	11096	9749	11777	11143	9205	11798	8894	8274	9518	12305	8076	7328	11759	10399	9566	7841	8949	8477	8924	7719	10024
Actinoalloteichus	10861	12095	10841	8957	11547	11157	9974	11696	11150	9130	11600	8900	8018	9386	12088	7817	7268	11679	10565	9778	7642	9002	8432	8889	7941	9725
Alcaligenes	10429	12262	10295	8691	10977	10512	10487	11189	12059	8950	12530	9040	8387	9830	11994	8326	7926	11132	10944	9588	7859	7893	8145	8604	8001	10064
Plantactinospora	10653	11907	10682	9062	11269	11236	9501	11861	10902	9134	11570	9048	8066	9516	11950	7798	7447	11662	10468	9651	7778	9014	8515	8837	7989	9669
Citricoccus	11028	12310	11079	8745	11464	10636	10055	11525	10937	9114	11557	9143	7770	9473	11957	7811	7235	11912	10455	9361	7581	9201	8088	8899	7632	9958
Prescottella	10668	12507	10574	9081	11333	11664	9788	11457	10838	8975	11634	8665	7558	9137	11950	7833	7256	11669	10163	9444	7422	9039	8283	8762	7769	9781
Tautonia	10286	12582	10180	9142	11649	10968	9645	11233	11124	9129	11316	8712	7972	9335	12219	7887	7247	11442	10417	9337	7540	8534	8478	8867	7918	9560
Octadecabacter	11385	11212	9447	10331	10808	10565	11899	11205	11051	9403	13157	9976	8894	9035	10215	7782	7409	9798	9100	9328	7076	8038	7548	8282	8144	10997
Nannocystis	10235	12307	10379	9141	10838	10528	9981	11168	11063	9037	11727	8779	7831	9358	11999	8028	7427	10738	10560	9352	7688	8917	8211	9034	8001	9408
Berryella	10751	12231	10525	8037	10486	11465	9312	11220	11161	9055	11823	9156	8064	9361	12112	7730	7386	11640	10211	9255	7722	8343	7988	8728	7737	9888
Gemmatimonas	10162	12046	10052	8448	10034	9648	10776	10984	11177	8947	12611	9173	8147	9682	12117	8112	7858	10474	10451	9661	7737	8165	7917	8637	8032	9476
Parazoarcus	10843	11965	10138	8237	10645	9690	9920	11017	11668	9046	12245	8819	8192	9885	12084	8115	7621	10889	10614	9154	7623	7742	8004	8689	7778	9567
Candidatus_Endoriftia	11030	10019	10214	6800	8764	8332	10873	10887	11860	9047	12535	9090	8623	10122	10981	8305	8074	10758	10855	9803	7722	8155	8252	8503	8222	9878
Lutimonas	10016	8812	11068	5979	8932	8660	11427	9971	9895	9204	11065	10139	8821	10353	13141	9542	9081	11964	9601	10458	7800	7589	8040	7569	7977	10535
Croceicoccus	10180	12026	9623	8838	10758	10238	10032	11330	11274	8831	11498	8710	7956	9254	11597	8026	7266	10873	10037	9220	7599	8340	7959	8300	7750	9178
Ectothiorhodospira	10686	10655	9741	7251	9234	8764	10423	11165	11902	9141	12451	8990	8571	9731	11153	8142	7831	10596	10825	9587	7761	8038	8000	8322	7994	9586
Spirosoma	9701	11628	10389	8077	10382	9584	10154	10260	10874	8996	11524	8808	8540	9666	11603	8328	8077	10358	10242	9218	7860	7993	8329	8334	8075	9503
Azotobacter	11248	10926	10549	7730	9573	10169	10569	11076	11327	9737	11782	8606	8081	9378	12040	7744	7319	10329	10107	9347	7407	8065	7904	8308	7614	9286
Thermobifida	10306	12011	10695	8690	10876	10570	9368	11131	10650	8840	11190	8496	7674	9074	11552	7459	7093	11268	10165	9306	7371	8702	8009	8727	7484	9400
Nostoc	9110	12389	11276	9466	10904	10995	9501	9350	10209	8511	11427	8246	7949	9665	11293	8426	8456	10865	10224	8541	7881	7664	8660	8087	7609	9382
Maioricimonas	9851	12570	10022	8819	11689	11379	9343	10487	11118	8905	11268	8387	7973	8927	11107	7417	7116	10763	9952	8766	7500	7818	7995	8140	7673	9287
Alcanivorax	10481	10678	10126	7371	9556	8811	10578	10726	11632	8692	12406	8983	8352	9853	10996	7987	7895	10084	10396	9501	7613	7886	7808	8119	7836	9694
Desulfobulbus	9995	11120	10101	7180	9764	8998	10038	10691	11174	8956	11869	8859	8360	9623	11637	7990	7749	10490	10246	9112	7635	7950	8242	8217	7715	9595
Salinibacterium	10196	11614	10354	8573	10805	10613	9397	10911	10362	8884	11378	8707	7877	8988	11506	7420	6989	11047	9903	9129	7149	8221	7767	8085	7425	9577
Afipia	10052	12212	9559	8346	10927	10540	8945	10799	10741	8779	11263	8224	8182	9099	11638	7785	7668	11038	9731	8321	6872	7466	7971	8464	6839	9061
Blastochloris	10312	12009	9326	8698	10654	10229	9477	10755	11227	8731	11394	8262	7770	8883	11374	7440	6888	10664	9559	8923	6906	8185	7621	7978	7313	9381
Pseudofrankia	10164	11514	10164	8525	10735	10481	9228	10692	10353	8769	10792	8460	7502	8633	11367	7385	6610	10773	9570	8984	6879	8480	7905	8305	7359	9083
Erwinia	10008	10928	10004	7524	9295	9006	10190	10150	10802	8742	11202	8477	8160	9276	11065	7837	7798	10541	10336	8964	7325	7885	7696	8285	7728	9252
Ottowia	10238	10753	9537	8214	10306	9186	9656	10857	11429	8730	11532	8679	7954	9068	10054	7437	7202	10200	10135	8930	7099	7974	7547	8125	7713	9220
Tistrella	10129	12068	9379	8134	11086	10508	8245	10571	11082	8669	11284	8127	7426	9116	11477	7573	6739	10453	9977	8540	7400	7185	7795	8130	7194	9091
Cutibacterium	10118	11443	10194	7991	10479	9892	9210	10624	10310	8329	10552	8296	7609	8672	11563	7371	7363	11000	9934	9225	6888	7816	7377	8117	7164	9063
Demequina	10047	11371	10249	8315	10241	10232	8967	10641	10035	8420	10543	8075	7075	8752	11037	7140	6669	10980	9437	8922	6968	8206	7613	7924	6962	9095
Aerosticca	9976	11910	9110	7541	10508	9958	8333	10611	10871	8446	10977	8135	7474	9103	12356	7670	6919	10189	9949	8561	6957	6441	7061	7803	7556	9023
Desulfosudis	9472	10888	9294	7167	9771	8964	9521	10009	10855	8464	11187	8140	7825	8964	10883	7747	7438	10163	9453	8573	7214	7288	7831	7650	7404	9051
Sulfuricaulis	9866	10039	8979	6713	8313	8021	9934	10123	10739	8486	11863	8231	8030	9258	10494	7823	7399	9658	9920	8907	7055	7510	7408	7712	7533	9157
Crateriforma	9201	11605	9329	8017	11426	10916	8480	9785	10144	8131	10249	7745	7635	8521	10285	7104	6602	10098	9214	8050	6773	7468	7572	7646	7015	8504
Streptomonospora	9543	10817	9497	8070	9900	9944	8766	10155	9660	8084	10310	7862	6935	8038	10799	7013	6432	10327	9124	8451	6856	8034	7279	7873	6904	8675
Intrasporangium	9434	10603	10309	7658	10104	9576	8404	10302	10010	8023	10084	7920	6923	8350	10534	6607	6725	10927	9318	8472	6692	7671	7019	7737	7037	8617
Pelobacter	9220	11331	8954	7402	9706	8921	8978	10456	10588	8093	10759	7600	7133	8582	11307	7257	6466	10067	9934	7939	6782	7235	7074	7482	6770	8773
Collimonas	9657	10130	9255	7402	9054	8720	9438	10063	10381	8298	10892	7990	7457	8922	10411	7294	7085	9428	9383	8466	6900	7579	7239	7460	7192	8705
Urbifossiella	8850	11249	8987	7824	10252	9681	8692	9922	9800	8013	10508	7597	7243	8321	10710	6997	6716	9691	9065	8255	6809	7429	7299	7690	6901	8435
Haliangium	9068	11171	8894	8036	9295	9152	8924	9929	9877	8096	10600	7662	7064	8707	10796	7199	6872	9611	9069	8240	6803	7643	7118	7708	7106	8240
Porphyrobacter	9474	10655	8626	8253	9041	8917	8857	9948	9859	8035	10698	7871	7378	8389	10497	6843	6479	9550	9004	8145	6562	7792	7300	7604	6898	8822
Paludisphaera	9088	10945	8999	7723	10126	9745	8575	9565	9955	8057	10406	7567	7335	8289	10855	7005	6487	9694	9077	7983	6637	7217	7235	7441	6943	8341
Polyangium	8800	11371	8849	8123	9201	9040	8810	9629	9664	7765	10480	7626	6977	8204	10622	6897	6591	9207	9128	8069	6643	7573	7166	7569	7072	8330
Solidesulfovibrio	9114	10521	8700	7287	9289	8874	8747	9862	10079	8191	10537	7600	7145	8133	10467	6953	6651	9697	8936	8138	6617	7405	7145	7633	7077	8340
Botrimarina	8625	11425	8849	8024	10440	10225	8203	9613	9685	7784	10023	7340	7057	7916	10330	6761	6248	10040	9051	7650	6430	7225	7097	7278	6641	8065
Pedobacter	8370	9524	9464	6599	7782	7411	10104	8534	9117	7607	10741	8562	7897	8969	9887	7850	7891	8882	9018	8973	7076	6774	7307	7214	7396	8936
Barrientosiimonas	9322	10302	9070	7727	9530	9409	7979	9501	9531	7577	10226	7892	6694	7828	10056	6490	6488	10305	8834	7853	6519	7626	6771	7665	6797	8324
Sulfuritortus	9346	9531	8072	6628	8342	7401	8722	9646	10296	7783	10830	7693	7479	8800	9729	7071	6760	9199	9494	7942	6377	7354	6977	7321	6837	8620
Geoalkalibacter	8978	9827	9134	6943	8176	7599	8973	9111	9665	7895	10455	7635	7297	8484	10289	7110	6721	9087	9128	7889	6691	7012	6979	7293	6834	8479
Immundisolibacter	9172	9737	8330	6457	8435	7954	8691	9715	10176	7955	10421	7538	7175	8488	9990	6852	6592	9338	9010	8249	6534	7123	6855	7281	6857	8148
Pectobacterium	8759	9728	8738	6703	8446	7985	8947	9193	9877	7597	10273	7543	7393	8534	9661	7057	6770	8998	8779	8086	6589	6807	6931	7178	7049	8344
Raoultella	9184	9965	8601	6791	9111	8658	8191	9366	9775	7443	10668	7068	7211	8648	10050	7172	6241	9265	8777	7680	6412	6945	7007	7144	6816	7594
Starkeya	8901	10663	8383	7563	9661	9236	7969	9357	9496	7626	9910	7265	6841	8247	9946	6593	5959	9332	8703	7533	6134	7257	6914	7186	6528	8463
Desulfosediminicola	8485	9356	9533	6176	8258	8086	8998	8802	9499	7840	10062	7515	7356	8366	10020	7074	6893	8868	8882	7743	6699	6777	7053	6951	6789	8502
Opitutus	8589	10322	8671	7055	8842	8377	8380	9268	9344	7512	10187	7359	6856	7979	10100	6906	6147	8942	8723	7793	6421	7150	6750	7350	6811	8030
Miniimonas	8755	10360	8824	7314	9318	8964	8052	9412	8938	7672	9675	7406	6456	7728	9606	6342	5965	9698	8666	8210	6237	7283	6768	7077	6474	8144
Komagataeibacter	8810	10242	8465	6407	8999	8583	8293	9292	9601	6624	9756	7369	6912	7883	9572	6583	6483	9107	8697	7790	6193	7162	6609	7350	6704	8242
Sagittula	9131	9959	8249	7451	9388	8948	8333	9601	9345	7742	9830	7627	6603	7672	9232	6627	6135	8795	7951	7956	6125	6783	6540	6990	6532	7951
Edwardsiella	9169	9996	8443	6412	8805	8076	8163	9216	10100	7276	9691	6910	7495	8045	9712	6508	6797	8457	7987	7688	6264	6803	7164	7310	6821	7766
Frateuria	8682	9235	8281	6789	8314	8303	8635	9420	9569	7537	10061	7575	6851	7875	9564	6596	6523	9071	8687	7661	6319	6962	6577	7023	6759	8042
Dermabacter	8743	10309	9107	7256	8918	9042	8068	9591	9143	6911	9578	7269	6368	7779	9933	6127	5907	9465	8452	7308	6002	7260	6488	6861	6031	8370
Desulfomicrobium	8327	9601	8398	6559	8336	7853	8310	9154	9520	7376	9911	7361	7011	7999	10011	6750	6265	8927	8550	7564	6179	6574	6739	7131	6610	7917
Christiangramia	7851	8526	9136	6044	7607	7159	9611	7767	8476	7305	9610	8324	7439	8621	9743	7459	7397	8659	8462	8508	6646	6128	6661	6378	6508	8495
Kiritimatiella	8363	10268	8474	6591	8586	8196	8377	9017	9502	7226	9942	7169	6897	7734	9631	6517	6017	8890	8589	7518	6372	6538	6501	6888	6592	7765
Providencia	7881	8934	8586	6786	8172	7486	8546	8110	8706	6950	9488	6957	6451	8147	9307	11553	6988	8697	8420	8090	6098	5920	6436	6205	6419	7993
Sulfurifustis	8691	9138	8088	6502	7930	7622	8496	9214	9560	7381	9807	7138	6858	7852	9319	6479	6339	8886	8683	7732	6257	6843	6450	7065	6405	8026
Enhydrobacter	8757	10505	7948	7588	9246	8997	7764	8897	9158	7237	10046	7347	6902	7377	9121	6100	5773	8342	8072	7117	5661	7033	6579	6513	6222	7825
Desulfobacter	8170	9256	8160	6050	8373	7650	8333	8535	9397	7402	10088	7108	7236	8117	9536	6845	6490	8501	8424	7380	6218	6334	6777	6722	6638	8033
Ferribacterium	8563	8978	8039	6565	7919	7619	8167	8818	9301	7236	9900	7340	6686	7930	9277	6685	6555	8792	8723	7785	6066	6678	6619	6914	6554	7989
Trichlorobacter	8319	9506	8103	6367	8139	7560	8261	8643	9334	7235	9935	7064	6683	7937	9803	6563	6252	8743	8514	7428	6053	6599	6781	6930	6495	7945
Chelatococcus	8277	10076	7999	7289	9049	9066	7791	8884	8980	7233	9371	6921	6461	7658	9428	6219	5826	8643	8166	7398	5846	6790	6682	6719	6230	7564
Labilithrix	7696	11024	8037	8669	9746	10439	7991	8486	8745	7175	9498	6963	6153	7197	9572	5856	5462	7784	8161	6998	5811	6362	6204	6913	6246	7249
Pirellula	7983	10419	8179	7161	10130	9498	7607	8539	9033	7208	9048	6799	6665	7231	9192	6316	5844	8866	8127	7109	6100	6363	6790	6658	6102	7353
Desulfatiglans	8232	9362	7983	6412	8445	7885	8272	8588	9255	7353	9768	7114	6768	7815	9759	6725	6069	8711	8372	7289	5979	6365	6576	6868	6272	7856
Nitrogeniibacter	8507	9421	7794	6539	8073	7678	8179	8923	9406	7385	9687	7023	6483	7515	9283	6395	6085	8606	8560	7548	5971	6792	6619	6823	6321	7589
Desulfofustis	8083	9045	9100	5998	8173	7939	7795	8881	9140	7419	9163	6783	6685	7708	9756	6645	6236	8923	8363	6969	5991	6596	6727	6764	6370	7765
Dinoroseobacter	7766	8495	7230	6873	8250	7715	7564	8393	8097	6585	8667	6582	6238	6767	8171	5559	5224	7728	22777	6962	5141	6018	5615	6038	5512	6980
Tardiphaga	8307	9589	7581	6910	8913	8698	7673	8937	8554	7029	9332	6754	6554	7480	9330	6327	5777	8563	8106	7117	5801	6495	6457	6682	6005	7409
Leclercia	8042	9358	7979	6397	8233	8024	7785	8590	8949	7145	9050	6548	6300	7622	9484	6090	5653	8403	8125	7342	5935	6398	5951	6818	6121	7578
Cobetia	8183	8739	7861	6173	7606	7265	8093	8633	9111	6992	9535	7034	6670	7520	8934	6353	5980	8381	8063	7432	6036	6333	6322	6686	6246	7591
Pseudooceanicola	8368	8969	7535	7047	8306	8156	8205	8577	8587	7240	9376	7131	6363	7040	8685	6030	5771	8276	7976	7250	5676	6415	6082	6581	6142	7730
Thermus	8067	9596	7818	6498	7981	7754	7571	8606	8739	7000	9218	6696	6168	7231	9437	6184	5642	8578	8116	7157	6028	6625	6340	6829	6202	7414
Citrifermentans	8000	9391	7661	6571	7969	7640	7979	8557	8717	6975	9324	6806	6338	7492	9389	6249	5959	8182	7894	7130	5683	6562	6192	6588	6237	7490
Thermochromatium	8348	8206	7413	5501	7287	6874	8049	8687	9434	7337	9818	6889	6624	7679	8701	6040	6048	8419	8347	7606	5967	6446	6475	6743	6214	7798
Enterococcus	6914	9263	8709	5891	7804	6911	7028	7259	8074	7234	8769	7119	6519	8465	10561	6420	6608	7171	8316	7151	6228	6957	6593	6759	6517	7703
Prevotella	7663	8828	7993	6211	7280	7084	8313	8041	8432	6953	8956	6953	6722	7751	8887	6690	6541	8268	8131	7429	6027	6472	6514	6571	6353	7601
Frondihabitans	7942	9240	8096	6841	8521	8520	7385	8593	8076	7016	8737	6809	5893	7113	9095	5913	5460	8718	7919	7318	5728	6861	6008	6763	5881	7478
Euzebya	8113	8969	7714	6775	8421	8717	7550	8655	8263	7053	8871	6765	6084	7176	8787	6107	5496	8550	7803	7211	5615	6991	6441	6457	5803	7464
Paroceanicella	8219	9355	7617	6977	8968	8353	7685	8618	8898	6909	8901	6758	6242	7165	8614	5918	5580	8312	7567	7188	5611	6385	6042	6537	6006	7357
Actinosynnema	7915	9331	8024	6824	8450	8296	7468	8651	8343	6866	8786	6704	5931	6854	8942	5754	5266	8839	7845	7134	5754	6934	6278	6802	6005	7377
Aureliella	7888	9496	7930	6721	9426	9047	7315	8211	8356	6909	8556	6671	6525	7145	8485	6048	5696	8313	7801	6779	5701	5922	6352	6068	5882	7152
Chitinimonas	7866	9095	7550	6509	7721	7464	7556	8514	8673	6905	8950	6650	6212	7316	8664	6025	5621	8053	7940	7103	5893	6491	6131	6546	6055	7360
Singulisphaera	7849	9580	7684	6730	8567	8330	7347	8201	8355	6521	8807	6410	6155	7073	8901	5722	5543	8223	7786	6886	5662	6134	6045	6281	5812	7190
Nordella	8016	9469	7434	6565	8743	8473	7111	8575	8300	6795	8464	6341	6034	6866	8638	5979	5451	8367	7572	6832	5587	6520	6055	6304	5667	7150
Protaetiibacter	7847	8986	7730	6588	8171	8080	7213	8346	7945	6806	8571	6751	5780	6823	8714	5847	5196	8640	7446	6912	5531	6823	6068	6581	5702	7274
Spongiibacter	7657	8286	8012	5629	7405	6782	8076	8232	8594	6843	9407	6702	6457	7563	8349	6049	6053	7502	7890	7336	5782	5987	5890	6148	5971	7453
Catellatospora	7788	8615	7864	6573	8040	8099	7164	8459	8040	6742	8271	6477	5929	6814	8795	5851	5121	8525	7575	7034	5632	6580	6203	6370	5833	7134
Thioclava	8034	8630	7144	6910	8093	7863	7848	8501	8385	6768	9161	6553	6025	6833	8419	5840	5523	7960	7223	7034	5367	6011	5811	6142	5740	7466
Tepidiforma	7656	9485	7358	6891	8181	8424	7088	8352	8283	6746	8595	6437	5753	6779	8852	5687	5231	8209	7490	6716	5542	6416	5962	6274	5628	6877
Thermaerobacter	7558	8950	7422	6455	7991	7646	7240	8634	8258	6739	8605	6510	5787	7041	8813	5789	5248	8169	7599	6788	5487	6531	6036	6390	5845	7024
Labrenzia	7543	8669	7402	6470	7885	10463	7325	8159	8120	6430	8390	6649	6047	7093	8089	5903	5509	7773	7249	6572	5373	5962	5701	6290	5685	7120
Polymorphum	7650	9180	7229	6580	8549	8136	6992	8541	8506	6523	8625	6490	5943	6801	8417	5748	5045	7913	7460	6639	5436	6127	5796	6547	5626	7242
Alteromonas	7319	7893	7832	5755	7545	7485	7826	7458	8358	6525	9016	6330	6400	7958	8614	6507	6305	7139	7609	6840	5862	5976	5857	5830	6345	7144
Frigidibacter	7932	8862	7050	7037	8129	7802	7598	8400	8495	6685	9090	6845	6049	6580	8129	5340	5346	7780	6998	6765	5154	5817	5761	6094	5760	7685
Serpentinimonas	8089	8503	6950	6259	7790	7081	7565	8223	8800	6566	8877	6612	6145	7117	7693	5627	5726	8023	8033	6743	5517	5953	5894	6048	5803	6850
Sanguibacter	7828	8547	7944	6413	7966	8018	6874	8249	7879	6482	8127	6301	5694	6788	8431	5539	5263	8590	7437	7049	5409	6465	5962	6203	5619	7012
Catenulispora	7704	8808	7804	6362	8016	7662	7003	8225	7973	6535	8321	6429	5744	6716	8353	5620	5327	8427	7281	6794	5444	6364	5780	6460	5689	6962
Parvibaculum	7920	9230	7232	6594	8334	8093	6525	7985	8284	6567	8557	5987	5759	6521	9048	5793	5316	8246	7812	6157	5352	5470	5883	6143	5542	6954
Pelagibacterium	7720	8976	7352	6308	8075	7826	6997	8051	8455	6735	8673	6339	5796	6748	8285	5622	5297	8057	7485	6641	5292	6029	5901	6034	5582	7024
Dermacoccus	7745	8495	7800	6446	7923	7844	6878	8085	7690	6427	8326	6331	5568	6893	8600	5637	5098	8329	7180	6900	5470	6258	5905	6291	5545	6831
Psychrobacter	6353	6670	9324	7818	6199	5643	7389	6142	6241	4974	8465	7424	7874	6021	8460	8527	10498	6443	6746	10691	4957	5133	5179	4153	4233	8699
Verrucomicrobium	7353	8727	7559	6439	8304	7764	7190	7827	8093	6237	8469	6126	5999	6922	8345	5614	5312	7732	7204	6673	5485	5973	5802	5884	5588	6902
Pikeienuella	7515	8730	6931	6573	8392	7767	7120	8083	8202	6536	8570	6320	5842	6578	8128	5469	5414	7522	7448	6598	5119	5749	5571	6019	5707	6841
Acetobacter	7309	8274	7255	7349	7431	7038	7097	7474	7971	8395	8267	6278	5954	6618	8067	5604	5386	7522	7338	6640	5437	5729	5707	5914	5702	6558
Paraoerskovia	7367	8724	7780	6012	8006	7898	6939	8013	7870	6588	8096	6130	5511	6464	8415	5414	5018	8266	7322	6694	5265	6074	5633	6373	5635	6783
Rhodospirillum	7608	8775	7105	6218	7908	7514	6949	7841	8159	6475	8267	6219	5834	6773	8491	5622	5144	7935	7237	6467	5222	6132	5865	6042	5745	6716
Yinghuangia	7419	8424	7542	6252	7799	7906	6984	8156	7535	6460	8241	6360	5462	6533	8456	5414	5093	8211	7153	6799	5228	6352	5909	6205	5422	6907
Cellvibrio	7240	8208	7404	5470	6746	6148	7749	7665	8439	6761	8738	6550	6676	7984	7645	5880	5807	7040	7324	6793	5533	5883	5845	5926	5829	6899
Castellaniella	7853	8697	6799	6122	8096	7601	6323	8119	8218	6418	8560	6140	5554	6843	8678	5556	4994	7850	7695	6481	5598	5455	5756	6157	5419	6617
Faecalibacterium	7168	8690	7147	5774	7610	7349	7191	7894	7725	6516	8315	6062	5707	6685	8656	5778	4927	7737	7217	6605	5545	6228	5672	6007	5751	7018
Methylotuvimicrobium	7038	7640	8057	5486	7097	6926	7440	7272	8413	6628	8754	6476	6413	7136	8192	5550	5569	6819	7465	6244	5754	5449	5747	5791	5754	7496
Syntrophotalea	7310	8142	7931	5395	6380	6185	7538	7390	8055	6456	8680	6347	6159	7094	8151	6002	5792	7506	7429	6686	5379	5760	5887	5907	5737	6934
Aquimarina	6586	6997	7785	5211	6463	5506	8722	6763	7238	6246	8289	7279	6577	7546	7692	6578	6768	7118	7403	7659	6211	5256	5696	5263	5902	7342
Sulfurimicrobium	7568	7309	6986	5227	6371	5980	7497	7993	8387	6536	9002	6446	5977	7382	8074	5817	5716	7460	7648	6946	5258	5732	5737	6005	5675	7050
Roseobacter	7763	7927	6961	6629	7656	7567	7754	8063	7829	6186	8468	6665	6015	6499	7593	5502	5135	7157	6740	6599	5095	5911	5452	5836	5451	7065
Listeria	5135	4086	8057	11618	9196	4355	4035	7100	10073	4776	10583	7856	7189	5548	6900	9465	7212	5962	6394	6992	6390	6452	3391	4703	6577	4919
Granulicella	7143	8624	6881	6111	7388	7068	6974	7809	7900	6369	8121	6241	5628	6604	8435	5698	5114	7627	7085	6437	5267	5947	5550	5963	5463	6632
Stella	7283	8727	6912	6193	7857	7303	6680	7849	8060	6204	8092	6084	5694	6419	7936	5467	4990	7502	7315	6388	5163	6013	5652	6037	5478	6664
Sulfuriflexus	7611	6682	7131	4797	5950	5716	7793	7558	8395	6351	9039	6628	6214	7397	7586	5982	6117	7261	7671	7121	5393	5571	5597	5656	5765	6975
Eggerthella	7188	8369	7049	5884	7428	7162	6651	7846	7683	6191	8107	5906	5447	6298	8384	5509	5052	7764	7327	6431	5306	5871	5870	6089	5560	6788
Hoeflea	7173	8135	6664	6312	7457	7271	7299	7976	7835	6352	8534	6108	6114	6431	7530	5320	5068	7295	6999	6449	5035	6071	5513	5698	5432	6993
Pusillimonas	7435	8037	7039	5850	7022	6727	6878	7791	8067	6569	8485	6110	5617	6645	7586	5591	5438	7370	7502	6512	5216	5687	5542	5821	5281	6923
Methylophaga	7410	7220	7439	4876	6389	6030	7666	7201	7719	6182	9038	6279	6229	7407	7947	5786	6081	7108	7538	6715	5253	5377	5561	5739	5662	6750
Egicoccus	7242	8244	6942	6218	7586	7614	6614	7600	7294	6107	7924	6050	5411	6331	8263	5437	4796	7799	6997	6471	5157	6237	5560	6050	5348	6675
Nitrosococcus	7028	7496	6986	4985	6459	6158	7240	7480	7923	6309	8571	6136	5994	6948	7672	5652	5525	7162	7216	6810	5354	5581	5616	5739	5477	6638
Sedimenticola	7481	7067	6908	4717	6375	5689	7424	7567	8054	6139	8527	6309	5966	6901	7626	5557	5580	7003	7349	6746	5086	5490	5687	5674	5621	6656
Chitinophaga	6819	7896	7214	5524	6885	6579	7147	6915	7368	6102	7892	6052	5665	6883	7948	5805	5650	7127	7072	6405	5466	5423	5561	5786	5416	6566
Geodermatophilus	6915	8093	7185	5803	7452	7506	6484	7816	7212	6154	7791	5966	5203	6133	7964	5105	4765	7812	6836	6432	5058	5975	5475	5937	5064	6536
Mycolicibacillus	6853	8732	7861	6757	7863	8517	6156	7100	6988	5934	7412	5854	5078	5924	7974	5100	4561	7642	6622	6204	4977	5972	5351	5642	4997	6327
Fuscovulum	7676	7546	6094	6577	6911	6880	7771	7805	7481	6271	8708	6475	5817	5824	7018	5034	4875	6790	6370	6257	4806	5681	5163	5662	5511	7283
Frigoriglobus	7099	8219	6720	6041	7571	7266	6677	7158	7524	6053	7955	5930	5557	6234	7973	5281	4836	7477	6734	5955	5230	5750	5452	5758	5348	6447
Campylobacter	6541	6878	7151	5430	5861	5753	7313	6314	6922	6034	8177	6044	5940	7296	7981	6064	6353	6896	7255	6535	5511	5389	5871	6208	5725	6755
Adhaeretor	6780	8660	6833	6006	8248	8116	6634	7261	7325	5987	7461	5709	5688	6209	7502	5321	4840	7484	6796	6122	4925	5407	5436	5484	5080	6268
Kaistia	7060	8455	6523	6000	7737	7394	6427	7517	7593	6006	7659	5764	5608	6157	7670	5078	4934	7515	6701	6238	5019	5748	5436	5663	5100	6452
Anabaena	3965	12063	8183	5205	9630	8567	4561	5333	6553	5408	5591	4231	4193	5605	10833	4563	5718	10754	7676	3818	4542	4118	9329	6665	4399	5771
Alicyclobacillus	6875	7912	6768	5534	7044	6997	6751	7397	7330	5956	7689	5958	5610	6347	8134	5481	5026	7207	7108	6320	5155	5797	5530	5682	5165	6374
Kosakonia	6897	7751	7004	5395	6876	6336	6994	7236	7566	6100	8081	6023	5649	6678	7876	5504	5317	7065	6912	6260	5287	5514	5370	5676	5350	6343
Clostridioides	8386	5407	7380	7672	7997	3656	3517	3131	11615	3541	5758	4950	6765	6698	10036	8136	5968	14509	10654	4889	2367	3595	5279	9663	1978	2477
Pukyongiella	7229	7647	6502	6089	7462	7027	6824	7765	7603	6039	7883	5984	5415	6052	7287	5177	4867	6943	6616	6291	4783	5734	5309	5489	5229	6589
Desulfolutivibrio	6811	7889	6756	5104	6842	6655	6661	7349	7553	5902	7919	5847	5579	6344	7899	5421	4968	7374	6796	6042	5131	5548	5650	5572	5208	6514
Pigmentiphaga	6976	7777	6627	5593	6783	6566	6818	7273	7784	5862	7895	5802	5397	6321	7479	5320	4933	6978	6880	6275	4964	5639	5365	5676	5162	6346
Myroides	6143	6346	7308	5131	5472	5084	8630	5738	6326	6026	7742	7097	5699	7117	7104	6281	6555	6779	6778	7724	5753	4642	5234	4852	5258	7388
Pontibacter	6639	7513	6750	5268	6649	6535	6805	6869	7170	5850	7890	5939	5644	6606	7638	5410	5361	6977	6791	6219	5089	5454	5336	5519	5294	6262
Eleftheria	7076	7628	6590	5576	7104	6550	6459	7469	7773	6073	7598	5695	5459	6205	6836	4920	4814	7306	7058	5920	5027	5763	5207	5608	5149	6200
Thalassospira	6812	7655	6535	5628	7056	6682	6703	7330	7234	5833	7856	5652	5466	6213	7536	5299	4948	6944	6566	6069	5097	5215	5264	5399	5037	6343
Psychroserpens	6096	6918	6970	5402	5603	5168	8019	6135	6753	5720	7551	6465	5918	7385	6987	5960	5966	6449	7027	6974	5709	4592	5382	4647	5226	6475
Ferrimonas	6847	7365	6577	5057	6356	6021	6731	7090	7407	5775	7879	5787	5443	6597	7331	5353	5128	6985	6987	6157	4980	5216	5222	5506	5291	6360
Pengzhenrongella	6640	7877	7285	5642	7179	7050	6112	7426	6987	5753	7313	5492	4883	6020	7687	4917	4554	7503	6446	6034	4741	5651	5194	5738	4974	6209
Casimicrobium	6903	7942	6424	5655	7313	6644	5838	7254	7425	5877	7518	5465	5251	6265	7607	5217	4846	7133	6867	5693	4846	4694	4982	5513	5056	6176
Sulfuritalea	6715	7119	6394	5168	6076	5770	6916	7075	7369	5890	7996	5900	5330	6260	7385	5506	5409	6856	7117	6273	4696	5306	5069	5324	4969	6415
Endozoicomonas	6605	6935	6850	4769	6156	5722	6979	6836	7478	6210	7934	5986	5743	6468	7186	5373	5423	6505	6765	6195	4995	5114	5077	5361	5160	6258
Actibacterium	7102	7386	6010	6104	6882	6821	6956	7204	7110	5837	8034	6070	5511	5859	6698	4930	4617	6670	5525	6105	4457	5283	5027	5190	4983	6676
Aequorivita	7509	7148	6489	4955	5726	5823	7478	6391	6339	5239	8020	5909	6038	6454	6861	5963	6063	6321	6073	6256	5524	5519	4804	4791	4833	6493
Aeoliella	6413	8219	6608	5523	7715	7638	5882	6766	7058	5630	7336	5330	5172	5892	7169	5000	4787	7238	6360	5705	4701	5238	5129	5177	4905	6054
Crossiella	6707	7571	6806	5583	7009	6729	6016	7128	7139	5655	7304	5489	4950	5825	7481	4989	4568	7180	6359	6002	4929	5721	5138	5587	4789	5948
Defluviicoccus	6434	7790	6326	5424	7263	6849	6017	7089	7378	5760	7754	5406	5141	6009	7245	4821	4678	6892	6654	5707	4744	5284	5141	5397	4922	5976
Kaustia	6678	7936	6163	5667	7110	6967	6039	7387	7264	5771	7370	5581	5061	5778	7446	4804	4479	7056	6305	5798	4683	5376	4970	5375	4850	6143
Desulfarculus	6516	7629	6370	5089	6573	6127	6331	7055	7258	5715	7488	5472	5226	6101	7520	5119	4666	6928	6410	5663	4771	5288	5086	5363	4973	6246
Fuerstiella	6465	7817	6643	5614	8074	7430	6055	6675	6838	5613	7067	5343	5311	6019	6949	4972	4746	6580	6271	5632	4755	5047	5051	5063	4704	5673
Limnoglobus	6334	7667	6346	5469	7130	6981	6009	6930	6917	5683	7205	5469	5106	5850	7112	4749	4681	6993	6443	5611	4603	5211	5124	5519	4917	5939
Nitrobacter	6619	7795	6037	5618	6911	6893	5855	6721	6864	5619	7378	5531	5069	5687	7362	4996	4655	6731	6284	5853	4588	5201	4999	5082	4710	6054
Rhodoplanes	6431	8061	6087	5782	7137	7033	5798	6699	6911	5633	7189	5279	4787	5775	7332	4838	4694	6702	6376	5701	4417	5329	5021	5247	4684	5836
Morganella	6365	6715	6610	4486	6562	5698	6541	6992	7407	5646	7552	5406	4914	6535	7198	5018	5030	6499	6634	5980	4770	4975	4962	5246	4904	5874
Simplicispira	6873	7302	5984	5076	6664	5999	6360	7024	7425	5745	7621	5391	5068	6051	6549	4668	4734	6510	6766	5844	4520	5116	4819	5132	4765	5841
Arsenicicoccus	6372	7300	6705	5401	6487	6580	6004	6812	6549	5451	6911	5290	4853	5655	7043	4606	4344	7256	6359	5854	4534	5372	4785	5246	4622	5883
Solimonas	6421	7136	6050	4985	6159	5995	6231	6912	6989	5599	7453	5292	5060	5819	7139	4830	4536	6530	6252	5747	4734	5255	4960	5295	4804	5872
Haematobacter	6742	7409	5807	5502	6688	6043	6271	6728	6918	5670	7632	5806	4852	5507	7087	4831	4304	6518	6310	5599	4433	4702	4694	5116	4636	6245
Lactococcus	8834	6735	4695	11217	7114	7766	6588	3693	6827	4581	5733	5877	3933	5460	7642	4081	3847	7531	5849	4179	4037	6200	4552	4045	4501	6494
Desulfatibacillum	6245	7197	6124	4848	6392	6036	6203	6626	6955	5466	7373	5128	5244	5864	7096	4913	4752	6693	6245	5653	4716	4803	5174	5090	5009	6014
Tomitella	6415	7271	6465	5293	6792	6690	5738	6809	6486	5390	6962	5492	4651	5631	7031	4826	4304	7054	6221	5751	4484	5342	4990	5260	4627	5854
Pseudorhodobacter	9087	4539	3572	7864	4139	4207	10413	6832	6172	6394	11435	7623	5782	4838	4198	3965	3972	4537	4076	5589	3625	4419	3905	5320	5437	9579
Loktanella	6675	5943	4497	8984	5643	5784	7577	6566	6044	5770	10252	6434	5476	4647	6124	4411	4176	4864	4597	5943	3715	4767	4228	4764	4807	8583
Paludibacterium	6415	6967	6035	4841	6015	5711	6305	6735	6858	5594	7369	5294	5006	5854	7153	4983	4692	6590	6350	5825	4714	5146	4886	5212	4830	5858
Sinomonas	6146	7340	6382	5300	6913	6664	6019	6922	6373	5455	6908	5145	4723	5538	7125	4547	4385	6906	6352	5598	4451	5301	4847	5181	4728	5898
Couchioplanes	6588	6987	6321	5441	6720	6687	5790	6908	6507	5260	6801	5290	4685	5516	7028	4784	4222	6764	6034	5555	4528	5321	4957	5212	4566	5855
Acidiferrobacter	6365	6611	6085	4552	5762	5484	6296	6721	7212	5622	7525	5348	5026	6047	6909	4995	4730	6427	6381	5686	4626	4937	4901	5147	4911	5943
Shigella	7459	8132	5600	7111	5433	5816	6380	6696	5490	6154	4953	4208	3869	4815	7008	5884	4523	5879	7183	4622	5399	6491	3767	4697	7522	3781
Nonlabens	5540	6136	6659	4572	5341	4907	7330	5688	5862	5252	7225	6075	5413	6268	6778	5580	5591	6109	6061	6543	4772	4434	4834	4458	4811	5969
Flaviramulus	5188	6382	6449	4937	4724	3987	7079	5944	6705	4863	6456	5921	6196	7216	6160	5253	5873	5955	7328	6682	5301	4265	5097	4086	4687	5290
Salinicola	6358	6786	6029	4764	5796	5795	5858	6580	6969	5384	7247	5315	4884	5535	6778	4752	4602	6186	6098	5586	4601	5095	4833	5204	4791	5845
Capnocytophaga	5934	6307	6420	4686	5407	4950	6960	5645	6073	5262	6896	5870	5359	6222	6794	5311	5384	6250	6158	6093	4806	4541	4837	4684	4670	6000
Sideroxydans	6238	6396	5963	4567	5611	5382	6210	6507	6746	5473	7142	5298	5115	5981	6841	4935	4845	6135	6395	5789	4529	4916	4835	5031	4696	5896
Blastopirellula	5924	7511	5895	5076	7213	7166	5525	6338	6383	5248	6705	4889	4769	5371	6978	4541	4316	6426	5770	5355	4376	4569	4766	4899	4477	5513
Pedococcus	6267	7036	6163	5143	6333	6386	5607	6568	6209	5377	6707	5199	4445	5453	6964	4444	4154	6865	5864	5677	4300	5136	4620	5047	4372	5645
Mitsuaria	6228	6824	5858	4874	6566	5906	5611	6951	7093	5499	6906	5087	4848	5717	6154	4434	4334	6424	6083	5388	4399	4984	4666	5007	4521	5572
Desulforapulum	6072	6395	6140	4374	5895	5567	5963	6161	6723	5293	7157	5167	5214	5662	6987	5127	4665	6163	6181	5485	4471	4610	4829	4836	4742	5896
Egibacter	5923	7099	5994	5150	6458	6489	5562	6723	6251	5186	6588	5135	4616	5312	7109	4624	4217	6768	5914	5390	4250	4988	4692	5009	4588	5419
Neobacillus	5728	6672	6039	4398	5685	5307	6147	6025	6593	5245	6782	5159	5087	5967	6712	5093	5011	6349	6106	5471	4589	4754	5037	5121	4725	5606
Zunongwangia	5889	6167	6525	4197	5326	4792	6781	5311	5846	5086	6702	5638	5129	6549	6891	5638	5644	5943	5998	6447	4938	4329	4610	4248	4502	6003
Caulifigura	5935	7308	6034	5167	6905	6742	5503	6269	6454	5290	6612	4912	4802	5362	6867	4565	4317	6404	5783	5286	4353	4705	4762	4806	4470	5381
Limnohabitans	6269	6128	5663	4927	5594	5065	6998	6525	6644	5784	7435	5775	5041	5749	5385	4496	4893	5936	6121	5754	4100	4698	4513	4715	4748	5851
Limosilactobacillus	5606	6774	5739	4931	6627	6126	5329	6101	6634	5057	6184	4934	4433	5591	6798	4977	4466	6733	6097	4952	4567	5150	4395	5330	4481	6279
Nitrosospira	6070	6588	6041	4577	5531	4989	6139	5993	6581	5307	7013	5211	5011	5859	6587	4667	4673	5870	6141	5526	4492	4722	4729	4883	4796	5798
Salegentibacter	5806	5951	6401	4331	5245	4897	6593	5077	5789	4961	6766	5770	5075	6542	7104	5454	5444	6061	5980	5939	4828	4175	4717	4110	4668	5919
Geobacillus	5835	6902	5882	4738	5985	5932	5853	6021	6368	5240	7006	5234	4653	5319	7004	4644	4441	6212	6143	5259	4366	4629	4640	4849	4766	5334
Polymorphospora	6050	6854	6126	5040	6184	6275	5417	6485	6207	5174	6559	4982	4437	5186	6928	4483	4089	6442	5867	5405	4220	5082	4537	5086	4418	5595
Actinokineospora	6015	6775	6058	5077	6329	6152	5463	6454	6097	5115	6517	5118	4561	5188	6846	4354	4147	6398	5758	5502	4438	4855	4687	4919	4474	5527
Dokdonella	6062	6635	5735	4576	5770	5654	5714	6333	6517	5242	7011	5110	4690	5379	6675	4586	4374	6315	5960	5383	4292	4677	4701	4835	4464	5697
Desulfoglaeba	5660	6640	5503	4496	6031	5727	5751	6138	6605	5132	6890	5042	4803	5488	6818	4881	4539	6126	5857	5223	4251	4473	4768	4786	4516	5705
Brevirhabdus	6144	6890	5485	5259	6471	6172	5679	6544	6424	5009	6769	5196	4671	5068	6173	4481	4210	6061	5567	5186	4209	4771	4403	4898	4390	5552
Arenibacter	5821	6241	5890	4408	5383	5258	6239	6172	6394	5019	6466	5556	5706	5781	6679	4816	4779	5996	5630	5300	4447	4511	4727	4213	4361	5503
Kibdelosporangium	5793	6612	6006	4893	6289	6092	5379	6102	6135	5131	6449	4891	4370	5307	6700	4366	4129	6571	5698	5107	4222	5085	4514	4984	4467	5297
Proteus	5720	6212	6017	4293	5391	5154	5795	5345	6206	4907	6933	4868	4749	5925	6644	5077	4851	5872	6114	5212	4609	4407	4300	4988	4582	5860
Actinopolymorpha	5785	6731	5844	4959	6176	5958	5403	6438	5999	5144	6349	4881	4315	5060	6678	4260	3970	6617	5803	5329	4156	4819	4726	4885	4113	5356
Pseudazoarcus	6099	6583	5460	4652	5934	5721	5470	6207	6613	4798	6787	4951	4598	5501	6592	4464	4266	6187	5872	5116	4269	4627	4465	4748	4392	5306
Rhodomicrobium	5807	7054	5496	4830	6135	5955	5250	6393	6290	4834	6301	4761	4329	5092	6571	4365	4085	6059	5553	5100	3888	4699	4568	4758	4444	5215
Microterricola	5879	6552	5837	4756	5866	5901	5296	6104	6033	4897	6209	4878	4320	5133	6464	4340	3928	6429	5670	5159	4119	4827	4568	5093	4156	5341
Desulfolithobacter	5699	6173	5795	4050	5346	4840	5625	5987	6375	5060	6521	4796	4680	5533	6682	4723	4418	6003	5970	5130	4490	4549	4615	4634	4532	5368
Paludibaculum	5810	6601	5461	4626	5696	5446	5549	5988	6202	5094	6614	4840	4645	5273	6641	4437	4081	6032	5690	4991	4327	4711	4558	4702	4339	5218
Rhodovastum	5715	6678	5488	4854	6027	5818	5457	6224	6223	5078	6394	4850	4586	5219	6398	4298	3943	5938	5715	5170	4141	4700	4364	4606	4321	5359
Alienimonas	5531	6891	5616	4953	6460	6111	5251	6068	6172	4972	6413	4624	4432	5180	6417	4301	4081	6098	5494	4983	4110	4508	4422	4680	4306	5246
Cronobacter	5729	6672	5537	4503	5887	5584	5643	6114	6054	4892	6526	4762	4498	5182	6477	4469	3992	6003	5722	5090	4219	4552	4442	4699	4372	5388
Allokutzneria	5671	6725	5630	4702	6016	6032	5378	6227	6108	4975	6373	4735	4202	5041	6463	4184	3932	6241	5402	5224	3986	4961	4493	4770	4030	5329
Frigoribacterium	5647	6624	5809	4956	6104	5921	5232	6002	5800	4974	6242	4796	4251	5031	6452	4231	3918	6371	5465	5066	4181	4748	4611	4829	4105	5231
Kytococcus	5668	6411	6575	4756	5900	6002	5135	6323	6051	4840	6375	4724	4077	4947	6315	3940	4084	6369	5715	5014	3985	4768	4362	4722	4123	5275
Desulfopila	5581	6127	6419	3867	5520	5122	5420	5671	6158	5015	6266	4674	4781	5307	6735	4679	4342	5703	5715	4957	4311	4363	4680	4562	4413	5433
Alloalcanivorax	5772	6166	5491	4289	5420	4966	5722	6024	6182	4792	6723	4885	4541	5482	6388	4361	4217	5754	5773	5240	4217	4388	4299	4647	4454	5324
Akkermansia	5292	6435	5544	4801	6039	5851	5481	5997	6086	4855	6271	4569	4409	5189	6527	4316	4064	5720	5546	5131	4023	4379	4458	4395	4239	5152
Tepidimonas	5536	6404	5265	4586	5734	5547	5297	6209	6526	5084	6529	4665	4420	5216	5953	4159	3966	5825	5914	4815	4062	4462	4484	4642	4322	5134
Methylosinus	5713	6760	5340	4658	6017	5800	5181	5858	5959	4952	6327	4669	4289	5004	6362	4286	3986	5866	5406	4927	4003	4582	4225	4544	4167	5144
Tabrizicola	6218	6077	4665	5366	5460	5319	6200	6115	5784	5147	6944	5273	4311	4688	5618	4016	3690	5308	4969	4831	3562	4255	4190	4552	4453	5935
Roseiflexus	5428	6515	5254	4338	5672	5603	5280	5960	5945	4770	6060	4720	4405	5154	6435	4339	3948	5857	5366	4810	4151	4580	4435	4669	4229	5014
Rhodocaloribacter	5559	6415	5307	4576	5507	5255	5332	5925	5910	4703	6334	4569	4348	5024	6566	4157	3933	5863	5437	5034	4002	4466	4366	4682	4258	5097
Tsuneonella	5452	6266	5286	4824	5588	5686	5352	5879	5883	4738	6179	4497	4227	5055	6383	4258	3926	5747	5373	5002	4091	4759	4246	4669	4141	5105
Lactobacillus	5447	5894	5261	4284	5144	4629	5678	5313	5618	5186	6241	4808	4475	5317	6497	4691	4879	5547	5515	5054	4529	4092	4372	4518	4244	5283
Planococcus	5308	6179	5392	4446	5466	5197	5333	5496	5747	4673	6311	4664	4525	5246	6184	4436	4144	5804	5437	4935	4084	4367	4286	4588	4109	5119
Selenomonas	5286	6297	5409	4507	5697	5622	5314	5821	5726	4870	6136	4540	4425	4917	6152	4341	3969	5818	5243	4702	4089	4426	4364	4592	4141	5051
Alkalilimnicola	5607	5869	5226	4172	5197	4901	5534	6076	6397	4861	6490	4655	4370	5150	6050	4273	3971	5539	5509	5083	4036	4319	4178	4417	4304	5150
Herbiconiux	5641	6404	5542	4576	5789	5835	5107	5858	5450	4867	6089	4617	4100	4941	6150	4064	3705	6000	5238	4892	3828	4576	4170	4663	3920	5104
Friedmanniella	5488	6298	5575	4534	5710	5802	5133	5954	5726	4655	5960	4560	4142	4782	6319	3934	3669	6149	5330	4908	3808	4680	4213	4513	4036	5049
Aquitalea	5489	5719	5441	4171	5241	4955	5586	5754	6030	4703	6316	4654	4399	5298	5886	4264	4113	5640	5443	5015	4118	4343	4379	4566	4246	5064
Beutenbergia	5490	6223	5722	4593	5755	5685	5045	5997	5603	4717	6060	4556	4052	4854	5998	4029	3657	6062	5351	4803	3833	4671	4324	4636	4115	4878
Parabacteroides	5041	5694	5423	3791	4856	4404	5130	4810	5414	4377	5844	4248	4115	5003	5928	8980	4508	5580	5515	4768	5594	4089	4393	4227	4139	4818
Thiolapillus	5673	5391	5355	3637	4614	4363	5837	5845	6289	4767	6642	4784	4520	5367	5850	4433	4343	5477	5680	5123	4078	4249	4194	4454	4331	5258
Halorhodospira	5600	5904	5163	4012	5137	4870	5314	5717	6137	4913	6360	4776	4392	5253	6038	4313	3876	5738	5519	4971	3993	4383	4247	4495	4210	5101
Orrella	5483	6222	5294	4221	5583	5039	5179	5634	6190	4703	6180	4475	4322	5204	6068	4187	4044	5829	5530	4845	4014	4283	4170	4363	4112	5078
Rugamonas	5693	5993	5037	4577	5549	5203	5119	5839	6106	4703	6278	4550	4303	4949	5915	4107	3977	5674	5437	4905	3926	4585	4162	4671	3975	4971
Kineococcus	5557	6326	5670	4413	5671	5543	4977	5884	5582	4707	5813	4728	4020	4849	6182	3956	3738	6000	5245	4932	3880	4709	4071	4631	4062	4926
Chondromyces	5199	6674	5188	4536	5467	5223	5276	5746	5743	4576	6142	4496	4122	5014	6372	4288	3815	5602	5406	4779	3957	4474	4265	4660	4129	4906
Seonamhaeicola	4466	5388	5749	4271	4021	3715	6395	5036	5775	4439	5762	5309	5262	5991	5416	4738	5044	5190	6185	5725	4647	3887	4438	3674	4237	4900
Gulosibacter	5304	6361	5581	4538	5674	5794	5040	5870	5478	4646	5913	4673	4031	4812	6261	4099	3778	5865	5262	4721	3842	4523	4172	4379	3938	5049
Brooklawnia	5523	6067	5910	4458	5972	5663	5083	6030	5711	4530	5703	4596	3958	4676	6038	3986	3726	6102	5272	4939	3576	4383	4048	4500	3860	5037
Jeongeupia	5425	6017	5165	4284	5265	5137	5135	5636	5961	4552	6113	4440	4195	5138	5872	4155	3833	5512	5390	4886	3948	4452	4039	4450	4148	5002
Marinomonas	4754	5011	5125	3580	4478	4368	6208	6207	6210	4812	6744	4705	5482	5106	5263	3981	4303	4776	5296	4852	3899	3948	3834	4165	4136	6847
Hahella	5356	5656	5361	4074	5034	4664	5393	5529	5921	4642	6348	4420	4413	5147	5833	4217	4168	5443	5358	5037	3967	4220	4152	4238	4157	4792
Caldichromatium	5550	5383	5203	3648	4853	4706	5360	5908	6223	4585	6499	4544	4445	5013	5797	3968	3992	5615	5656	4838	3887	4165	4189	4418	3935	4999
Blastomonas	6175	4501	3639	4665	3215	3279	6976	6005	5713	4971	10238	4655	5115	4204	4165	3743	3578	4682	4386	5104	3679	4604	4336	4168	4293	7247
Jiella	5436	6336	5046	4577	5780	5490	5034	5609	5660	4699	5849	4432	4066	4700	5797	3942	3661	5641	5225	4663	3763	4336	4139	4247	4006	4935
Aquisalimonas	5290	5621	5076	4021	4773	4535	5463	5761	5936	4524	6363	4458	4369	4970	5842	4109	3954	5596	5519	4864	3982	4251	4158	4388	4235	5002
Solicola	5400	6064	5534	4427	5644	5608	4799	5807	5498	4641	5802	4537	3979	4685	6010	3918	3555	5892	5103	4729	3814	4522	4055	4337	3795	4809
Treponema	5154	5789	5264	4131	4843	4956	5454	5251	5542	4460	5994	4526	4253	5147	5932	4353	4202	5421	5373	4836	4070	4097	4259	4307	4179	4858
Olleya	4541	5248	5877	4002	4151	3728	6280	4584	5531	4427	5926	5202	4651	5662	5486	4856	5017	4927	5723	5767	4454	3659	4198	3637	3917	5094
Isoalcanivorax	5418	5664	5154	3701	4970	4714	5215	5762	6098	4685	6213	4533	4285	4991	6047	4194	4137	5309	5588	4777	3905	4010	4003	4210	4069	4800
Rhodothermus	5336	6116	5092	4289	5402	4993	5207	5526	5641	4630	5931	4522	4172	4844	6372	3968	3771	5428	5091	4676	3827	4282	4144	4295	3985	4773
Silicimonas	5433	5880	4973	4526	5717	5525	5001	5676	5537	4506	5893	4550	4186	4731	5704	3854	3887	5536	5078	4854	3742	4236	3943	4152	3986	4830
Chloracidobacterium	5174	6205	5058	4127	5414	5010	4856	5668	5655	4556	6000	4458	4156	4932	5971	4011	3744	5639	5175	4580	3838	4324	4053	4395	3995	4834
Edaphobacter	5183	5956	5056	4127	5224	5114	4982	5434	5579	4543	5836	4458	4135	4761	6065	4259	3817	5379	5107	4568	4058	4298	4216	4540	4121	4944
Chelativorans	5345	6078	5016	4490	5754	5523	4872	5700	5873	4638	5942	4398	4122	4700	5833	3848	3619	5612	4943	4654	3742	4345	3976	3969	3891	4843
Alloactinosynnema	5284	5943	5423	4595	5562	5324	4692	5632	5439	4645	5566	4392	3941	4728	5867	3947	3630	5758	5176	4776	3656	4502	3997	4310	3894	4716
Humisphaera	5084	6168	5101	4383	5616	5339	4904	5430	5549	4440	5725	4396	4073	4795	5897	4054	3808	5371	4969	4674	3861	4302	4270	4281	3947	4853
Rubinisphaera	5075	6228	5269	4341	5940	5744	4878	5365	5454	4523	5759	4396	4134	4650	5712	3935	3741	5516	5198	4580	3871	3981	4045	4103	3843	4676
Gloeobacter	4968	6081	5001	4349	5397	5166	4930	5312	5496	4484	5793	4425	3917	4672	5876	3917	3730	5389	5061	4658	3699	4269	4169	4224	3959	4734
Niveibacterium	5278	5773	4864	4175	5074	4817	4896	5691	5775	4498	6085	4293	4085	4867	5659	4056	3729	5302	5125	4504	3814	4171	3939	4153	3972	4786
Mumia	5187	5850	5271	4066	5417	5356	4591	5586	5168	4440	5578	4374	3957	4719	5970	3909	3469	5784	4998	4715	3609	4358	3983	4358	3766	4822
Paralcaligenes	5254	5973	5022	4248	5279	4690	4946	5756	6095	4436	6183	4091	3916	4647	5771	3894	3623	5318	5343	4628	3648	3938	3841	4159	3795	4798
Occultella	5150	5765	5305	4329	5433	5406	4639	5660	5238	4356	5672	4370	3976	4434	5846	3830	3544	5635	4993	4587	3733	4317	3906	4200	3901	4800
Aurantimonas	5253	6377	4813	4429	5634	5535	4720	5665	5476	4421	5771	4422	3733	4465	5707	3777	3549	5400	4899	4537	3619	4151	3938	4226	3694	4725
Methylomicrobium	5058	5457	5162	3718	4862	4400	5075	5412	5820	4545	6043	4425	4239	4931	5741	3956	3826	5099	5309	4627	3837	3974	3870	4119	4044	4936
Actinacidiphila	5146	5777	5157	4513	5294	5164	4852	5629	5292	4400	5575	4209	3824	4415	5728	3702	3502	5560	4994	4549	3677	4371	3976	4420	3774	4718
Desulfoluna	5031	5685	4848	3871	5029	4623	5067	5234	5617	4447	5843	4400	4200	4648	5848	4010	3926	5226	5168	4493	3595	3859	4157	4128	3824	4799
Syntrophobacter	4984	5757	4872	3858	4852	4698	4937	5326	5500	4378	5942	4265	4156	4843	5715	4018	3698	5318	5115	4356	3717	3949	4182	4092	3967	4715
Thermobispora	5104	5829	5119	4408	5103	5170	4738	5404	5326	4309	5639	4291	3786	4457	5861	3731	3450	5420	4921	4546	3684	4252	3914	4205	3745	4543
Sulfuricella	5146	5145	4713	3684	4620	4190	5081	5426	5707	4443	6059	4313	4175	4779	5474	4032	3912	5182	5248	4784	3573	3885	3966	3895	3816	4953
Persicimonas	4982	5823	4953	4116	4903	4911	4909	5280	5240	4280	5596	4300	3902	4644	5714	3782	3583	5233	4991	4548	3681	4109	3846	4149	3851	4590
Breoghania	5123	6085	4710	4324	5564	5273	4634	5357	5300	4268	5704	4122	3891	4451	5567	3876	3536	5197	4832	4327	3402	4095	3844	3992	3639	4635
Aliiroseovarius	5254	5463	4474	4613	5264	4967	5480	5339	5330	4410	5926	4486	4039	4249	5213	3685	3609	4815	4595	4461	3515	3972	3769	3924	3942	4894
Laribacter	5178	5645	4797	3962	4863	4418	4837	5243	5750	4216	5826	4010	4017	4609	5561	3995	3644	5239	5068	4336	3556	3881	3828	3973	3698	4455
Guyparkeria	5105	5110	4882	3493	4649	4324	4972	5353	5880	4319	5841	4199	3957	4658	5395	3815	3776	5230	5096	4501	3486	3956	3874	4068	3858	4791
Idiomarina	5055	5283	5104	3670	4631	4234	5121	5100	5527	4245	5912	4260	4262	4948	5549	3980	3944	4879	5054	4543	3587	3775	3825	3871	3687	4508
Neotabrizicola	5298	5522	4428	4415	5033	4935	4996	5549	5409	4409	5865	4591	3903	4297	5141	3593	3528	4906	4614	4374	3389	3981	3752	4009	3753	4853
Desulfobacca	5014	5663	4872	3609	4865	4626	4780	5285	5413	4404	5650	4171	3990	4613	5809	3836	3536	5084	4821	4348	3672	3980	3809	3943	3772	4672
Changchengzhania	4094	4954	4946	3795	3835	3300	5673	4911	5322	3940	5440	4661	4838	5567	5134	4296	4606	4709	5704	5159	4241	3495	4002	3338	3784	4477
Actinotalea	4914	5545	5187	4137	5032	5023	4493	5358	5033	4499	5467	4287	3650	4515	5439	3491	3320	5456	4751	4483	3524	4183	3792	4247	3608	4560
Plantibacter	4847	5672	4805	4160	5173	5081	4530	5573	5271	4184	5470	4115	3781	4364	5620	3656	3293	5465	4710	4400	3535	4131	3894	4110	3619	4532
Algoriphagus	4185	5292	4836	3545	4379	3743	6401	5261	5303	4167	6413	4624	5266	4871	4016	3510	3945	4620	4664	4499	4591	3552	3986	3584	3835	4636
Dyadobacter	4541	5374	4989	3802	4716	4483	5063	4883	5115	4207	5589	4254	4086	4764	5480	3954	3972	5023	4749	4608	3620	3746	4005	4074	3936	4554
Peterkaempfera	5087	5571	4964	4192	5041	4934	4524	5341	5089	4227	5336	4089	3756	4371	5723	3559	3477	5268	4731	4378	3571	4166	3926	4040	3765	4366
Xylophilus	4910	5510	4652	4140	5053	4716	4651	5447	5614	4256	5611	4251	3814	4543	5186	3489	3449	5181	4871	4336	3628	3871	3865	4123	3588	4368
Bartonella	4665	5149	4966	3884	4641	5064	5613	4684	5087	4138	5298	4650	4090	4663	5340	4044	3871	4877	4802	4349	3563	3594	4268	3719	3613	4449
Cystobacter	5005	5769	4631	4189	4795	4745	4713	5032	4985	4210	5504	4146	3800	4487	5450	3846	3563	5056	4922	4384	3481	4139	4104	4039	3674	4391
Pontivivens	4983	5669	4534	4218	5323	5038	4661	5260	5291	4107	5632	4228	3790	4228	5165	3681	3529	5262	4715	4380	3542	3957	3793	3913	3599	4560
Streptantibioticus	5045	5654	4886	4038	5151	4932	4699	5292	5106	4081	5417	3964	3551	4305	5518	3592	3344	5367	4733	4443	3571	4117	3920	4141	3703	4428
Acidiphilium	4857	5562	4680	4197	5171	4919	4595	5230	5343	4219	5503	4087	3833	4361	5351	3672	3465	5153	4722	4280	3456	3911	3738	3907	3688	4355
Tamlana	4154	4741	4942	3622	3778	3301	5695	4531	5135	3921	5289	4558	4560	5488	4932	4177	4434	4598	5429	5235	4095	3334	4022	3201	3724	4574
Oleidesulfovibrio	4527	5596	4743	3419	4943	4626	4672	5170	5491	4094	5567	4078	3764	4357	5611	3799	3605	5048	5074	4205	3383	3691	3891	3862	3748	4487
Yoonia	5294	5011	4183	4796	4859	4905	5282	5457	5042	4299	6105	4392	3957	4069	4783	3501	3357	4406	3938	4377	3156	3755	3571	3708	3733	4912
Candidatus_Reidiella	4892	4529	4794	3126	4216	3878	5168	5097	5254	4272	5986	4377	4062	4897	5027	3845	3775	4809	5091	4632	3655	3782	3813	3703	3668	4469
Methylomagnum	4701	5071	4660	3551	4454	4362	4845	5234	5347	4195	5666	4041	3858	4593	5290	3628	3616	4867	4882	4434	3525	3889	3688	3950	3571	4551
Collinsella	4897	5481	4575	3921	4768	4642	4501	5233	5088	4185	5363	4026	3539	4414	5501	3645	3316	5132	4732	4224	3307	3954	3720	4000	3541	4535
Terriglobus	4661	5551	4603	3919	4742	4494	4629	4846	5051	4102	5265	3965	3755	4356	5389	3819	3552	5101	4722	4216	3513	3924	3900	3930	3585	4484
Leptolyngbya	4691	5443	4513	3863	4882	4753	4629	4886	5034	4175	5272	4008	3811	4474	5510	3584	3454	4876	4672	4394	3573	3706	3826	3931	3611	4445
Methylocella	4687	5643	4554	3985	5014	4962	4345	5139	5074	4210	5409	3939	3550	4250	5260	3611	3328	5058	4560	4099	3462	3943	3632	3953	3582	4396
Blautia	4721	5519	4343	3599	4359	4270	4677	4779	4929	4154	5584	4144	3746	4479	5368	3774	3759	4780	4620	4170	3461	3722	3770	3760	3702	4428
Mameliella	4867	5254	4326	4232	4899	4707	4789	5044	5076	4096	5524	4101	3834	4097	4832	3570	3358	4954	4246	4175	3215	3762	3591	3811	3502	4463
Micropruina	4651	5424	4848	3822	4889	4854	4260	5098	4824	4140	5079	3942	3451	4244	5352	3400	3176	5080	4637	4288	3337	3866	3730	3925	3340	4306
Lysinibacillus	4501	5403	4754	3819	4778	4457	4159	4515	5197	3996	5396	3746	4127	4348	5499	3893	3481	5005	4363	4282	3214	3342	3483	3383	3739	4395
Sterolibacterium	4641	5270	4502	3535	4399	4451	4241	5037	5133	4100	5534	3863	3880	4358	5260	3592	3386	4791	4720	4026	3558	3530	3600	3897	3575	4304
Parasedimentitalea	4998	5060	4346	4274	4598	4672	5015	4940	4998	4086	5622	4227	3767	4094	4620	3478	3441	4403	4146	4106	3310	3569	3408	3679	3587	4639
Arachnia	4680	6750	4698	3696	4817	4658	4263	4881	4813	4004	5086	3770	3403	4110	5106	3541	3126	5067	4449	4061	3357	3801	3602	3834	3311	4186
Vulgatibacter	4684	5512	4327	3923	4685	4478	4515	4815	4892	4046	5255	3839	3569	4116	5341	3531	3270	4887	4679	4261	3258	3794	3603	3909	3569	4152
Tetrasphaera	4574	5195	5042	3789	5092	4750	4184	5103	4738	3913	5102	3932	3369	4171	5205	3349	3030	5185	4499	4247	3306	3974	3621	3819	3383	4322
Flaviflexus	4689	5398	4647	3928	4967	4703	4311	5037	4769	3983	5177	3907	3535	3987	5354	3413	3232	5187	4372	4238	3248	3756	3461	3730	3240	4068
Planctopirus	4414	5607	4642	3962	5529	5129	4064	4646	4918	3903	5008	3664	3776	4068	4928	3469	3280	4902	4612	3947	3245	3498	3582	3707	3389	4079
Siansivirga	3720	4472	4766	3630	3478	2978	5514	4516	4958	3597	4768	4223	4587	5343	4454	3796	4410	4477	5330	4976	4104	3065	3852	2991	3433	3863
Methyloversatilis	4606	4971	4082	3691	4335	4242	4852	4942	4929	3887	5513	4047	3712	4390	4938	3466	3502	4564	4501	4136	3305	3640	3544	3779	3513	4097
Methylomarinovum	4689	4737	4324	3398	4260	3963	4561	4880	5053	3990	5337	4108	3768	4246	5075	3383	3389	4904	4475	4201	3337	3633	3613	3821	3594	4346
Sphaerobacter	4515	5336	4315	3853	4893	4860	4258	4931	4904	3919	4933	3735	3384	4000	5243	3515	3076	4874	4456	3995	3234	3716	3545	3895	3420	4217
Chenggangzhangella	4724	5356	4353	3894	5019	4704	4182	4958	4936	3962	5187	3749	3526	3977	5182	3323	2928	4955	4395	4038	3202	3789	3407	3812	3246	4137
Stackebrandtia	4435	5220	4643	3828	4811	4653	4197	4866	4617	3870	5090	3732	3412	4081	5193	3386	3137	4848	4390	4103	3304	4008	3521	3880	3319	4167
Calothrix	4106	4847	4702	4143	4635	5001	4425	4127	4456	3883	4746	3665	3593	4192	4826	3683	3620	4508	4494	4141	3428	3383	3631	3594	3383	4250
Zhihengliuella	4638	5222	4778	3871	4610	4623	3869	4989	4661	3968	4700	3993	3338	4191	5430	3213	3178	5063	4299	3964	2980	3664	3411	3719	3137	3947
Moraxella	4245	4632	4314	3477	3968	4749	4334	4128	4493	3773	4959	3558	4243	4180	5684	3493	3498	4178	4392	3919	4177	3298	3359	3313	4118	4877
Rheinheimera	3159	3351	3359	2351	2792	2725	6552	5465	6535	4704	6669	4190	4993	3396	3457	2856	3056	3074	3548	3489	3622	3476	2434	3668	3795	10436
Desulfobacula	4359	4698	4404	2991	4058	3983	4699	4381	4843	4020	5387	3783	3924	4336	4952	3828	3687	4515	4436	3927	3365	3346	3663	3553	3493	4348
Pyxidicoccus	4631	5400	4176	3804	4311	4506	4174	4609	4483	4029	4772	3891	3494	4141	5016	3498	3340	4464	4435	4197	3177	3820	3633	3764	3290	3920
Pseudorhizobium	4593	5145	4473	3814	4766	4554	4154	4633	4904	3892	5188	3698	3552	4036	5039	3408	3124	4754	4202	3851	3041	3662	3419	3608	3304	4142
Luteimicrobium	4551	5253	4492	3851	4813	4717	4108	4865	4596	3860	4779	3792	3333	3887	5115	3256	2872	4951	4219	4016	3234	3925	3404	3809	3182	4068
Asticcacaulis	4602	4975	4466	3635	4481	4337	4284	4773	4848	3739	5147	3778	3470	4147	4990	3320	3284	4639	4329	3978	3222	3650	3577	3725	3411	4106
Echinicola	4084	4970	4491	3321	4112	3942	4831	4450	4658	3777	5121	3899	3953	4526	4845	3632	3574	4418	4535	4232	3516	3249	3588	3475	3489	4112
Chlorobaculum	4416	5016	4279	3498	4358	4172	4293	4754	4719	3879	4929	3860	3694	4156	5172	3393	3239	4726	4343	3973	3335	3637	3532	3696	3343	4119
Kushneria	4430	4776	4449	3367	4054	4083	4521	4675	4824	3980	5221	3864	3601	4143	4844	3503	3381	4480	4571	4027	3258	3540	3391	3574	3384	4185
Arenimonas	4394	4835	4189	3594	4264	4101	4406	4837	4836	3972	5245	3791	3587	4132	4952	3364	3261	4526	4418	3853	3193	3523	3451	3647	3475	4160
Methylogaea	4338	4616	4318	3282	4038	3902	4500	4677	4867	3845	5307	3748	3526	4373	4876	3500	3215	4439	4530	4155	3276	3603	3445	3636	3619	4143
Mariniblastus	4238	5388	4343	3683	5177	5080	4036	4532	4676	3864	4750	3509	3503	4008	4864	3377	3212	4646	4245	3793	3264	3348	3581	3417	3178	3988
Protofrankia	4411	5120	4455	3749	4576	4694	4025	4709	4526	3823	4688	3754	3267	3761	4923	3393	2940	4832	4215	3802	3180	3710	3377	3676	3181	3989
Abyssibius	4706	5036	3935	4293	4587	4372	4309	4839	4713	3843	5193	3805	3727	3767	4383	3199	3040	4245	3900	3939	3125	3463	3321	3332	3354	4211
Desulfomarina	4246	4592	4754	3141	4086	4039	4226	4357	4758	3864	5133	3561	3717	4197	5059	3573	3522	4343	4471	3790	3320	3292	3432	3590	3404	4115
Pseudalgibacter	3658	4424	4556	3295	3453	2901	5153	4025	4753	3463	4631	4098	4114	4943	4343	3786	4162	4118	4893	4695	3744	3072	3596	2917	3257	3958
Pelolinea	4134	5149	3938	3042	4459	4142	3954	4441	4839	3886	4697	3736	3475	4096	5165	3530	3039	4740	4423	3505	3416	3314	3722	3700	3287	3894
Auraticoccus	4226	5006	4438	3715	4653	4525	3983	4719	4481	3740	4701	3693	3230	3782	4910	3169	2959	4734	4206	3830	3093	3696	3381	3600	3232	3978
Marinicauda	4255	5133	4332	3516	4602	4523	4081	4712	4619	3828	4835	3631	3374	3851	4786	3174	3168	4479	4166	3778	3066	3529	3386	3521	3162	4147
Natronosporangium	4346	4998	4224	3569	4498	4577	4007	4786	4558	3709	4756	3631	3144	3781	4873	3181	2955	4645	4304	3873	3240	3633	3416	3495	3231	3956
Methylovirgula	4251	5108	4120	3609	4706	4530	4031	4485	4584	3765	4769	3579	3392	3892	4648	3213	3023	4498	4188	3690	3005	3530	3296	3430	3267	3831
Sodalis	4220	4565	4102	3152	4024	3932	4315	4452	4814	3776	4996	3616	3539	3896	4753	3311	3275	4499	4269	3919	3220	3376	3309	3465	3359	4057
Gluconobacter	4276	5029	4174	3381	4445	4148	4124	4556	4523	3514	4891	3513	3278	3894	4817	3287	3076	4453	4268	3875	3142	3384	3391	3426	3229	3932
Methylocaldum	4415	4509	4201	3103	3883	3837	4161	4580	4826	3630	5087	3680	3539	4125	4667	3268	3221	4411	4301	3870	3144	3343	3271	3557	3322	3920
Simiduia	4086	4426	4454	3142	3916	3672	4350	4517	4650	3625	4992	3684	3624	4114	4662	3485	3327	4221	4380	4020	3159	3258	3349	3441	3365	3944
Sinimarinibacterium	4394	4540	4332	3050	4243	3788	4181	4420	4798	3657	4872	3672	3497	4293	4751	3488	3290	4283	4413	3854	3089	3194	3236	3331	3325	3829
Alkalimarinus	4054	4615	4311	2950	4077	3935	4239	4267	4594	3798	5032	3660	3584	4019	4721	3366	3370	4503	4391	3817	3035	3223	3299	3430	3313	4001
Desulfurivibrio	4122	4692	4101	3091	3890	3685	4303	4427	4810	3804	4906	3628	3468	3922	4976	3505	3111	4570	4276	3694	3242	3255	3260	3479	3218	4083
Telluria	4387	4815	3961	3314	4387	4145	4134	4572	4565	3696	4802	3642	3106	3858	4705	3251	3077	4422	4115	3700	3055	3468	3389	3441	3241	3961
Lacunisphaera	4217	4926	4197	3484	4347	4283	4162	4507	4642	3659	4907	3569	3203	3868	4822	3155	2942	4282	4101	3757	3036	3309	3294	3417	3191	3832
Polymorphobacter	4136	4785	3973	3478	4421	4226	4012	4533	4563	3688	4908	3633	3326	3696	4644	3219	3032	4430	4092	3799	3077	3448	3292	3569	3050	3801
Alloyangia	4384	4769	3934	3626	4399	4237	4107	4506	4598	3629	4899	3586	3333	3706	4636	3108	3063	4354	3937	3717	2929	3540	3336	3503	3221	3705
Tahibacter	4096	4720	4091	3167	4142	3945	4243	4467	4726	3638	4984	3559	3329	3931	4682	3209	3113	4312	4271	3752	3086	3376	3316	3544	3249	3747
Sulfurimonas	3992	3275	4654	2416	2799	2644	4215	3867	4252	3580	4694	3756	3351	5340	4987	3621	4701	4384	5199	3812	3270	3196	3572	3481	3294	4056
Zobellia	3983	4066	4218	3138	3613	3554	4803	4012	4098	3521	4684	4062	3758	4215	4481	3678	3726	4202	4040	4220	3246	2998	3370	3098	3192	4197
Hartmannibacter	4345	5156	4025	3595	4620	4508	3897	4433	4347	3613	4701	3495	3124	3788	4666	3123	2884	4349	4046	3649	2979	3480	3155	3295	3057	3759
Humibacter	4274	4816	4353	3461	4479	4213	3836	4418	4368	3569	4392	3556	3147	3662	4673	3137	2888	4482	4112	3648	3019	3413	3017	3507	3038	3928
Indioceanicola	4075	4783	3937	3476	4484	4297	3857	4531	4593	3684	4555	3508	3131	3652	4682	3102	2782	4328	4139	3635	2933	3453	3248	3495	3197	3797
Oceanimonas	4146	4566	4075	3110	3935	3750	4231	4499	4704	3539	4829	3555	3280	3920	4605	3309	3189	4107	4199	3899	3108	3292	3158	3368	3139	3737
Cohnella	4164	4817	4162	3291	4120	4043	3941	4300	4327	3554	4521	3411	3317	3700	4663	3269	3202	4380	4010	3665	3063	3353	3264	3558	3268	3753
Rhodophyticola	4377	4677	3861	3822	4381	4174	4296	4389	4430	3696	4989	3660	3277	3579	4240	3124	2959	3944	3762	3761	2914	3272	3088	3245	3115	4069
Phycisphaera	4070	4835	3962	3514	4348	4192	3790	4391	4367	3567	4576	3458	3183	3769	4721	3133	2883	4287	4103	3774	3044	3420	3192	3517	3095	3756
Nitrospirillum	4090	4865	4121	3342	4208	4134	3947	4406	4547	3575	4645	3579	3208	3628	4714	3009	2944	4389	4037	3616	2978	3388	3271	3349	3117	3658
Halothiobacillus	4199	4409	3876	2993	3630	3514	4197	4247	4618	3735	4907	3506	3507	4016	4637	3251	3162	4184	4287	3850	2967	3296	3242	3387	3220	3792
Mycetocola	4171	4721	4191	3422	4341	4212	3866	4267	4321	3483	4581	3463	3159	3717	4596	3055	2983	4526	3889	3757	3063	3389	3227	3399	3056	3754
Sulfidibacter	4034	4588	3844	3212	4073	3853	3997	4409	4413	3430	4658	3567	3241	3671	4768	3121	3095	4251	4041	3738	2978	3160	3265	3552	3245	3830
Marinimicrobium	4114	4456	4123	2918	3793	3564	4206	4485	4609	3531	4885	3441	3286	3840	4473	3127	3175	3999	4172	3733	2982	3086	3115	3264	3147	3734
Cedecea	3899	4359	3888	3124	3965	3869	4082	4173	4576	3532	4641	3484	3218	3779	4494	3061	2890	4064	4025	3791	2950	3178	3038	3253	3052	3669
Thalassotalea	3908	4079	4055	2907	3547	3403	4425	3994	4431	3407	4769	3538	3412	4092	4183	3289	3342	3953	4092	3781	3068	3032	3212	3181	3068	3716
Fontisphaera	3764	4593	3929	3116	3622	3463	4141	4161	4360	3334	4771	3340	3264	3741	4680	3108	3047	4108	4081	3665	3039	3162	3148	3325	2976	3748
Labrys	4046	4775	3837	3410	4378	4162	3769	4234	4295	3339	4509	3236	2959	3489	4463	2953	2718	4277	3867	3458	2755	3270	3092	3237	2966	3606
Pelagovum	4110	4419	3730	3556	4237	4062	3899	4385	4420	3515	4509	3436	3049	3565	4272	2938	2821	3997	3768	3505	2824	3173	3045	3124	2914	3587
Inhella	3985	4321	3842	3126	4238	3741	3714	4406	4463	3483	4533	3524	3132	3747	3951	2914	2807	4137	4013	3542	2917	3267	3043	3181	2984	3647
Pseudolysobacter	4078	4287	3938	2919	3937	3567	3917	4188	4400	3486	4700	3390	3209	3647	4311	3116	2938	3939	3889	3637	2962	3041	3005	3207	3084	3712
Pseudorhodoplanes	4014	4761	3735	3346	4410	4176	3729	4043	4200	3336	4365	3212	3114	3583	4552	2879	2800	4161	3892	3331	2727	3174	3092	3219	2856	3681
Moorella	3864	4453	3836	3046	3748	3746	3801	4094	4319	3388	4542	3336	3117	3706	4641	3066	2913	4150	3916	3518	2899	3195	3077	3168	3078	3727
Aurantiacibacter	3952	4397	3796	3347	3853	3933	3885	4316	4174	3445	4468	3307	3015	3599	4368	3203	2885	3985	3843	3416	2948	3142	3152	3167	3019	3597
Roseitalea	3979	4630	3801	3374	4345	4143	3614	4337	4207	3355	4356	3176	3045	3574	4278	2893	2696	4224	3782	3468	2833	3254	2979	3308	2912	3495
Vogesella	3946	4246	3779	3102	3932	3636	3887	4379	4470	3394	4598	3401	3099	3466	4198	3037	2875	4044	4000	3501	2939	3270	3032	3172	2967	3668
Minwuia	3945	4446	3660	3404	4014	3911	3716	4255	4275	3550	4456	3347	3123	3528	4323	2924	2805	4147	3810	3441	2842	3222	3057	3153	2965	3618
Melittangium	3881	4620	3684	3351	3788	3809	3821	4120	3946	3469	4234	3485	3135	3615	4332	3009	2789	4166	3956	3618	2643	3347	3164	3279	2934	3529
Rahnella	3911	4215	3855	2924	3690	3424	3834	4154	4239	3475	4548	3327	3097	3742	4398	3134	2928	4004	3969	3614	2951	3129	3009	3254	2996	3512
Verminephrobacter	4012	4201	3718	3204	3849	3693	3810	4219	4325	3521	4393	3324	3188	3676	3836	2827	2880	3970	4106	3525	2819	3259	2934	3220	2881	3684
Kluyvera	3868	4452	3828	2931	4048	3679	3778	4128	4311	3342	4386	3196	3002	3686	4337	3093	2945	3975	3909	3703	2809	3107	2935	3028	2897	3665
Allosaccharopolyspora	4031	4501	4148	3267	4266	4052	3655	4150	3943	3375	4177	3192	2739	3467	4384	2859	2771	4232	3810	3555	2727	3221	2958	3186	2894	3469
Ponticoccus	4001	4355	3550	3381	4137	3883	3826	4271	4071	3428	4470	3349	3096	3411	4135	2929	2704	3975	3670	3463	2782	3185	3006	3193	2866	3565
Oceanidesulfovibrio	3785	4412	3679	3014	3941	3733	3793	4157	4313	3377	4380	3331	3031	3573	4549	2932	2789	3987	3729	3419	2835	3122	3042	3128	2893	3513
Anaerolinea	3729	4653	3460	2793	4015	3597	3560	4079	4253	3422	4220	3186	3257	3585	4580	2981	2743	4176	3914	3182	3031	2958	3276	3255	2906	3294
Lichenihabitans	3877	4566	3717	3297	4241	4082	3473	4116	4095	3260	4286	3209	2988	3407	4225	2993	2741	4158	3708	3271	2694	3096	3004	3117	2854	3372
Salinisphaera	3743	4163	3767	2952	3840	3601	3676	4020	4272	3305	4447	3273	3002	3537	4331	2943	2852	4007	3877	3497	2946	3016	3072	3043	2944	3628
Olsenella	3783	4393	3749	3109	4118	4023	3346	4207	3888	3292	4355	3233	2892	3438	4458	2898	2525	4148	3854	3397	2842	3254	3026	3237	2796	3450
Urechidicola	3417	3574	4364	2617	3055	2729	4451	3409	3865	3019	4277	3840	3257	4451	4239	3561	3588	3768	3928	3846	3128	2693	2982	2642	2897	3980
Luteipulveratus	3843	4289	3914	3178	4022	4094	3459	4181	4018	3361	4103	3197	2687	3405	4306	2813	2655	4233	3643	3425	2718	3225	2986	3258	2758	3431
Roseimicrobium	3824	4458	3740	3290	4356	4206	3636	3799	4180	3221	4321	3116	2908	3454	4187	2847	2696	3770	3714	3347	2768	2995	3046	2989	2793	3466
Thalassomonas	3763	3849	3720	2783	3523	3251	4014	3873	4087	3260	4651	3448	3199	3551	4186	3140	3063	3845	3837	3583	2967	2964	2886	3108	2895	3590
Quatrionicoccus	3942	4125	3628	2870	3670	3342	3630	4042	4210	3307	4490	3188	3044	3489	4262	2855	2864	3803	3892	3360	2813	2946	2834	3153	2995	3624
Oerskovia	3781	4323	3879	3160	3922	3996	3385	4128	3972	3184	4093	3138	2839	3329	4231	2891	2676	4106	3703	3287	2724	3136	2860	3264	2852	3420
Prauserella	3756	4251	3775	3281	3965	3835	3445	4103	3888	3138	4133	3218	2884	3394	4295	2757	2673	4075	3688	3409	2621	3222	2971	3143	2849	3339
Stigmatella	3812	4750	3447	3316	3655	3850	3552	3711	3699	3414	3997	3323	3095	3500	4099	2985	2931	3629	3847	3527	2479	3153	2983	3038	2717	3288
Noviherbaspirillum	3638	4330	3714	3002	3763	3589	3759	3853	4280	3165	4361	3069	2879	3490	4147	2838	2733	3954	3846	3376	2664	3043	2846	2999	2788	3499
Flavivirga	3070	3720	3892	2775	2860	2466	4443	3542	4039	3089	4062	3534	3642	4270	3769	3222	3421	3540	4398	3822	3240	2702	3156	2551	2858	3410
Prosthecochloris	3671	4003	3717	2815	3569	3411	3706	3793	3984	3220	4420	3008	3066	3557	4224	2998	2845	3741	3751	3477	2819	2982	3046	2970	2945	3546
Teredinibacter	3728	3881	3847	2682	3521	3108	4053	3810	4011	3236	4543	3258	3183	3688	3895	3085	2951	3564	3766	3442	2715	2809	2879	2971	2930	3501
Subtercola	3709	4243	3917	3172	3870	3848	3339	3983	3776	3266	4027	3202	2823	3301	4261	2747	2570	4003	3634	3232	2613	3143	2948	2990	2758	3487
Gallaecimonas	3741	4005	3645	2746	3502	3378	3732	3917	4211	3205	4307	3143	3004	3472	3988	2957	2863	3670	3771	3320	2734	2949	2876	3066	2907	3473
Mesoflavibacter	3112	3569	3872	2715	2826	2470	4429	3288	3728	3066	4172	3646	5081	3898	3714	3096	3400	3484	3896	3796	3109	2484	2960	2481	2774	3465
Thermoflexus	3688	4274	3525	2869	3782	3658	3457	3873	3944	3111	4018	3041	2787	3354	4234	2729	2557	4068	3613	3314	2724	3067	3011	3017	2772	3373
Oceanithermus	3658	4250	3575	2970	3845	3659	3467	4089	3935	3085	4134	3111	2698	3332	4239	2746	2513	4030	3717	3217	2640	2990	2854	3112	2747	3129
Cnuibacter	3802	4114	3718	3085	3835	3981	3365	4014	3865	3143	4150	3128	2721	3303	4069	2646	2473	4066	3576	3244	2458	3130	2807	3007	2691	3227
Paenacidovorax	3711	4038	3494	2909	3578	3449	3586	4153	4300	3168	4256	3227	2871	3429	3708	2743	2516	3791	3794	3174	2578	2911	2811	2967	2772	3469
Caenibius	3483	4289	3438	3033	3831	3614	3495	3892	3966	3146	4039	3040	2919	3382	4019	2859	2648	3833	3501	3140	2688	3059	2722	2972	2788	3467
Cupidesulfovibrio	3609	4222	3538	2832	3613	3411	3357	3917	4007	3043	4290	3125	2940	3348	4277	2762	2639	3741	3655	3177	2716	2897	2881	3128	2765	3344
Stratiformator	3613	4400	3589	3149	4227	4053	3320	3845	3816	3142	3916	2884	2898	3180	4048	2755	2573	3839	3539	3031	2627	2787	2879	2867	2795	3407
Advenella	3742	4042	3669	2745	3529	3280	3598	3778	4038	3132	4399	3031	2923	3434	4148	2851	2782	3590	3620	3307	2620	2836	2922	2892	2810	3323
Ciceribacter	3831	3976	3190	3337	3964	4577	3414	4208	3976	3072	3932	3055	2835	2917	3674	2746	2550	3432	3379	3055	2975	2919	2900	2780	2811	3509
Tritonibacter	3839	4051	3369	3209	3627	3527	3832	3865	3827	3153	4359	3239	2903	3126	3758	2796	2626	3516	3398	3328	2590	2888	2715	2975	2709	3464
Draconibacterium	3349	3522	4323	2141	2472	2244	4297	3040	3498	2813	4633	3499	3132	4192	3924	3262	3615	3467	3992	3757	2704	2636	2951	2922	2777	3287
Nisaea	3620	4198	3358	3084	3774	3689	3515	3829	4002	3008	4001	2975	2768	3333	3929	2638	2559	3693	3448	3201	2518	2998	2799	2918	2723	3240
Azorhizobium	3565	4364	3301	3039	3818	3833	3258	3843	3858	3161	4067	2888	2721	3213	4099	2642	2499	3894	3479	3171	2563	2868	2768	2895	2706	3275
Thalassolituus	3616	3730	3595	2491	3209	3095	3870	3601	3935	3184	4245	3218	3088	3628	3713	2867	2944	3449	3761	3259	2634	2717	2832	2789	2716	3587
Caldinitratiruptor	3469	4276	3460	2835	3681	3594	3440	3830	3963	3166	3972	3026	2669	3307	4049	2643	2513	3808	3557	3048	2623	2967	2802	3089	2668	3303
Spiractinospora	3661	4016	3578	3096	3776	3745	3217	3942	3759	3118	3798	3146	2646	3255	4098	2497	2419	3933	3475	3261	2559	3011	2713	3083	2606	3326
Roseicitreum	3979	3695	3115	3382	3582	3558	4002	3962	3717	3211	4451	3281	2926	3034	3597	2610	2422	3501	3284	3151	2475	2859	2639	2810	2742	3740
Vescimonas	3271	4412	3373	2717	3775	3480	3544	3790	3946	3059	4084	2965	2623	3319	4433	2755	2507	3658	3554	3188	2643	2817	2708	2843	2814	3340
Pseudothauera	3634	4083	3466	2701	3504	3215	3586	3712	3957	3125	4213	2959	2884	3313	3970	2842	2739	3628	3801	3202	2392	2745	2617	2803	2810	3326
Allobranchiibius	3621	3991	3615	2846	3869	3732	3394	3740	3810	3048	3997	3113	2609	3174	3891	2703	2513	3974	3394	3168	2567	2993	2662	2951	2461	3167
Brenneria	3639	4042	3443	2768	3412	3162	3466	3689	3915	3089	4035	3097	2879	3445	3908	2837	2750	3587	3470	3254	2786	2774	2674	2845	2724	3274
Pacificitalea	3682	4076	3065	3352	3658	3734	3483	3921	3632	3129	4217	3008	2829	3151	3826	2657	2543	3495	3303	3147	2435	2733	2608	2914	2640	3483
Elioraea	3585	4219	3406	2975	3566	3669	3396	3910	3963	2997	3896	3034	2810	3078	3959	2667	2490	3742	3539	3059	2443	2890	2712	2829	2536	3180
Oricola	3499	4183	3406	2926	3795	3693	3417	3657	3836	2977	3877	2936	2796	3330	3886	2778	2460	3767	3430	3120	2428	2930	2733	2848	2719	3116
Candidatus_Nitrotoga	3653	3672	3485	2576	3405	3067	3605	3727	3905	3133	4208	3087	2970	3468	3918	2763	2660	3465	3518	3360	2574	2697	2671	2777	2726	3364
Pluralibacter	3657	3939	3426	2759	3688	3343	3412	3776	3840	3013	4009	3046	2725	3343	3830	2709	2561	3753	3600	3279	2533	2819	2622	2790	2707	3139
Salinimonas	3607	3705	3706	2435	3130	2925	3831	3610	3855	2919	4216	3135	2985	3336	3928	3005	2892	3389	3583	3260	2599	2601	2741	2871	2745	3306
Tropicibacter	3745	3913	3147	3190	3736	3528	3521	3844	3719	3095	4138	3164	2847	3063	3624	2582	2517	3467	3369	3088	2403	2711	2615	2886	2636	3531
Exiguobacterium	3456	4129	3443	3075	3563	3455	3283	3491	3596	3080	3964	2940	2767	3127	4059	2751	2697	3640	3465	3212	2577	2879	2759	2847	2572	3248
Chitiniphilus	3520	3921	3344	2848	3409	3281	3383	3638	3818	3109	4137	2887	2797	3334	3933	2834	2458	3527	3571	3192	2530	2758	2769	2867	2662	3233
Acidimicrobium	3552	3980	3385	2959	3778	3840	3298	3663	3644	3019	3662	2979	2596	3052	4053	2590	2343	3874	3357	3074	2532	2971	2682	2897	2562	3169
Tardibacter	3416	4038	3560	3031	3773	3588	3240	3687	3759	3000	3938	2854	2661	3122	4006	2457	2389	3880	3380	2942	2532	2857	2616	2753	2640	3239
Pseudoroseomonas	3481	4159	3369	2945	3758	3511	3191	3769	3731	2958	3715	2893	2622	3009	3747	2627	2420	3619	3345	3131	2592	2929	2706	2983	2693	3216
Allorhizobium	3484	4003	3395	2950	3639	3608	3174	3736	3697	3008	3996	2858	2683	3108	3942	2612	2466	3664	3428	3055	2318	2857	2692	2828	2599	3294
Aquabacter	3545	4150	3259	2864	3596	3595	3124	3731	3590	2976	3851	2932	2820	3126	4018	2603	2371	3670	3407	3096	2493	2818	2709	2824	2614	3169
Pseudohalocynthiibacter	3483	3741	3240	3254	3688	3310	3854	3802	3929	2944	4163	3241	2765	3180	3419	2831	2312	3266	2820	3028	2364	2648	2652	2649	2446	3440
Sutterella	3542	4021	3204	2865	3381	3363	3379	3733	3735	2897	4000	2941	2750	3180	4000	2577	2482	3581	3396	2985	2499	2802	2655	2748	2621	3049
Methylovulum	3329	3421	3627	2421	3182	3212	3512	3349	3833	2963	4300	2990	3131	3390	3831	2624	2608	3125	3500	3018	2688	2659	2765	2742	2748	3401
Flagellatimonas	3435	3804	3327	2568	3227	3098	3357	3734	3865	3056	4099	2986	2851	3211	3804	2656	2617	3327	3498	3092	2588	2713	2694	2866	2654	3218
Desulfocurvibacter	3384	3669	3243	2644	3508	3401	3310	3697	3638	3015	3994	2824	2643	3141	3867	2703	2465	3707	3505	2921	2541	2865	2727	2812	2572	3083
Kordia	3066	3239	3697	2363	2767	2563	4081	3112	3264	2865	4033	3358	3157	3535	3532	3024	3155	3305	3449	3670	2781	2433	2723	2474	2668	3400
Sideroxyarcus	3491	3708	3294	2556	3140	2960	3417	3613	3902	2992	3879	2920	2746	3303	3878	2745	2696	3524	3493	2898	2482	2646	2752	2809	2622	3239
Aliarcobacter	3403	1731	4099	2074	1414	1395	5448	2256	2598	2460	4349	5085	2134	4139	2298	3666	5379	2899	4398	3482	3170	1803	2358	2391	3183	3616
Antarcticibacterium	3117	3363	3628	2440	2964	2694	3815	3285	3506	2944	3807	3165	2905	3451	3796	3048	3008	3341	3271	3403	2751	2479	2660	2460	2582	3262
Undibacterium	3346	3533	3314	2612	3183	2988	3807	3459	3601	2983	4147	2912	2816	3238	3584	2688	2648	3378	3343	3108	2608	2629	2617	2733	2600	3259
Salinibacter	3343	3968	3302	2741	3430	3331	3274	3671	3553	2801	3732	2822	2574	3090	3975	2548	2280	3556	3364	3034	2499	2775	2661	2871	2660	3169
Helicobacter	3136	3526	3486	2562	3055	2998	3467	3298	3548	2947	3748	2908	2800	3311	3766	2889	2880	3376	3303	3157	2680	2679	2825	2756	2636	3213
Roseococcus	3411	3836	3295	2941	3523	3315	3174	3641	3641	2996	3834	2908	2567	2954	3705	2532	2320	3669	3307	2893	2429	2807	2601	2819	2575	3191
Ketogulonicigenium	3618	3907	3010	3159	3502	3328	3538	3566	3601	3037	4066	3048	2666	2891	3508	2512	2321	3371	3085	3021	2326	2682	2463	2673	2564	3396
Limnochorda	3452	4059	3234	2888	3437	3235	3171	3653	3680	2878	3807	2889	2642	3025	3856	2431	2350	3612	3226	2974	2545	2738	2695	2808	2462	3066
Symbiobacterium	3477	4006	3252	2718	3454	3328	3145	3630	3716	2968	3826	2803	2566	2958	3725	2584	2365	3586	3239	2883	2374	2788	2688	2731	2508	3206
Megasphaera	3413	3955	3261	2672	3361	3259	3173	3487	3560	2890	3729	2777	2595	2976	3807	2723	2509	3672	3308	3162	2469	2858	2537	2642	2512	3143
Ahniella	3402	3538	3375	2603	3209	3083	3556	3565	3669	2946	3962	2798	2728	3102	3690	2612	2491	3468	3424	3042	2452	2587	2552	2693	2592	3159
Parasphingorhabdus	3403	3494	3172	3266	3198	3318	3555	3377	3262	2821	4020	2975	2821	2922	3440	2661	2666	3259	3163	3322	2472	2601	2642	2499	2469	3190
Raineyella	3283	3656	3421	2741	3467	3439	3215	3554	3503	2884	3669	2847	2520	2927	3721	2493	2284	3690	3414	3021	2423	2793	2582	2739	2557	3069
Pseudactinotalea	3337	3695	3431	2883	3472	3530	3031	3664	3502	2890	3592	2828	2466	2978	3649	2488	2288	3618	3239	2941	2456	2752	2717	2803	2388	3081
Desulfurispirillum	3988	2185	3965	3149	4213	3869	3873	4350	4908	3610	2183	1523	3094	3689	2228	3129	2999	2083	4212	1719	1433	3149	1480	3374	3096	1855
Hylemonella	3315	3526	3065	2654	3320	3191	3319	3569	3743	2940	3973	2846	2793	3130	3286	2482	2519	3220	3463	3096	2317	2643	2537	2674	2644	2961
Candidatus_Methylospira	3323	3424	3302	2415	3050	2895	3477	3523	3747	2747	3865	2904	2735	3197	3530	2593	2623	3298	3360	3049	2384	2576	2653	2708	2680	3037
Ferrovibrio	3275	3807	3106	2794	3437	3482	3139	3479	3627	2862	3681	2713	2654	3006	3632	2496	2387	3488	3219	2904	2323	2669	2677	2698	2469	3000
Oceanihabitans	2801	3311	3497	2498	2675	2177	3694	3080	3486	2706	3492	3187	3043	3796	3429	2888	3087	3195	3701	3532	2787	2222	2744	2141	2539	3094
Pseudogulbenkiania	3324	3659	3075	2557	3207	2962	3303	3601	3611	2792	3782	2747	2536	3040	3762	2536	2348	3426	3244	3018	2390	2672	2516	2724	2537	3133
Colwellia	2931	3062	3319	2291	2671	2595	4101	3161	3479	2676	4073	2995	3112	3388	3189	2530	3192	2971	3502	3150	2549	2468	2564	2646	2524	3119
Lautropia	3346	3603	3049	2503	3225	3112	3238	3557	3775	2775	3740	2657	2454	3108	3636	2519	2506	3464	3477	2827	2305	2641	2520	2692	2414	3048
Zobellella	3369	3591	3189	2536	3105	3005	3173	3501	3594	2896	3780	2777	2596	2952	3627	2523	2353	3319	3209	2857	2377	2637	2591	2684	2549	2941
Crenobacter	3368	3578	3068	2685	3242	3116	3163	3502	3581	2908	3706	2753	2467	2951	3660	2450	2326	3436	3175	2905	2380	2678	2562	2552	2553	2947
Pasteurella	2871	3436	2793	4443	3390	3701	3500	2994	3547	2902	3744	2576	2729	3061	3721	2427	1984	2993	3409	3088	2288	2280	1980	2148	2539	2942
Georhizobium	3239	3984	3135	2681	3500	3274	2966	3490	3470	2868	3667	2593	2482	2771	3617	2326	2210	3341	3104	2857	2088	2701	2556	2528	2397	2938
Thiomicrorhabdus	3220	3215	3238	2334	2780	2695	3427	3236	3391	2680	3772	2863	2763	3234	3559	2588	2725	3138	3405	3037	2387	2420	2514	2489	2449	3133
Sinirhodobacter	3372	3510	2928	2814	3351	3257	3257	3598	3466	2863	3810	2848	2608	2743	3237	2400	2165	3259	2893	2818	2275	2475	2366	2528	2474	3101
Pyruvatibacter	3187	3703	3038	2719	3263	3196	2991	3408	3453	2863	3569	2686	2540	2851	3579	2524	2257	3394	3155	2800	2250	2628	2416	2553	2370	2935
Mixta	3133	3646	3152	2401	3042	2914	3168	3407	3515	2843	3803	2585	2586	2930	3654	2420	2371	3303	3243	2840	2376	2550	2392	2636	2399	2923
Paradevosia	3137	3839	3032	2643	3493	3385	2838	3386	3402	2643	3552	2585	2433	2913	3582	2400	2227	3343	3237	2770	2152	2561	2457	2725	2388	2899
Parolsenella	3215	3687	3179	2526	3253	3206	3042	3406	3361	2698	3435	2770	2399	2860	3704	2206	2302	3371	3036	2760	2327	2590	2574	2644	2445	2914
Peribacillus	3196	3431	3311	2325	2940	2966	3160	2942	3352	2803	3390	2751	2601	3263	3563	2656	2583	3194	3206	2841	2352	2366	2592	2665	2438	3021
Sphingosinithalassobacter	3221	3645	2940	2597	3093	3187	3032	3434	3264	2713	3588	2789	2392	2866	3705	2406	2310	3380	3208	2810	2330	2559	2407	2628	2415	2977
Blattabacterium	3032	3159	3245	2475	2652	2578	3453	2841	3091	2792	3551	2857	2781	3317	3510	2916	2929	3077	3159	2987	2496	2289	2635	2460	2506	3096
Aureibaculum	2746	2990	3424	2137	2490	2343	3692	2981	3139	2731	3547	3105	2902	3328	3474	2942	2803	3176	3089	3311	2589	2168	2447	2287	2464	3221
Chryseolinea	2928	4108	2835	2680	3342	3197	3133	3190	3311	2728	3463	2690	2532	3025	3570	2526	2458	3227	3027	2748	2215	2297	2520	2440	2395	2877
Gryllotalpicola	3257	3713	3146	2742	3346	3343	2911	3411	3371	2734	3432	2561	2378	2770	3548	2370	2068	3347	3101	2790	2149	2754	2419	2565	2305	2876
Sporosarcina	3097	3466	3212	2375	2942	2938	3110	3160	3246	2654	3514	2710	2504	3005	3378	2625	2595	3176	3110	2828	2464	2465	2467	2528	2378	2891
Bizionia	2813	3109	3307	2308	2499	2127	3732	2935	3310	2650	3417	3176	2895	3524	3185	2632	2845	3138	3270	3237	2572	2217	2455	2135	2382	2916
Pontibrevibacter	3215	3554	2866	2785	3226	3174	3139	3433	3378	2642	3631	2765	2525	2640	3297	2372	2257	3100	3019	2772	2248	2463	2455	2548	2373	2888
Oryzomicrobium	3230	3300	2941	2465	2968	2874	3128	3282	3390	2699	3694	2602	2377	3022	3555	2434	2342	3299	3151	2864	2313	2546	2536	2511	2395	2831
Lichenicola	3188	3607	3033	2540	3198	3026	2887	3372	3525	2719	3629	2653	2456	2678	3517	2401	2125	3208	3106	2652	2212	2556	2444	2555	2304	2689
Sediminicoccus	3127	3455	3111	2588	3191	3129	2891	3378	3404	2686	3553	2599	2417	2807	3331	2301	2232	3285	3101	2698	2211	2565	2267	2507	2459	2886
Thiomicrospira	3052	3198	2960	2351	2806	2681	3351	3100	3359	2718	3717	2724	2631	3136	3246	2597	2552	2969	3074	2817	2200	2414	2395	2456	2413	2970
Pulveribacter	3287	3385	2877	2513	3132	2939	3106	3356	3483	2708	3418	2771	2594	2808	3010	2346	2162	3143	3166	2774	2191	2539	2382	2573	2364	2795
Parasphingopyxis	3125	3641	2918	2558	3253	3096	2972	3333	3222	2488	3558	2496	2372	2770	3366	2253	2210	3169	3015	2753	2141	2422	2235	2492	2166	2907
Lacticaseibacillus	2982	3549	2881	2493	3072	2926	3110	3298	3283	2727	3181	2518	2410	2790	3499	2274	2242	3277	2943	2639	2289	2282	2458	2542	2224	2671
Pseudopuniceibacterium	3187	3296	2787	2653	3048	2962	3152	3305	3508	2724	3615	2575	2470	2735	3028	2312	2134	2870	2819	2802	2071	2381	2350	2359	2341	2928
Gordonibacter	2902	3510	2882	2381	2916	3009	2735	3259	3012	2583	3426	2554	2264	2754	3620	2320	2081	3245	2876	2565	2250	2494	2448	2531	2220	2799
Aestuariibaculum	2409	2906	2944	2395	2149	1959	3471	2883	3338	2395	3131	2669	2969	3354	3002	2550	2856	2976	3336	3300	2689	2142	2446	2022	2257	2671
Ferrigenium	3038	3205	2856	2178	2818	2620	2881	3262	3324	2626	3594	2494	2376	2838	3257	2339	2260	3047	3069	2726	2085	2379	2339	2433	2328	2825
Variibacter	2834	3607	2720	2576	3354	3125	2758	3257	3220	2559	3289	2540	2270	2725	3225	2292	2103	3018	2968	2550	2167	2335	2274	2391	2111	2675
Algicella	3013	3354	2737	2640	3227	3028	2762	3108	3252	2645	3314	2588	2377	2659	3129	2250	2057	3036	2822	2715	1986	2389	2127	2382	2167	2859
Croceibacterium	2950	3384	2858	2542	2948	2957	2844	3163	3102	2551	3266	2453	2412	2657	3312	2319	2104	3018	2866	2632	2106	2430	2364	2383	2212	2770
Leptospira	2772	3102	2849	2266	2675	2764	3048	2719	2976	2532	3314	2506	2424	2737	3241	2451	2529	2903	3025	2660	2346	2332	2396	2478	2516	2781
Homoserinibacter	2987	3391	2895	2518	3029	3046	2788	3277	3122	2547	3260	2460	2226	2614	3085	2248	2051	3128	2832	2669	2136	2482	2297	2444	2161	2638
Lachnoclostridium	2964	3369	2956	2246	2878	2842	3003	2997	3200	2438	3262	2591	2244	2722	3360	2361	2065	3112	2849	2589	2101	2199	2405	2472	2280	2779
Skermania	2889	3402	2995	2573	3111	3112	2583	3179	3005	2466	3189	2522	2256	2609	3341	2237	2043	3292	2788	2637	2066	2461	2242	2437	2076	2699
Niveispirillum	2997	3324	2873	2446	2975	2857	2800	3064	3169	2627	3314	2404	2353	2647	3174	2324	2019	2981	2858	2592	2072	2415	2310	2447	2240	2645
Antarctobacter	3065	3262	2732	2698	2989	2982	2929	3145	3143	2528	3594	2576	2304	2458	3061	2149	2017	2818	2698	2642	2041	2392	2177	2348	2242	2891
Roseibacterium	3024	3279	2768	2495	3018	2971	2986	3275	3118	2604	3276	2589	2295	2671	3037	2126	2070	2844	2715	2616	2003	2390	2264	2338	2104	2810
Eubacterium	2802	3259	2715	2159	2771	2642	2979	2891	2962	2551	3422	2376	2416	2907	3266	2322	2217	2913	2880	2704	2187	2406	2244	2333	2331	2786
Flavihumibacter	2898	3214	2844	2132	2778	2748	2930	2762	2906	2392	3306	2523	2406	2780	3182	2368	2318	2971	2745	2719	2267	2210	2364	2290	2290	2786
Halotalea	2964	3287	2854	2276	2839	2903	2714	3071	3232	2335	3450	2400	2312	2651	3244	2222	2014	3085	2857	2615	2119	2275	2266	2405	2213	2495
Yimella	2886	3252	2941	2470	2993	3044	2640	3027	2905	2473	3096	2439	2218	2561	3303	2202	1972	3262	2771	2472	2062	2518	2245	2355	2130	2525
Naasia	2846	3271	2984	2435	3168	3095	2559	3054	2896	2348	3168	2474	2077	2448	3291	2074	1929	3135	2843	2583	2094	2422	2287	2403	1958	2670
Calycomorphotria	2806	3419	2821	2432	3326	3229	2705	2892	2974	2500	3100	2328	2315	2657	3181	2070	2041	2968	2770	2476	1997	2251	2303	2205	2067	2534
Aliamphritea	2914	2845	2906	2040	2516	2479	2979	2887	3150	2405	3394	2504	2464	2855	3013	2340	2332	2810	3036	2664	2210	2141	2138	2335	2310	2680
Magnetospira	2868	3275	2749	2204	2847	2741	2751	3048	3280	2474	3228	2414	2231	2625	3137	2159	2066	2997	2861	2652	2017	2275	2282	2318	2139	2704
Parafannyhessea	2849	3414	2913	2457	3041	2990	2538	3191	2946	2436	3392	2351	2324	2407	3318	2040	1777	3025	2785	2495	2043	2232	2258	2311	2036	2573
Salinispora	2911	3403	2896	2462	3029	2975	2525	3182	2984	2430	3180	2415	2104	2465	3317	2082	1797	3028	2727	2503	1980	2362	2169	2413	2058	2674
Adlercreutzia	2789	3296	2758	2279	2993	2814	2594	2991	3136	2477	3190	2397	2255	2542	3287	2180	1944	2992	2800	2449	2048	2373	2192	2391	2105	2571
Xenorhabdus	2733	2901	2931	2085	2684	2559	3005	2853	3009	2329	3313	2473	2495	2772	3037	2305	2294	2696	2761	2727	2274	2213	2187	2312	2205	2682
Vitreoscilla	2893	3181	2781	2298	2796	2652	2780	2870	3111	2495	3194	2346	2348	2764	2955	2129	2073	3069	2838	2451	2153	2236	2206	2232	2188	2693
Oxalobacter	2738	3195	2770	2099	2592	2591	2846	2926	3023	2470	3353	2359	2280	2775	3178	2316	2184	2822	2773	2511	1993	2134	2215	2283	2229	2630
Isosphaera	2730	3329	2814	2338	3111	2986	2526	2965	2921	2556	2995	2265	2139	2518	3174	2115	2086	2920	2775	2479	2103	2195	2219	2294	2050	2605
Acidibrevibacterium	2817	3415	2607	2490	2975	2878	2686	2983	3008	2442	3199	2288	2182	2514	3186	2163	1976	2844	2683	2413	1979	2313	2173	2153	2053	2653
Acidothermus	2783	3204	2965	2277	2898	2919	2489	2970	2839	2421	2993	2256	2086	2530	3198	2135	1954	3164	2744	2525	1976	2329	2134	2408	2004	2519
Fusobacterium	2514	2792	2780	2044	2236	2141	3129	2351	2878	2233	3015	2425	2441	2864	3022	2600	2565	2754	2959	2638	2414	2079	2385	2385	2249	2729
Flagellimonas	2739	2611	2752	1916	2486	2309	3109	2544	2893	2418	3118	2722	2439	2812	3084	2579	2373	2641	2605	2861	2202	2117	2127	2000	2275	2729
Mucisphaera	2788	3140	2696	2234	2956	2679	2701	2807	3023	2427	3132	2285	2217	2465	3117	2106	2103	2810	2631	2466	2124	2320	2097	2333	2149	2596
Chloroflexus	2714	3115	2705	2138	2797	2732	2525	2900	3011	2467	3078	2447	2223	2522	3141	2204	2061	2811	2690	2379	2062	2232	2385	2343	2124	2549
Salaquimonas	2722	3308	2635	2510	3024	2941	2675	2947	2929	2422	3060	2405	2143	2496	2929	2098	1938	2854	2672	2462	1860	2233	2124	2299	2115	2468
Granulosicoccus	2757	2892	2771	2107	2662	2482	2906	2773	3044	2416	3286	2447	2359	2535	2883	2213	2123	2719	2788	2472	2082	2218	2176	2193	2194	2704
Enterocloster	2722	3189	2726	2101	2680	2706	2600	2941	2992	2414	3029	2379	2238	2551	3099	2159	2050	3012	2699	2495	2010	2336	2187	2152	2154	2536
Oceanicola	2902	3091	2585	2556	2845	2730	2717	2947	3009	2467	3172	2494	2159	2543	2805	2018	1951	2720	2550	2479	1900	2166	2131	2273	2031	2556
Youhaiella	2756	3271	2636	2347	2826	2959	2669	2864	2889	2377	3116	2275	2156	2490	2977	2042	1965	2930	2742	2438	1990	2297	2011	2238	2005	2518
Anoxybacillus	2498	2960	2800	2200	2567	2275	3328	2570	2670	2903	2786	2553	2158	2355	2850	2025	2246	2712	3005	2419	1991	2357	2317	2486	1874	2770
Duganella	2728	3041	2527	2232	2808	2556	2683	2952	3002	2403	3124	2332	2181	2542	2921	2077	2026	2871	2817	2456	2019	2354	2134	2241	2056	2584
Pistricoccus	2685	2881	2640	2036	2665	2526	2663	3035	3105	2373	3245	2357	2250	2648	2918	2124	2105	2759	2836	2488	2007	2164	2110	2246	2133	2570
Gephyromycinifex	2741	3096	2855	2326	2868	2804	2439	2972	2924	2296	3016	2304	2043	2389	3064	2047	1938	3016	2716	2476	1904	2241	2083	2367	2042	2497
Actinopolyspora	2711	3093	2826	2345	2984	2817	2420	2928	2721	2334	2902	2279	2060	2449	3205	2068	1869	2959	2618	2464	1926	2301	2067	2349	2001	2541
Paeniglutamicibacter	2680	3057	2796	2242	2888	2840	2525	2980	2844	2285	2929	2315	2107	2408	2995	2037	1853	2956	2708	2419	1945	2288	2053	2251	2013	2513
Permianibacter	2739	3063	2588	2042	2607	2391	2792	2686	2949	2333	3177	2322	2224	2661	3021	2116	2084	2691	2707	2454	2073	2114	2092	2161	2036	2612
Tumebacillus	2506	3154	2584	2302	2845	2704	2667	2805	2794	2196	3118	2276	2020	2453	3013	2122	1887	2689	2616	2312	2005	2207	2141	2228	2037	2476
Marivivens	2943	2869	2383	2369	2683	2710	2874	2895	2806	2442	3422	2566	2137	2270	2624	1987	1858	2515	2460	2354	1888	2186	1873	2123	2074	2770
Horticoccus	2569	3174	2561	2192	2692	2506	2683	2817	2905	2341	3087	2225	2061	2477	2983	2058	1999	2720	2653	2427	2005	2102	2042	2162	2124	2427
Salidesulfovibrio	2689	2962	2643	2062	2682	2609	2441	2861	2924	2361	3073	2195	2052	2494	3095	2028	1964	2723	2695	2344	1966	2045	2102	2229	2060	2438
Amphritea	2672	2753	2794	1903	2372	2400	2807	2785	2880	2412	3105	2392	2224	2617	2805	2119	2066	2676	2647	2458	1968	2089	2077	2135	2132	2383
Austwickia	2665	2933	2774	2041	2839	2680	2484	2962	2757	2318	2998	2254	1918	2378	3048	1957	1825	2943	2568	2392	1868	2151	2075	2100	1912	2408
Syntrophus	2586	2964	2520	1993	2437	2458	2680	2718	3078	2343	3062	2188	2123	2397	2984	2042	1995	2718	2687	2265	1980	1943	2196	2185	2084	2437
Nodularia	2383	3148	2660	2160	2909	2732	2117	2274	2416	2260	2866	2001	2074	2764	3379	1853	2190	3007	2443	2601	1839	1788	2183	2301	1897	2431
Buchnera	2436	2660	2716	2159	2255	2273	2791	2356	2719	2120	3100	2232	2224	2639	2788	2281	2272	2491	2709	2389	2122	1988	2142	2092	2012	2557
Gymnodinialimonas	2696	3014	2379	2400	2868	2597	2487	2907	2838	2389	2821	2310	2008	2281	2821	1983	1772	2749	2379	2313	1820	2123	2040	2113	1946	2462
Meiothermus	2562	3047	2506	2151	2642	2514	2541	2836	2627	2273	2973	2185	2066	2386	2909	1985	1869	2800	2564	2260	1908	2169	2198	2133	1984	2355
Prochlorococcus	2408	2664	2412	2825	2552	2539	2937	2207	2668	2189	2946	2159	2177	2407	2768	2222	2205	2242	2500	2338	2150	2049	2104	2067	2097	2610
Microvirgula	2654	3062	2522	2116	2590	2486	2538	2826	2721	2181	2991	2196	2041	2350	2861	1988	1930	2556	2568	2452	1920	2186	1972	2101	2012	2407
Thalassovita	2813	2872	2338	2374	2640	2617	2757	2706	2727	2336	3122	2351	2066	2153	2628	1946	1791	2607	2318	2362	1834	2074	1933	2009	2061	2602
Marivirga	2357	2737	2743	1851	2189	2172	2997	2365	2600	2158	2977	2319	2210	2689	2815	2219	2321	2522	2553	2608	2046	1826	2074	2051	2016	2550
Thalassococcus	2748	2808	2502	2227	2693	2664	2509	2783	2711	2207	2976	2315	2217	2302	2700	1908	1907	2694	2455	2410	1915	1995	1813	2113	1986	2392
Haemophilus	2491	2664	2715	1952	2273	2218	2765	2461	2907	2102	3060	2243	2154	2501	2836	2121	2163	2573	2599	2469	2003	1915	1902	2112	2056	2459
Fulvivirga	2364	2853	2738	1933	2327	2143	2851	2373	2588	2270	2894	2331	2179	2543	2775	2265	2244	2511	2550	2419	1943	1901	2120	2044	2061	2413
Kaistella	2311	2583	2742	1922	2206	2080	2940	2320	2529	2241	2985	2434	2144	2563	2731	2166	2337	2458	2510	2617	2088	1922	2021	2041	2048	2601
Methylacidimicrobium	2473	2854	2478	2181	2639	2637	2452	2671	2679	2269	2940	2170	2090	2394	2803	1951	1841	2577	2432	2299	1813	2121	1975	2125	2057	2420
Chromohalobacter	2574	2890	2439	2045	2479	2458	2522	2790	2757	2184	2946	2117	2067	2325	2946	1955	1934	2680	2598	2327	1869	2038	2032	2047	1937	2382
Desulfomonile	2528	2783	2409	1983	2509	2339	2515	2663	2755	2273	2899	2112	2088	2388	2973	2051	1975	2624	2509	2268	2054	1984	2081	2107	1977	2441
Elizabethkingia	2269	2530	2719	2000	2142	1987	3024	2357	2523	2061	2909	2501	2260	2623	2664	2149	2340	2506	2445	2517	2032	1928	2009	2117	2008	2647
Sulfuriroseicoccus	2481	3033	2729	2213	3092	2947	2343	2656	2697	2204	2803	1969	2050	2246	2828	1944	1755	2649	2437	2215	1870	1981	1904	2009	1872	2282
Nibricoccus	2472	2972	2540	2119	2594	2636	2432	2599	2765	2213	2844	2101	2034	2403	2863	1926	1870	2670	2452	2369	1900	2052	1934	2091	1961	2358
Aequoribacter	2491	2815	2727	1874	2287	2195	2826	2549	2665	2129	3045	2278	2114	2564	2726	2113	1955	2509	2696	2349	1800	1821	1995	1975	2083	2437
Profundibacter	2874	2726	2296	2320	2593	2472	2763	2798	2794	2282	3134	2314	2120	2177	2518	1901	1755	2379	2233	2336	1753	1964	1888	1909	1949	2656
Gleimia	2440	3077	2514	2054	2545	2769	2311	2879	2522	2296	2691	2037	1771	2262	3056	1791	1940	2761	2485	2374	1710	1964	1968	2054	1849	2344
Actinobacillus	2379	2699	2595	1924	2449	2176	2611	2407	2782	2131	2868	2168	2072	2485	2798	2049	2080	2534	2566	2294	1932	1935	1864	2154	1998	2490
Priestia	2230	2641	2590	1918	2343	2194	2512	2431	2667	2145	2742	2121	2052	2436	2985	2174	2244	2680	2520	2341	1904	1887	2031	2075	1959	2354
Varunaivibrio	2601	2823	2390	2021	2538	2329	2457	2716	2783	2148	2897	2079	2028	2245	2791	1945	1897	2596	2424	2323	1761	1951	1911	2091	2006	2286
Paraglaciecola	2492	2443	2515	1732	2178	2111	2805	2500	2704	2139	3160	2181	2273	2404	2596	1998	2242	2344	2538	2463	1904	1990	1974	1967	1907	2454
Truepera	2550	2914	2454	2069	2568	2440	2343	2831	2634	2193	2825	2072	1822	2198	2919	1848	1748	2573	2506	2150	1773	2188	2057	2035	1947	2265
Aquaspirillum	2522	2698	2452	1821	2458	2275	2549	2628	2881	2187	2958	2063	2050	2377	2730	1928	1894	2628	2539	2239	1790	1936	1890	1981	1925	2425
Polystyrenella	2410	2920	2554	2009	2875	2641	2421	2443	2818	2111	2759	2043	2050	2392	2702	1913	1809	2599	2425	2106	1755	1926	1966	1964	1915	2288
Capsulimonas	2473	2880	2386	2004	2480	2428	2298	2696	2714	2157	2879	2136	1930	2290	2937	1913	1750	2672	2413	2202	1778	2032	2058	2055	1919	2311
Pseudoglutamicibacter	2502	2895	2613	2001	2732	2564	2325	2658	2766	2120	2907	2274	1978	2101	2797	1562	1827	2648	2411	2330	1764	1988	1973	1939	1719	2313
Maribellus	2427	2330	2857	1359	1663	1499	3092	2204	2387	2038	3182	2475	2251	2805	2629	2292	2473	2408	2714	2608	1915	1752	2011	1938	1924	2285
Desulfocapsa	2441	2573	2710	1665	2136	2199	2530	2474	2717	2123	2692	2042	2080	2523	2907	2095	2003	2477	2569	2215	2060	1811	2044	2097	1907	2382
Bdellovibrio	2413	2733	2424	1940	2444	2274	2501	2426	2663	2145	2818	2105	1940	2396	2740	2029	2028	2483	2505	2227	1926	1872	2008	2058	1934	2300
Kangiella	2450	2564	2640	1700	2184	2149	2681	2437	2645	2119	2831	2236	2199	2474	2637	2061	2077	2383	2605	2301	1871	1887	1909	1953	1953	2364
Lelliottia	2550	2647	2392	1848	2341	2264	2429	2657	2759	2175	2816	2114	2012	2313	2674	1992	1862	2445	2519	2373	1815	1869	1867	1979	1942	2303
Megalodesulfovibrio	2477	2925	2413	1871	2427	2319	2338	2557	2688	2198	2920	2026	1928	2210	2771	1914	1811	2466	2335	2261	1835	1940	1888	2068	1954	2311
Parvularcula	2411	2930	2447	2068	2469	2411	2306	2520	2454	2088	2731	2053	2036	2268	2846	1971	1815	2630	2523	2085	1829	1876	1853	1931	1771	2313
Flavonifractor	2347	2798	2362	2060	2534	2499	2335	2679	2609	2127	2644	1901	1949	2245	2780	1893	1640	2531	2497	2093	1779	2050	1977	2002	1851	2289
Thermogutta	2346	2915	2331	2015	2738	2612	2104	2556	2680	2103	2646	2042	1949	2227	2771	1868	1665	2554	2424	2117	1774	1954	1943	2017	1808	2159
Brevefilum	2277	2862	2242	1856	2430	2276	2228	2671	2681	2198	2700	2023	1990	2168	2800	1911	1733	2633	2363	2022	1863	1913	2031	1932	1855	2187
Acidisoma	2432	2781	2254	1976	2475	2456	2279	2593	2601	2161	2561	2046	1860	2141	2627	1851	1707	2421	2400	2140	1761	1950	1913	1960	1937	2312
Ligilactobacillus	2468	2427	2355	1902	2346	2071	2378	2386	2510	2014	2620	1968	2041	2329	2770	1891	1990	2455	2474	2254	1840	1845	2027	1990	1970	2238
Ereboglobus	2384	2713	2336	1965	2505	2406	2283	2474	2570	1980	2736	2001	1942	2104	2809	1821	1784	2530	2354	2051	1771	1854	1843	1980	1814	2219
Chitinolyticbacter	2476	2623	2204	1895	2354	2232	2456	2540	2657	2070	2710	2064	1924	2231	2598	1876	1740	2438	2302	2147	1755	1952	1862	2026	1783	2222
Rickettsia	2364	2632	2277	2042	2291	2250	2417	2155	2349	2051	2645	2039	1787	2709	2453	1999	1930	2380	2439	2033	1737	1786	1951	1835	1747	2263
Marisediminicola	2377	2540	2268	1818	2364	2365	2263	2560	2389	1950	2621	2040	1806	2055	2724	1790	1633	2674	2268	2051	1707	2048	1858	1945	1756	2250
Psychromonas	2196	2130	2258	1428	2001	1825	2595	2235	2519	1900	2671	2176	1989	2364	2517	2039	1962	2256	2366	2330	2129	1700	1741	1702	1823	3158
Mangrovimonas	2153	2335	2439	1725	1893	1754	2684	2208	2362	2050	2600	2362	2217	2554	2547	2104	2167	2274	2258	2395	1846	1515	1805	1730	1842	2134
Dokdonia	2170	2222	2323	1774	2034	1876	2917	2061	2261	2016	2651	2316	2140	2357	2455	2092	2075	2215	2291	2465	1864	1682	1742	1755	1804	2350
Tateyamaria	2381	2632	2133	2084	2527	2423	2365	2531	2379	2100	2747	2028	1837	2031	2445	1763	1689	2296	2220	2041	1615	1849	1731	1876	1786	2282
Venatoribacter	2326	2505	2355	1702	2194	1936	2349	2456	2660	2040	2936	2085	1951	2248	2446	1805	1850	2192	2275	2127	1697	1698	1775	1867	1725	2148
Porphyromonas	2238	2499	2637	1700	2471	1953	2162	2290	2363	1855	2547	2196	1887	2512	2517	1792	2009	2314	2588	1966	1629	1728	1788	1820	1681	2107
Arcanobacterium	2322	2594	2305	1806	2402	2485	2135	2457	2419	1996	2508	1960	1793	2104	2582	1738	1723	2484	2298	1980	1707	1900	1781	1856	1743	2091
Falsirhodobacter	2419	2591	2084	2079	2311	2287	2393	2478	2514	2035	2718	2036	1750	2018	2367	1779	1607	2336	2170	2046	1609	1762	1699	1970	1744	2302
Candidatus_Koribacter	2285	2705	2214	1823	2222	2207	2166	2411	2481	1948	2657	1958	1816	2037	2630	1842	1648	2349	2238	1991	1748	1884	1877	1873	1781	2060
Pseudohongiella	2248	2360	2274	1687	1974	1926	2358	2305	2480	1857	2537	1886	1830	2498	2772	1843	1908	2495	2413	2218	1866	1711	1742	1793	1823	2042
Sphingomicrobium	2386	2608	2265	1850	2239	2357	2158	2447	2480	2039	2663	1951	1777	1978	2495	1811	1586	2396	2225	2086	1604	2002	1736	1867	1727	2074
Labilibaculum	2053	2750	2207	1501	1681	1622	2668	1971	2323	1931	2564	2086	2066	2515	2425	2036	1983	2115	2526	2122	2357	1653	1741	1760	1808	2089
Chroococcidiopsis	2305	2430	2218	1791	2076	2170	2200	2346	2460	1986	2525	1980	1883	2259	2558	1831	1727	2333	2242	1945	1730	1858	1771	1803	1815	2182
Cytobacillus	2195	2484	2288	1691	2215	2267	2238	2222	2491	1809	2329	1885	1946	2153	2516	1831	1998	2296	2154	1995	1728	1832	2011	1951	1728	2167
Propionimicrobium	2331	2462	2346	1861	2479	2247	2129	2388	2303	1966	2553	1884	1720	2050	2584	1715	1575	2456	2252	2122	1639	1950	1752	1847	1654	2093
Granulibacter	2083	2417	1982	1769	2164	2051	2100	2165	2271	3107	2345	1746	1682	1902	2280	1582	1578	3517	2100	1827	1515	1695	1621	1775	2922	1940
Glaciibacter	2309	2489	2299	1837	2356	2402	2073	2409	2306	1935	2534	1851	1648	1962	2545	1711	1613	2525	2180	2031	1579	1909	1774	1919	1686	2132
Spirochaeta	2194	2460	2260	1753	2150	2158	2061	2465	2315	1982	2649	1942	1798	2090	2571	1777	1639	2396	2293	2032	1627	1870	1788	1844	1741	2139
Rugosibacter	2362	2468	2210	1651	2122	1973	2234	2238	2474	1968	2610	1905	1790	2114	2548	1815	1792	2120	2300	2073	1619	1677	1702	1835	1756	2172
Metabacillus	2384	2460	2147	1532	2158	2075	2204	2008	2350	1841	2789	1842	1753	2146	2258	1895	1695	2125	2186	2075	1972	1661	1682	1976	1721	2338
Occallatibacter	2124	2568	2106	1792	2288	2122	2139	2358	2410	1937	2543	1907	1725	2085	2591	1728	1584	2421	2105	1812	1619	1814	1753	1781	1715	2104
Maribius	2198	2431	2134	1904	2288	2334	2247	2347	2400	1964	2586	1884	1827	1996	2327	1635	1572	2197	1972	1991	1542	1812	1647	1756	1698	2179
Pararhodospirillum	2146	2620	2057	1857	2312	2300	2101	2413	2448	1982	2442	1846	1793	1962	2390	1636	1584	2306	2269	1947	1561	1807	1669	1739	1607	1998
Filomicrobium	2212	2609	2097	1886	2416	2281	2048	2391	2319	1934	2455	1847	1780	1928	2485	1608	1601	2404	2069	1926	1513	1736	1696	1750	1697	1952
Tichowtungia	2054	2266	2644	1607	1901	1757	2447	2225	2276	1716	2755	1923	1703	2208	2548	1762	1891	2171	2261	2175	1628	1702	1609	1750	1634	2011
Ectothiorhodosinus	2172	2224	2146	1455	1939	1794	2287	2315	2476	1940	2734	1899	1885	2133	2446	1813	1733	2238	2206	2031	1643	1715	1793	1780	1676	2136
Cardiobacterium	2194	2410	2184	1694	2128	1974	2179	2354	2446	1920	2436	1818	1734	2053	2382	1700	1686	2308	2239	2050	1623	1752	1662	1812	1751	2114
Pseudochrobactrum	2230	2534	2137	1816	2209	2117	2164	2343	2365	1925	2484	1822	1730	2049	2318	1785	1692	2289	2053	2078	1599	1765	1653	1694	1715	1998
Euzebyella	2084	2166	2400	1702	2057	1951	2508	1963	2004	1847	2260	1990	1797	2238	2437	1944	1911	2390	2105	2063	1705	1625	1847	1599	1610	2233
Ruficoccus	2211	2465	2296	1843	2230	2116	2118	2345	2383	1904	2454	1768	1698	1934	2507	1752	1598	2235	2204	1932	1638	1711	1635	1719	1693	1981
Mesobacillus	2039	2436	2134	1614	2164	1982	2035	2166	2247	1994	2478	1845	1768	1963	2503	1734	1805	2220	2018	2016	1679	1724	1809	1816	1716	2034
Hankyongella	2180	2520	2003	1828	2240	2114	2167	2297	2313	1918	2508	1812	1685	1990	2401	1733	1548	2286	2076	1967	1512	1723	1662	1763	1665	2001
Phocaeicola	2113	2364	2203	1681	1907	1824	2183	1996	2180	1804	2537	1921	1807	2141	2400	1733	1892	2204	2208	1983	1714	1620	1783	1822	1723	2126
Massilistercora	2330	2779	1930	1803	1986	2045	2101	2210	2463	1831	2677	1842	1753	1964	2726	1768	1544	2119	2157	1993	1401	1556	1524	1645	1687	1998
Sediminicola	2120	2128	2196	1462	1840	1836	2447	2093	2093	1888	2475	2007	1962	2131	2489	1931	1908	2232	2040	2182	1719	1530	1681	1620	1642	2120
Francisella	2102	2359	2394	1624	1826	1803	2275	1915	2121	1815	2546	1978	1808	2105	2330	1875	1976	2113	2199	2035	1638	1619	1831	1645	1709	2088
Tuwongella	2045	2651	2154	1906	2381	2317	2003	2188	2370	1858	2370	1780	1756	1872	2302	1672	1548	2249	2078	1858	1575	1646	1764	1643	1694	1970
Falsihalocynthiibacter	2312	2312	1951	2289	2213	2238	2420	2410	2243	1974	2751	2006	1752	1922	2151	1557	1434	1885	1747	1904	1396	1590	1464	1714	1659	2321
Arachidicoccus	1957	2302	2241	1655	1896	1895	2250	1919	2242	1798	2413	1972	1817	2169	2347	1801	1852	2229	2173	2054	1609	1690	1814	1699	1646	2029
Telmatocola	2197	2536	2159	1760	2404	2256	2040	2252	2242	1825	2419	1781	1730	1929	2342	1620	1529	2274	2097	1876	1535	1646	1607	1752	1630	1986
Runella	2055	2327	2170	1694	2074	1963	2226	2081	2210	1839	2450	1887	1845	2039	2337	1780	1782	2215	2112	1971	1704	1549	1695	1709	1694	1998
Fibrella	2032	2450	2097	1706	2061	2104	2036	2196	2242	1797	2450	1775	1746	1979	2416	1658	1606	2200	2010	1950	1587	1731	1735	1857	1681	1904
Desulfohalobium	2091	2343	2037	1552	2085	1975	2045	2221	2339	1853	2550	1827	1724	1957	2571	1743	1572	2259	2012	1931	1552	1655	1702	1655	1666	2006
Ketobacter	2092	2157	2213	1514	1888	1918	2250	2170	2321	1855	2568	1957	1747	2133	2212	1693	1702	2130	2056	2057	1581	1642	1514	1594	1638	2020
Phytobacter	2140	2105	2325	1268	2317	2459	2083	2443	2284	2233	2369	1953	1243	1659	3033	1316	1725	1860	2044	1684	1324	1741	1167	1973	1872	1690
Aegicerativicinus	1946	2056	2140	1527	1794	1601	2505	2012	2161	1767	2368	2040	1823	2198	2412	1838	1846	2094	2053	2058	1666	1513	1657	1478	1615	2053
Thermacetogenium	2046	2477	2035	1561	2115	1972	2092	2191	2316	1909	2426	1797	1790	1950	2392	1617	1572	2199	2100	1698	1579	1597	1494	1599	1591	1999
Thermophilibacter	2281	2426	1949	1705	2112	2079	1894	2146	2209	1708	2442	1847	1636	1920	2355	1715	1418	2349	1944	1781	1538	1686	1642	1766	1451	1936
Coxiella	2179	2250	2124	1107	1999	1987	2203	1958	2229	1878	2466	1875	1846	1985	2273	1662	1687	1970	2142	1924	1611	1621	1653	1666	1653	1962
Gluconacetobacter	2062	2451	2008	1659	2184	2062	1976	2272	2323	1880	2247	1628	1667	1814	2326	1554	1414	2185	2004	1865	1520	1762	1605	1650	1614	1919
Buttiauxella	2088	2164	2117	1465	1959	1917	2096	2096	2294	1722	2483	1784	1722	1998	2280	1550	1588	2103	2148	1905	1527	1646	1746	1701	1667	1800
Agreia	2002	2425	2024	1794	2246	2214	1961	2298	2060	1820	2211	1655	1580	1800	2343	1529	1451	2336	1997	1797	1459	1787	1571	1718	1521	1815
Muriicola	2108	2011	2044	1474	1954	1815	2256	2062	2018	1827	2259	1935	1720	2039	2326	1828	1596	2124	1942	1922	1656	1544	1647	1608	1622	2068
Nitrospina	2060	2355	1955	1685	2066	1945	1994	2128	2155	1873	2286	1796	1671	1964	2333	1539	1617	2248	1951	1846	1561	1676	1660	1643	1496	1848
Thermobacillus	2103	2452	1976	1638	2172	2013	1929	2199	2166	1782	2338	1747	1628	1888	2379	1508	1466	2218	1958	1749	1485	1748	1577	1668	1556	1803
Thalassoglobus	1905	2548	2060	1737	2439	2400	1802	2003	2278	1786	2235	1656	1697	1849	2156	1597	1445	2148	2003	1758	1521	1463	1602	1649	1507	1821
Acidobacterium	2177	2307	1948	1659	1998	1942	2087	2124	2098	1708	2348	1735	1623	1865	2273	1508	1534	2210	2070	1809	1487	1690	1601	1753	1550	1929
Hydrogenibacillus	2052	2349	1976	1651	2052	2138	1895	2175	2149	1808	2341	1703	1606	1855	2381	1503	1415	2247	2007	1850	1495	1650	1565	1685	1558	1924
Methylocapsa	2010	2456	1958	1691	2096	2131	1976	2150	2221	1845	2311	1715	1645	1818	2258	1552	1467	2134	2028	1800	1434	1635	1636	1614	1492	1935
Psychroflexus	1935	2047	2173	1497	1787	1616	2443	1839	1945	1721	2280	2079	1778	2142	2109	1848	1902	1973	2046	2105	1513	1408	1527	1453	1723	1958
Dehalogenimonas	2016	2352	2000	1499	1984	1883	1894	2138	2113	1801	2274	1696	1599	1965	2257	1624	1585	2186	2082	1797	1566	1671	1600	1675	1631	1907
Heliomicrobium	1999	2384	1990	1549	2002	1993	1916	2122	2248	1707	2335	1723	1560	1938	2370	1515	1361	2127	1985	1772	1516	1608	1610	1644	1583	1858
Ferrovum	2097	2258	1943	1571	1866	1757	2122	2089	2292	1745	2520	1772	1679	1899	2182	1546	1508	2000	2063	1854	1460	1562	1581	1554	1530	1934
Fimbriimonas	2040	2343	1893	1631	2050	2095	1865	2171	2112	1716	2247	1583	1640	1714	2386	1627	1398	2041	1935	1783	1475	1621	1610	1704	1476	1952
Qingshengfaniella	2133	2233	1811	1689	2089	1882	2025	2072	2165	1769	2267	1846	1650	1817	2190	1491	1503	2017	1921	1789	1431	1573	1607	1593	1570	1899
Heyndrickxia	1923	2237	2006	1475	1936	1947	2029	1906	2095	1652	2167	1744	1661	1895	2269	1655	1553	2113	2008	1761	1559	1551	1662	1648	1592	1977
Mycoplasma	1873	2010	2052	1575	1638	1656	2108	1776	1947	1819	2141	1807	1683	1919	2215	1809	1872	1919	2158	1825	1586	1596	1745	1638	1735	1917
Oceanicoccus	2093	2002	2093	1398	1851	1736	2130	2022	2159	1688	2504	1724	1721	1978	2007	1639	1651	1896	2048	1987	1495	1585	1473	1541	1554	1962
Mariprofundus	2004	2111	2039	1514	1845	1732	2014	2045	2189	1748	2354	1885	1552	1919	2229	1590	1600	2085	2010	1863	1530	1525	1516	1592	1572	1829
Pauljensenia	2035	2441	2123	1735	1985	2108	1823	2051	2116	1628	2302	1725	1464	1661	2312	1366	1356	2194	2007	1726	1430	1672	1658	1701	1449	1819
Kerstersia	1962	2316	1887	1600	2090	1910	1917	2066	2237	1705	2397	1720	1607	1925	2152	1527	1528	2095	2036	1752	1386	1567	1618	1605	1478	1795
Kingella	1972	2131	2015	1607	1955	1983	2034	2010	2159	1781	2347	1693	1670	1926	2185	1478	1495	2037	2006	1737	1614	1485	1574	1614	1483	1823
Glaciihabitans	2051	2390	2117	1649	2141	2045	1882	2098	2021	1660	2217	1651	1497	1784	2261	1473	1305	2235	1961	1757	1440	1643	1549	1577	1498	1889
Plesiomonas	1857	2073	1953	2157	1760	1718	2915	1904	2093	1785	2232	1613	1534	1846	2171	1553	2233	1961	1882	1635	1303	1466	1429	1462	1437	1752
Rossellomorea	1896	2250	2035	1485	1943	1889	1873	2057	2123	1674	2161	1685	1578	1923	2295	1695	1444	2021	2023	1781	1584	1588	1590	1615	1600	1904
Aggregatibacter	1946	2111	1983	1411	1783	1830	2157	2056	2257	1712	2422	1688	1631	1883	2100	1618	1650	2011	2010	1908	1465	1560	1565	1527	1577	1850
Nitrincola	2108	2078	2056	1440	1761	1578	2089	2063	2308	1725	2428	1756	1565	1991	2269	1551	1615	1949	2030	1872	1511	1464	1405	1550	1572	1898
Bradymonas	1926	2239	1918	1641	1931	1897	1899	2079	2077	1650	2185	1722	1564	1740	2221	1449	1487	2027	1920	1779	1518	1687	1629	1686	1579	1879
Microcystis	1846	2336	2156	1666	1980	1830	1964	1877	2065	1740	2144	1641	1539	1934	2177	1621	1563	2162	1906	1659	1520	1485	1583	1601	1487	1810
Winkia	1891	2492	1966	1503	2021	1789	1661	2180	2290	1681	2289	1822	1379	1853	2269	1491	1377	2147	1997	1598	1778	1569	1343	1719	1416	1749
Aquicella	2043	2124	1972	1437	1798	1659	2116	2041	2164	1681	2365	1701	1682	1852	2128	1524	1614	1943	1997	1811	1481	1500	1524	1472	1582	1840
Thermosynechococcus	1815	2062	1825	1563	2603	1847	1935	1963	2068	1622	2163	1638	1578	1777	2220	1538	1418	1874	1864	1761	1469	1471	1568	1497	1560	1896
Neptunomonas	2065	1928	2043	1528	1808	1646	2110	1910	2097	1665	2278	1669	1689	1857	2016	1653	1649	1861	1973	1821	1467	1427	1512	1494	1514	1816
Empedobacter	1803	1845	2159	1398	1696	1444	2162	1686	1850	1562	2125	1971	1705	2067	2060	1599	1952	1868	1933	2094	1591	1402	1453	1518	1585	1920
Luteithermobacter	1861	2103	1954	1474	1911	1798	1920	2136	2178	1698	2336	1672	1594	1842	2106	1461	1374	2164	2026	1735	1413	1427	1468	1582	1426	1768
Xylella	1899	2147	1999	1561	1732	1764	1913	1896	2055	1702	2225	1699	1659	1886	2261	1539	1557	1964	1921	1701	1488	1426	1491	1523	1436	1912
Rufibacter	1924	2138	1923	1552	1870	1761	1952	1856	1971	1677	2196	1721	1550	1881	2274	1529	1502	1988	1938	1697	1422	1547	1548	1641	1532	1759
Methylophilus	1905	2010	1895	1543	1621	1700	2120	1932	2054	1681	2524	1686	1683	1833	1918	1659	1560	1781	1893	1842	1362	1463	1608	1594	1500	1921
Marixanthomonas	1867	2038	1975	1460	1704	1608	2156	1750	1814	1713	2073	1851	1737	1929	2124	1740	1672	1883	1982	2049	1519	1416	1506	1377	1480	1860
Roseinatronobacter	2197	2090	1701	1797	1958	1838	2091	2076	1967	1721	2507	1748	1514	1725	1899	1418	1307	1828	1683	1736	1318	1535	1437	1558	1427	2129
Denitrobacterium	2076	2320	1821	1532	1988	1772	1694	2028	2230	1708	2170	1768	1484	1721	2288	1391	1326	2024	1998	1656	1263	1475	1509	1487	1549	1835
Cognatishimia	2027	2053	1697	1844	2032	1963	2051	1992	2051	1677	2305	1829	1606	1669	1952	1383	1359	1877	1714	1725	1314	1462	1437	1566	1480	1925
Terrihabitans	1850	2336	1778	1624	2039	2013	1791	2098	2004	1675	2074	1624	1412	1703	2139	1443	1389	1990	1787	1633	1357	1617	1471	1535	1418	1815
Halobacillus	1904	2021	1922	1350	1734	1831	1806	1852	1901	1527	2152	1732	1628	1861	2166	1536	1488	1899	1907	1795	1497	1496	1526	1646	1548	1737
Desulfitobacterium	1831	2075	1969	1423	1787	1690	1873	1933	2068	1655	2102	1573	1523	1903	2168	1573	1480	1943	1952	1672	1454	1451	1486	1542	1491	1762
Ruminococcus	1755	2227	1842	1336	1768	1686	1895	1970	1943	1791	2186	1725	1549	1767	2116	1512	1546	1904	1864	1652	1437	1490	1551	1558	1481	1704
Caldithrix	1931	2016	1771	1348	1721	1562	2031	1863	1950	1676	2191	1583	1562	1813	2222	1621	1581	1804	1851	1695	1474	1495	1535	1526	1525	1787
Rhodobaca	2057	2026	1640	1870	1965	1761	2093	2062	2057	1702	2352	1713	1616	1522	1836	1404	1255	1787	1632	1675	1269	1548	1362	1477	1494	1948
Hydrocarboniclastica	1921	2030	1921	1423	1843	1669	1925	1961	2081	1625	2210	1578	1599	1786	2080	1503	1397	1909	2019	1803	1380	1375	1418	1512	1467	1687
Gelria	1935	2142	1809	1497	1859	1771	1726	2130	2113	1621	2139	1650	1490	1766	2263	1392	1265	2016	1917	1629	1452	1516	1378	1509	1410	1711
Chitinibacter	1872	2184	1788	1507	1786	1580	1831	1818	2085	1641	2148	1582	1473	1925	2132	1488	1423	1911	1878	1663	1411	1415	1508	1544	1610	1827
Pseudovibrio	1835	2240	1814	1604	1985	1749	1886	1952	1950	1579	2158	1608	1499	1725	2059	1402	1420	2077	1825	1674	1334	1438	1355	1541	1426	1803
Sporomusa	1928	2042	1804	1426	1890	1752	1887	1961	1988	1623	2187	1611	1498	1750	2227	1456	1365	1966	1912	1668	1372	1490	1419	1491	1418	1746
Flammeovirga	1746	1893	2062	1333	1529	1441	2167	1612	1876	1612	2140	1777	1618	1851	1929	1660	1830	1837	1945	1857	1492	1439	1518	1426	1524	1722
Grimontia	1817	1921	1973	1351	1775	1705	1917	1927	2060	1614	2248	1640	1565	1747	1937	1603	1406	1851	1897	1770	1390	1431	1412	1420	1476	1791
Terricaulis	1801	2197	1726	1495	1918	1877	1826	2041	1952	1624	2122	1609	1421	1786	2039	1458	1387	1976	1797	1669	1387	1536	1429	1515	1344	1711
Virgibacillus	1764	1955	1881	1342	1656	1587	1947	1749	1824	1547	2043	1636	1614	1852	1969	1673	1624	1969	1844	1727	1506	1428	1671	1564	1541	1726
Trabulsiella	1839	2025	1703	1247	1735	1599	1793	2751	2209	1596	2054	1627	1531	1813	1898	1418	1302	2826	1750	1562	1252	1409	1296	1550	1239	1586
Diaminobutyricimonas	1831	2146	1946	1714	1960	1821	1690	2032	1934	1580	2081	1585	1325	1576	2052	1325	1285	2118	1800	1715	1355	1516	1491	1586	1354	1743
Acidocella	1906	2187	1760	1593	1932	1932	1747	1982	1886	1543	2186	1634	1415	1708	2042	1308	1346	1949	1840	1514	1356	1495	1438	1573	1397	1610
Maliibacterium	1914	2196	1822	1534	2027	1897	1574	1959	2071	1621	1953	1492	1361	1600	2122	1357	1058	2039	1771	1561	1417	1504	1373	1517	1417	1724
Pseudanabaena	1810	2083	1812	1535	1802	1785	1818	1828	1926	1557	1968	1574	1534	1682	1919	1467	1496	1874	1747	1569	1429	1406	1533	1471	1411	1802
Thalassobacter	2038	1951	1637	1659	1827	1726	1935	1939	1886	1650	2219	1635	1498	1578	1895	1377	1407	1712	1703	1599	1338	1480	1351	1497	1381	1913
Chlorobium	1796	1985	1854	1401	1803	1668	1760	1813	1937	1574	2020	1587	1463	1759	2045	1496	1453	1924	1830	1609	1328	1445	1514	1552	1452	1688
Tellurirhabdus	1723	2113	1762	1522	1881	1756	1725	1890	1980	1536	2045	1568	1503	1677	2133	1427	1373	1923	1827	1644	1341	1456	1463	1490	1370	1625
Methylovorus	1811	1887	1792	1345	1627	1549	1890	1886	1864	1568	2179	1705	1566	1853	1898	1433	1464	1853	1885	1703	1326	1365	1416	1489	1366	1797
Constantimarinum	1764	1971	1825	1329	1773	1721	2077	1652	1771	1527	1994	1742	1639	1782	2099	1560	1526	1763	1761	1699	1449	1227	1364	1300	1302	1756
Costertonia	1716	1805	1790	1370	1584	1623	1977	1627	1843	1564	2131	1720	1575	1939	2018	1662	1545	1828	1736	1669	1356	1350	1402	1286	1402	1708
Marinithermus	1748	2082	1645	1563	1793	1756	1841	1958	1882	1512	2091	1483	1392	1628	2094	1388	1196	1994	1719	1623	1364	1434	1491	1487	1362	1652
Vagococcus	1633	2037	1794	1464	1722	1591	1914	1741	1723	1536	2115	1630	1411	1644	1858	1692	1424	1894	1789	1694	1368	1348	1472	1490	1389	1720
Salinivibrio	1768	1912	1783	1325	1677	1594	1885	1815	2091	1449	2107	1524	1492	1742	1961	1467	1382	1817	1808	1708	1372	1406	1423	1450	1343	1691
Spiroplasma	1592	1826	1781	1555	1516	1534	1977	1495	1739	1482	2022	1582	1579	1733	1895	1598	1767	1650	1780	1603	1496	1373	1545	1463	1487	1795
Sandaracinobacteroides	1818	2052	1787	1471	1877	1838	1705	1920	1983	1586	1953	1542	1372	1578	1976	1327	1276	1806	1770	1634	1361	1450	1363	1459	1263	1573
Ferriphaselus	1828	1909	1660	1419	1701	1609	1806	1806	1970	1586	2133	1497	1529	1709	1954	1379	1329	1779	1841	1625	1219	1418	1366	1481	1366	1672
Mycoplasmopsis	1636	1837	1667	1394	1518	1523	1905	1604	1762	1460	1847	1600	1485	1841	1945	1591	1707	1778	1868	1620	1417	1457	1496	1482	1466	1679
Maricaulis	1797	2103	1654	1473	1785	1839	1779	1908	1903	1593	1974	1402	1434	1620	1944	1384	1284	1861	1700	1551	1304	1501	1334	1460	1354	1637
Larkinella	1645	2007	1811	1321	1720	1717	1816	1820	1914	1470	1957	1487	1455	1762	1886	1420	1381	1861	1736	1618	1383	1408	1362	1417	1361	1652
Candidatus_Symbiobacter	1916	1974	1737	1388	1749	1677	1751	1903	1948	1531	2002	1573	1421	1603	1886	1288	1248	1771	1789	1622	1326	1452	1358	1356	1334	1708
Saccharospirillum	1774	1855	1665	1366	1702	1538	1770	1840	1978	1462	2023	1506	1400	1654	2004	1377	1392	1793	1817	1624	1236	1402	1343	1466	1417	1714
Kyrpidia	1699	1970	1674	1366	1778	1639	1732	1876	1903	1563	2004	1516	1345	1637	1934	1401	1302	1864	1696	1603	1239	1357	1485	1462	1296	1548
Zhongshania	1845	1838	1807	1310	1589	1468	1842	1695	1907	1474	2124	1545	1429	1787	1911	1386	1426	1717	1720	1663	1362	1348	1340	1358	1315	1665
Agarivorans	1765	1819	1844	1336	1565	1518	1870	1695	1852	1422	1970	1530	1508	1645	1828	1410	1333	1778	1745	1663	1322	1386	1430	1404	1383	1730
Leeuwenhoekiella	1600	1748	1875	1300	1480	1423	1903	1567	1764	1475	1913	1637	1527	1863	1935	1580	1543	1820	1751	1775	1375	1233	1400	1214	1324	1660
Malaciobacter	1712	872	2146	1079	708	697	2670	1180	1305	1319	2156	2633	1183	2198	1234	1762	2778	1458	2164	1800	1676	957	1205	1264	1604	1918
Cohaesibacter	1770	2072	1708	1456	1799	1809	1642	1838	1847	1516	1869	1431	1418	1616	1804	1418	1292	1820	1732	1554	1271	1384	1331	1339	1261	1578
Phototrophicus	1651	2139	1705	1402	1871	1741	1574	1777	1924	1543	1824	1399	1361	1627	2055	1253	1283	1929	1675	1398	1287	1242	1516	1433	1329	1567
Candidatus_Planktophila	1701	1852	1763	1413	1795	1815	1642	1795	1841	1418	1932	1419	1362	1594	1996	1328	1340	1840	1707	1609	1247	1321	1368	1391	1259	1599
Hungatella	1685	1928	1756	1308	1727	1533	1643	1739	1830	1508	1917	1516	1388	1543	1911	1392	1297	1880	1715	1567	1356	1428	1441	1367	1332	1606
Thermodesulfomicrobium	1772	1908	1704	1277	1615	1657	1649	1857	1859	1458	2039	1418	1329	1588	2048	1366	1251	1825	1679	1511	1295	1421	1376	1429	1362	1590
Acidisarcina	1813	1995	1712	1326	1753	1676	1609	1807	1940	1403	1937	1466	1372	1581	1949	1334	1344	1735	1720	1533	1227	1399	1297	1416	1278	1553
Atlantibacter	1474	1700	1474	1093	1535	1432	1389	1601	1711	1268	1612	2042	1219	1406	1624	1920	1117	1420	2402	1404	1781	1144	1902	1180	1889	2268
Desulfosporosinus	1644	1787	1695	1257	1592	1446	1779	1699	1838	1384	1943	1522	1406	1655	1983	1431	1350	1781	1734	1511	1257	1375	1466	1373	1305	1660
Candidatus_Desulforudis	1722	1949	1635	1371	1645	1662	1547	1894	1855	1546	1932	1443	1328	1547	1986	1335	1187	1871	1711	1487	1193	1362	1243	1397	1266	1601
Intestinimonas	1673	1884	1680	1314	1658	1600	1606	1983	1812	1577	1879	1380	1287	1518	2026	1222	1165	1880	1709	1507	1315	1352	1383	1351	1248	1499
Abyssalbus	1578	1619	1701	1204	1490	1365	1982	1571	1717	1417	1846	1742	1480	1713	1806	1539	1504	1661	1601	1702	1338	1247	1315	1236	1414	1704
Pelodictyon	1691	1886	1664	1338	1646	1603	1659	1734	1749	1459	1898	1477	1393	1587	1864	1402	1283	1798	1694	1518	1240	1238	1373	1401	1277	1588
Arabiibacter	1736	1909	1690	1428	1757	1626	1549	1798	1839	1457	1852	1403	1286	1454	1907	1252	1118	1779	1726	1406	1222	1394	1333	1389	1292	1598
Novosphingopyxis	1590	1851	1640	1426	1656	1676	1651	1807	1816	1509	1814	1406	1299	1586	1813	1327	1185	1815	1727	1489	1207	1404	1217	1381	1304	1555
Parageobacillus	1528	1924	1665	1343	1615	1645	1525	1692	1673	1399	1929	1425	1305	1671	1939	1222	1504	1727	1686	1459	1312	1277	1381	1341	1286	1534
Hydrogenovibrio	1636	1689	1790	1159	1500	1414	1730	1621	1780	1474	1998	1445	1423	1676	1822	1378	1422	1695	1616	1637	1256	1274	1349	1258	1276	1638
Methylobacillus	1777	1701	1578	1207	1465	1336	1744	1744	1934	1438	2156	1398	1291	1510	1814	1325	1349	1729	1779	1504	1234	1343	1274	1371	1325	1616
Candidatus_Viadribacter	1646	1965	1426	1440	1907	1751	1634	1726	1715	1437	1918	1387	1301	1568	1824	1249	1237	1632	1692	1370	1257	1428	1291	1316	1281	1510
Thermomicrobium	1595	1932	1609	1394	1656	1707	1591	1684	1729	1478	1872	1386	1250	1524	2027	1247	1183	1855	1598	1483	1169	1385	1355	1363	1240	1483
Dysosmobacter	1595	1974	1710	1311	1741	1506	1634	1906	1749	1405	1850	1329	1345	1574	1902	1256	1239	1743	1658	1465	1266	1298	1310	1269	1271	1454
Desulforamulus	1677	1826	1626	1152	1615	1472	1661	1680	1749	1474	1927	1449	1312	1560	1975	1305	1315	1734	1602	1427	1305	1307	1326	1345	1267	1595
Aquisalinus	1604	1922	1642	1324	1658	1623	1559	1803	1855	1433	1840	1289	1256	1440	1890	1302	1187	1756	1658	1518	1182	1354	1313	1336	1270	1522
Curvibacter	1768	1633	1479	1290	1447	1336	1946	1823	1896	1670	2084	1513	1419	1510	1535	1143	1259	1563	1539	1533	1077	1276	1224	1407	1414	1637
Thermostichus	999	2904	1546	2301	3808	2630	996	1084	1284	1501	1206	1189	964	1074	1948	904	988	2601	1825	1053	800	842	1649	1281	860	1169
Aestuariispira	1596	1885	1557	1325	1617	1635	1643	1703	1740	1441	1890	1397	1390	1557	1856	1240	1206	1627	1568	1534	1235	1301	1355	1324	1247	1510
Mycetohabitans	1654	1767	1534	1273	1681	1461	1624	1800	1751	1441	1992	1387	1335	1498	1752	1195	1171	1609	1715	1438	1216	1344	1251	1310	1249	1507
Candidatus_Kuenenia	1569	1680	1560	1129	1529	1390	1657	1618	1760	1450	1974	1387	1366	1519	1791	1337	1375	1684	1643	1502	1254	1284	1359	1239	1241	1626
Leptospirillum	1605	1869	1513	1243	1679	1535	1599	1619	1723	1465	1941	1391	1261	1614	1874	1323	1154	1708	1566	1430	1224	1172	1250	1334	1271	1531
Desulfotalea	1542	1721	1777	1124	1516	1417	1600	1590	1759	1424	1841	1411	1378	1531	1833	1353	1326	1680	1703	1446	1222	1266	1319	1272	1242	1539
Candidatus_Methylopumilus	1645	1537	1569	1259	1368	1324	1882	1519	1634	1402	2073	1433	1443	1605	1631	1337	1449	1575	1596	1549	1174	1185	1271	1322	1297	1539
Citromicrobium	1569	1774	1559	1278	1595	1689	1435	1608	1692	1386	1781	1344	1173	1392	1937	1241	1128	1764	1655	1442	1179	1388	1215	1323	1270	1483
Aquiflexum	1384	1690	1737	1208	1455	1304	1915	1488	1671	1344	1969	1485	1436	1721	1604	1265	1318	1524	1488	1463	1346	1153	1255	1251	1267	1540
Acetobacterium	1557	1734	1579	1226	1487	1481	1598	1460	1689	1340	1882	1292	1299	1448	1774	1299	1264	1682	1706	1481	1233	1193	1327	1265	1216	1494
Mannheimia	1554	1632	1588	1244	1496	1419	1576	1610	1644	1234	1787	1333	1323	1527	1637	1256	1212	1519	1650	1351	2234	1087	1222	1202	1219	1431
Gilvimarinus	1626	1608	1614	1122	1463	1337	1642	1731	1777	1334	1884	1368	1278	1575	1682	1264	1286	1513	1593	1488	1188	1220	1233	1314	1289	1476
Macrococcus	1452	1664	1571	1242	1430	1464	1729	1525	1576	1401	1756	1395	1358	1540	1754	1303	1289	1610	1604	1538	1190	1248	1266	1258	1234	1461
Hoyosella	1604	1798	1570	1253	1631	1681	1463	1702	1603	1315	1740	1347	1214	1317	1702	1201	1041	1778	1719	1440	1143	1337	1335	1324	1131	1451
Lacrimispora	1559	1923	1481	1249	1486	1491	1376	1611	1821	1415	1756	1281	1386	1408	1803	1337	1122	1727	1451	1435	1213	1430	1373	1240	1051	1414
Allosphingosinicella	1633	1880	1473	1339	1630	1610	1499	1761	1667	1362	1827	1355	1234	1388	1775	1231	1043	1628	1578	1353	1114	1331	1171	1309	1149	1490
Lonsdalea	1559	1732	1511	1266	1566	1455	1497	1667	1789	1462	1830	1304	1241	1494	1792	1174	1241	1595	1511	1350	1221	1230	1230	1285	1261	1440
Moritella	1553	1622	1620	1255	1414	1279	1669	1412	1599	1319	1922	1412	1307	1616	1729	1286	1341	1573	1647	1492	1307	1147	1238	1219	1168	1551
Beijerinckia	1584	1943	1475	1312	1694	1538	1451	1661	1648	1416	1789	1328	1264	1396	1778	1236	1129	1677	1577	1318	1125	1259	1140	1291	1184	1460
Aminithiophilus	1551	1818	1558	1287	1603	1467	1508	1669	1683	1332	1775	1290	1277	1373	1812	1265	1125	1632	1492	1306	1151	1300	1247	1321	1253	1425
Sneathiella	1505	1731	1600	1214	1615	1533	1547	1554	1644	1373	1781	1333	1245	1418	1736	1203	1181	1663	1538	1465	1197	1267	1233	1279	1233	1423
Hafnia	1511	1762	1501	1189	1392	1488	1691	1627	1705	1349	1771	1381	1264	1541	1715	1236	1252	1621	1565	1387	1170	1202	1288	1198	1208	1482
Aneurinibacillus	1422	1786	1557	1267	1539	1385	1538	1482	1659	1415	1694	1365	1322	1506	1782	1263	1308	1586	1473	1412	1176	1201	1280	1269	1215	1466
Rouxiella	1664	1735	1556	1133	1570	1383	1602	1612	1664	1338	1810	1381	1399	1491	1691	1205	1161	1510	1569	1422	1147	1185	1187	1248	1179	1488
Mariluticola	1667	1712	1511	1266	1586	1450	1529	1745	1674	1423	1875	1320	1204	1422	1653	1129	1131	1610	1607	1407	1082	1219	1200	1187	1093	1432
Gimibacter	1570	1763	1501	1266	1558	1574	1534	1536	1690	1335	1676	1339	1266	1409	1680	1253	1041	1586	1591	1397	1161	1247	1211	1221	1209	1419
Nesterenkonia	1581	1836	1561	1368	1675	1621	1386	1640	1540	1335	1665	1230	1205	1422	1737	1184	1078	1701	1449	1407	1136	1358	1175	1267	1078	1380
Oceanisphaera	1544	1435	1551	1028	1337	1416	1530	1582	1702	1353	1851	1402	1368	1528	1551	1256	1306	1541	1650	1522	1203	1186	1202	1206	1216	1482
Reinekea	1489	1574	1565	1176	1453	1360	1572	1552	1768	1368	1863	1301	1275	1469	1632	1207	1247	1550	1518	1448	1069	1220	1191	1258	1204	1457
Oscillatoria	1516	1695	1396	1405	1719	1605	1489	1456	1634	1327	1734	1293	1211	1385	1666	1165	1152	1577	1574	1286	1121	1201	1228	1169	1156	1438
Planktothrix	1220	2110	1340	2727	1637	2165	1373	1366	1443	1232	1564	1276	1177	1248	1586	1199	1149	1436	1382	1179	1031	992	1121	1145	1069	1396
Gilliamella	1449	1594	1585	1157	1357	1263	1656	1471	1625	1282	1653	1362	1324	1524	1628	1336	1278	1451	1499	1515	1189	1155	1251	1296	1190	1466
Galbibacter	1368	1558	1647	1095	1355	1277	1819	1422	1424	1289	1824	1470	1366	1588	1585	1325	1393	1466	1457	1496	1217	984	1228	1063	1176	1580
Robiginitalea	1446	1571	1521	1220	1396	1423	1560	1541	1555	1295	1736	1354	1246	1428	1716	1359	1181	1542	1528	1430	1087	1187	1210	1125	1196	1610
Lacimicrobium	1486	1495	1614	1041	1381	1272	1632	1557	1631	1335	1809	1403	1274	1560	1670	1206	1188	1517	1549	1391	1218	1234	1161	1222	1173	1436
Segniliparus	1460	1765	1540	1319	1646	1573	1398	1626	1597	1291	1680	1306	1115	1258	1692	1166	1056	1638	1438	1413	1157	1346	1124	1272	1126	1394
Caldicellulosiruptor	1412	1566	1573	1065	1338	1214	1508	1437	1567	1271	1707	1389	1328	1494	1644	1295	1328	1529	1538	1415	1116	1146	1293	1252	1234	1360
Cyclobacterium	1337	1489	1521	1026	1249	1260	1642	1458	1516	1231	1740	1446	1325	1593	1620	1219	1311	1565	1551	1536	1145	1146	1239	1189	1226	1424
Thermanaerovibrio	1422	1715	1415	1267	1541	1360	1449	1616	1613	1300	1667	1305	1191	1343	1774	1105	1088	1645	1460	1349	1084	1269	1243	1195	1180	1408
Deefgea	1501	1567	1431	1238	1367	1363	1581	1446	1664	1327	1644	1330	1239	1408	1625	1211	1154	1525	1459	1457	1097	1208	1149	1249	1159	1440
Mobiluncus	1451	1789	1502	1216	1630	1585	1429	1616	1600	1284	1652	1215	1162	1349	1661	1146	1124	1523	1449	1325	1075	1219	1149	1182	1042	1394
Stakelama	1452	1702	1432	1308	1666	1486	1432	1574	1544	1263	1663	1263	1129	1339	1698	1129	1097	1541	1449	1323	1121	1273	1190	1247	1096	1329
Hydrogenophilus	1434	1685	1377	1224	1546	1386	1466	1516	1678	1292	1709	1196	1178	1422	1704	1060	1102	1585	1477	1387	1087	1120	1232	1236	1145	1402
Candidatus_Phaeomarinobacter	1494	1788	1393	1244	1529	1517	1482	1559	1629	1254	1672	1275	1174	1336	1632	1112	1096	1552	1429	1368	1052	1213	1162	1218	1111	1305
Gallionella	1448	1603	1469	1142	1436	1280	1574	1502	1581	1248	1728	1232	1267	1471	1586	1204	1228	1414	1509	1335	1163	1185	1156	1171	1200	1421
Tannerella	1514	1785	1524	1140	1341	1458	1457	1490	1605	1230	1671	1281	1155	1491	1658	1160	1206	1627	1365	1358	1047	1153	1134	1206	1098	1355
Glycocaulis	1509	1678	1470	1244	1507	1511	1427	1543	1596	1326	1694	1271	1070	1416	1613	1118	1045	1569	1443	1394	1085	1152	1118	1188	1081	1384
Peteryoungia	1516	1638	1401	1222	1491	1492	1397	1478	1467	1285	1703	1243	1189	1312	1614	1153	1087	1531	1451	1363	1094	1230	1155	1228	1077	1316
Shimwellia	917	1029	962	695	2340	885	993	1669	1981	1402	2860	884	779	1831	3425	791	1279	1007	998	1725	707	1390	795	2156	723	907
Oleiphilus	1455	1502	1456	1001	1409	1239	1511	1520	1630	1224	1709	1282	1261	1440	1528	1213	1218	1452	1469	1435	1115	1068	1058	1149	1156	1436
Kroppenstedtia	1341	1647	1379	1139	1474	1414	1415	1479	1604	1288	1636	1205	1178	1352	1733	1193	1090	1602	1362	1288	1118	1122	1205	1208	1089	1329
Eikenella	1500	1612	1384	1217	1430	1337	1479	1615	1557	1235	1692	1234	1184	1352	1599	1138	1057	1515	1538	1388	1028	1119	1161	1128	1089	1297
Haliscomenobacter	1410	1598	1381	1069	1366	1355	1533	1418	1405	1292	1624	1229	1266	1388	1682	1212	1154	1443	1487	1342	1120	1130	1189	1141	1085	1407
Methylotenera	1528	1176	1283	1445	949	860	2477	1104	1330	1151	2487	1637	1289	1466	1088	1092	1660	1142	1340	1412	901	979	1198	1075	1123	1465
Uruburuella	1497	1596	1413	1102	1510	1344	1430	1451	1599	1251	1620	1241	1173	1381	1568	1165	1044	1503	1427	1295	1136	1113	1131	1147	1107	1340
Sedimentisphaera	1360	1562	1420	1069	1391	1299	1523	1343	1535	1309	1676	1207	1243	1362	1682	1191	1226	1384	1380	1285	1013	1085	1114	1254	1154	1412
Epilithonimonas	1387	1434	1567	999	1335	1293	1475	1310	1385	1204	1622	1256	1200	1455	1604	1292	1327	1408	1646	1285	1145	1024	1149	1040	1141	1486
Chimaeribacter	1433	1607	1446	1076	1363	1399	1470	1536	1559	1201	1704	1161	1202	1334	1581	1179	1023	1500	1419	1262	998	1155	1124	1186	1097	1301
Gillisia	1251	1440	1534	1016	1194	1042	1621	1209	1336	1222	1661	1436	1185	1493	1666	1359	1323	1414	1327	1476	1103	980	1192	1056	1101	1515
Alloacidobacterium	1480	1608	1368	1132	1399	1349	1329	1468	1526	1214	1648	1207	1110	1300	1636	1138	1114	1474	1375	1306	1093	1149	1118	1188	1084	1336
Peptoniphilus	1355	1599	1370	1101	1322	1294	1430	1445	1418	1174	1542	1216	1149	1408	1606	1095	1120	1390	1435	1344	1167	1135	1113	1257	1059	1366
Wolbachia	1280	1470	1435	1160	1300	1254	1498	1337	1438	1154	1561	1164	1251	1351	1517	1185	1153	1344	1431	1300	1135	1076	1170	1231	1182	1361
Solibaculum	1427	1679	1268	943	1449	1267	1466	1384	1461	1246	1579	1158	1138	1324	1741	1083	1013	1395	1433	1257	1014	1182	941	1230	1122	1212
Kovacikia	1370	1443	1317	1068	1400	1331	1348	1367	1485	1202	1619	1174	1169	1321	1588	1118	1074	1339	1434	1267	1115	1082	1068	1102	1113	1307
Iodobacter	1362	1691	1387	1081	1316	1164	1477	1374	1505	1178	1658	1248	1156	1389	1475	1165	1068	1301	1377	1190	1027	1030	1092	1101	1062	1310
Raoultibacter	1385	1551	1390	1121	1439	1426	1203	1485	1452	1198	1451	1129	1047	1234	1650	1088	943	1534	1329	1285	1063	1175	1026	1140	1077	1289
Barnesiella	1441	1676	1554	1076	1364	1209	1210	1397	1368	1095	1621	1170	1116	1438	1553	917	1009	1669	1460	1203	970	1064	1152	1055	995	1268
Neptuniibacter	1391	1409	1335	995	1233	1208	1478	1394	1480	1199	1677	1268	1163	1263	1517	1094	1078	1401	1392	1310	1075	1126	1056	1099	1099	1303
Desulfoscipio	1319	1500	1261	982	1373	1227	1357	1448	1437	1227	1592	1264	1144	1326	1575	1144	1095	1466	1443	1193	1040	1040	1072	1155	1083	1276
Anaerococcus	1181	1594	1481	909	1350	1194	1467	1213	1766	1125	1615	1178	1049	1240	1466	1220	1213	1401	1337	1263	1089	952	1063	1194	1172	1261
Chordicoccus	1340	1597	1334	1075	1434	1226	1232	1513	1517	1336	1643	1148	1154	1334	1593	1011	946	1427	1337	1209	1010	1050	1075	1114	1016	1316
Aristaeella	1330	1558	1365	1090	1348	1246	1389	1380	1519	1198	1475	1167	1108	1274	1566	1094	1081	1462	1307	1179	1072	1122	1089	1179	1083	1254
Geitlerinema	1362	1562	1337	1068	1402	1358	1331	1477	1533	1213	1541	1139	1109	1151	1557	1024	1001	1476	1353	1216	1027	1129	1099	1130	1054	1286
Anaerocolumna	1330	1513	1449	1008	1304	1264	1350	1326	1379	1172	1505	1167	1153	1376	1424	1169	1192	1408	1396	1255	1137	1048	1159	1065	1062	1269
Geminocystis	1219	1384	1349	1563	1445	1411	1594	1178	1357	1076	1548	1222	1138	1222	1427	1202	1117	1151	1294	1271	1110	978	1102	1057	1041	1354
Synechocystis	1275	1357	2569	964	1926	1195	1183	1924	1286	1001	1461	1110	1105	1197	1380	1018	970	1205	1225	1120	952	1019	1026	1028	982	1262
Thomasclavelia	1292	1412	1349	968	1286	1251	1326	1275	1407	1208	1537	1143	1093	1358	1500	1158	1156	1456	1435	1278	1023	1028	1088	1024	1189	1294
Anaerohalosphaera	1323	1435	1289	1065	1267	1247	1422	1340	1439	1125	1634	1202	1065	1246	1554	1094	1116	1358	1355	1334	1015	1083	1062	1079	1036	1345
Maridesulfovibrio	1339	1410	1324	1006	1281	1265	1352	1420	1429	1194	1538	1196	1138	1332	1540	1094	1082	1372	1342	1234	1021	994	1125	1155	1068	1267
Aminomonas	1311	1534	1263	1120	1386	1318	1353	1393	1443	1176	1595	1115	1054	1263	1554	1007	924	1436	1401	1164	990	1100	1069	1103	1010	1271
Wenyingzhuangia	1231	1224	1603	954	1031	1038	1655	1268	1311	1143	1554	1375	1151	1488	1412	1244	1238	1289	1338	1383	1028	956	1032	965	1025	1403
Roseburia	1276	1446	1336	972	1375	1293	1369	1352	1451	1250	1538	1124	1090	1267	1543	1152	999	1399	1349	1228	1033	1029	1073	1046	1063	1273
Anaerostipes	1289	1476	1314	988	1142	1192	1341	1377	1508	1203	1490	1199	1157	1337	1506	1083	1160	1462	1259	1169	995	1021	1091	1056	1083	1286
Fluviibacter	1309	1623	1279	990	1312	1239	1327	1395	1545	1195	1578	1134	1107	1245	1566	1129	984	1361	1396	1194	955	987	983	1060	1033	1237
Saccharibacillus	1361	1406	1302	1107	1369	1337	1220	1436	1454	1181	1470	1050	1014	1221	1553	1087	939	1423	1319	1215	969	1116	1123	1108	1058	1227
Zhouia	1302	1262	1442	950	1168	1075	1490	1210	1364	1171	1396	1213	1134	1420	1539	1150	1210	1367	1298	1371	1114	950	1017	995	978	1307
Tatumella	1374	1347	1346	952	1228	1209	1398	1314	1393	1188	1593	1085	1191	1277	1464	1143	1054	1411	1292	1206	1013	989	1026	1054	1013	1296
Allomeiothermus	1300	1478	1282	1117	1285	1296	1280	1459	1428	1145	1531	1121	1037	1213	1482	1032	978	1438	1236	1105	955	1111	1105	1067	1015	1265
Rasiella	1129	1411	1372	1072	1171	1203	1579	1191	1396	1134	1535	1311	1157	1367	1480	1089	1148	1275	1227	1273	1003	930	1015	963	1050	1275
Anaerotruncus	1349	1601	1277	995	1310	1376	1259	1435	1412	1079	1522	1172	989	1239	1468	1050	908	1367	1270	1139	1008	1089	1075	1070	1080	1145
Silvimonas	1348	1401	1311	1030	1297	1135	1344	1335	1398	1179	1555	1074	1070	1295	1474	1102	1004	1320	1345	1212	1029	1033	1027	997	1068	1286
Natronoglycomyces	1342	1523	1288	1063	1372	1373	1225	1427	1415	1178	1462	1076	1014	1199	1575	959	939	1445	1262	1182	1010	1083	1035	1114	932	1175
Siccibacter	1976	2056	2013	853	1822	1828	1055	1134	1171	1728	1236	880	1600	1023	1187	815	770	1063	1033	911	770	880	806	909	825	995
Tolumonas	1350	1380	1320	906	1205	1154	1311	1367	1470	1181	1608	1124	1035	1292	1430	1038	1019	1313	1256	1218	968	1011	1004	1098	968	1179
Ferruginibacter	1301	1475	1300	1099	1442	1338	1387	1197	1260	1094	1458	1192	1155	1269	1368	1154	986	1216	1161	1163	1008	973	1008	947	990	1235
Gynuella	1222	1360	1288	957	1136	1089	1420	1328	1486	1094	1490	1170	1139	1338	1451	1114	1087	1241	1217	1214	957	995	1042	1010	1019	1222
Sulfurospirillum	1305	1150	1403	858	1048	981	1320	1283	1317	1203	1422	1082	1122	1338	1532	1038	1223	1316	1400	1205	1077	999	1047	1066	1056	1223
Ornithobacterium	1288	1398	1381	921	1227	1137	1327	1135	1238	1074	1418	1206	1080	1409	1418	1122	1196	1326	1285	1350	959	970	1036	905	911	1273
Rhodoluna	1254	1562	1337	1067	1473	1358	1170	1296	1308	1054	1371	1077	1034	1136	1479	932	956	1395	1285	1134	961	1068	1009	1066	970	1219
Niabella	1238	1493	1321	1059	1228	1247	1330	1198	1320	1059	1425	1150	1059	1229	1444	1098	1052	1291	1245	1177	993	1053	1022	1028	1009	1202
Acaryochloris	1258	1406	1277	1042	1314	1277	1225	1294	1303	1154	1464	1089	1087	1183	1472	1050	999	1313	1269	1156	1009	982	1022	1049	1048	1196
Mycoavidus	1264	1440	1278	967	1203	1171	1321	1286	1378	1085	1497	1082	1061	1305	1356	996	1008	1204	1288	1230	972	1037	1000	1020	1009	1333
Candidatus_Bipolaricaulis	1311	1442	1172	1087	1331	1273	1252	1356	1353	1096	1533	1174	966	1133	1448	969	894	1370	1358	1120	933	1087	965	1017	928	1124
Pukyongia	1254	1438	1305	1027	1271	1189	1400	1149	1210	1115	1417	1206	1072	1268	1471	1052	1154	1308	1240	1193	1016	895	950	914	921	1234
Lactiplantibacillus	1228	1463	1324	1155	1301	1296	1174	1284	1329	1057	1419	1085	1125	1156	1358	1052	1015	1189	1293	1158	955	1013	1007	1046	986	1142
Moorena	1214	1435	1309	1164	1264	1234	1256	1249	1342	1086	1352	1095	1052	1173	1374	1029	1005	1322	1213	1109	976	978	1088	1090	954	1206
Paremcibacter	1300	1515	1216	961	1234	1165	1244	1342	1300	1078	1450	1113	1090	1239	1396	996	987	1259	1279	1146	933	1024	931	997	991	1147
Levilactobacillus	1211	1481	1244	1036	1377	1274	1219	1240	1338	1107	1438	1120	967	1198	1430	1002	936	1309	1192	1140	914	1062	981	1030	913	1165
Riemerella	1169	1216	1413	935	1225	971	1358	1133	1247	1030	1310	1233	1087	1417	1328	1110	1065	1290	1274	1266	1018	1024	985	970	1042	1189
Adhaeribacter	1137	1362	1305	941	1155	1072	1363	1179	1251	1078	1449	1181	1031	1289	1419	1041	1089	1296	1233	1165	940	948	1002	978	960	1193
Nanchangia	1252	1435	1264	1093	1355	1334	1193	1314	1282	1152	1450	1014	963	1069	1451	974	895	1349	1185	1116	868	999	986	994	869	1151
Litorivicinus	1282	1392	1223	971	1202	1113	1193	1357	1396	1058	1504	1068	1038	1214	1400	999	920	1270	1339	1140	920	954	933	1013	941	1109
Auritidibacter	1179	1440	1347	967	1355	1283	1143	1307	1335	1115	1304	1042	981	1139	1332	924	891	1464	1184	1203	866	1043	940	1078	957	1104
Coprococcus	1178	1400	1237	878	1152	1126	1299	1208	1338	1031	1468	1094	1048	1156	1400	1094	878	1302	1293	1122	994	894	999	935	969	1394
Magnetococcus	1370	1316	1201	1007	1295	1273	1254	1249	1281	1027	1361	1057	1051	1176	1361	964	1042	1262	1164	1124	899	969	916	976	889	1149
Novacetimonas	1173	1487	1227	895	1234	1212	1179	1307	1374	920	1511	1025	1032	1142	1437	932	921	1317	1160	1108	996	978	946	1033	941	1085
Trichormus	2037	1225	805	2091	910	1738	1350	757	1888	1291	823	646	1519	1512	1926	600	1034	966	1711	818	622	633	614	619	667	720
Cloacibacterium	1060	1209	1298	830	1019	1038	1461	1124	1147	1110	1496	1265	1015	1184	1335	1157	1118	1131	1165	1285	971	870	925	951	1007	1304
Gibbsiella	1266	1372	1272	929	1243	1099	1249	1230	1318	1064	1356	1064	988	1187	1396	999	975	1175	1220	1178	894	981	933	987	961	1116
Hyphobacterium	1277	1373	1140	972	1227	1249	1218	1242	1374	1079	1429	1027	947	1168	1376	959	930	1220	1187	1110	869	1005	980	979	981	1128
Acidaminococcus	1184	1460	1129	882	1179	1107	1170	1302	1398	1067	1463	1002	1022	1146	1443	926	897	1205	1292	1030	915	1035	1072	955	967	1168
Kordiimonas	1197	1282	1216	1019	1123	1115	1251	1214	1319	1042	1401	1049	1046	1158	1337	969	961	1152	1248	1138	953	957	977	1052	1024	1114
Nissabacter	1252	1367	1189	980	1180	1075	1223	1298	1391	1003	1369	1045	925	1152	1435	940	943	1278	1214	1075	925	980	949	1026	999	1100
Sphaerospermopsis	962	1739	1320	1094	1313	1510	1152	1091	1179	1002	1198	893	961	1054	1453	928	1112	1374	1176	914	913	863	1158	956	839	1098
Pusillibacter	1198	1399	1089	1005	1269	1197	1242	1296	1232	1032	1339	988	927	1176	1416	976	894	1243	1158	1116	936	1068	1028	891	894	1208
Flavisolibacter	1188	1305	1230	977	1210	1164	1246	1142	1242	1009	1374	1072	957	1182	1278	1075	999	1246	1158	1129	983	981	994	907	957	1186
Aerococcus	1238	1329	1163	873	1262	1071	1241	1115	1357	1053	1388	1014	1039	1029	1305	1033	1019	1235	1214	1168	975	945	980	970	904	1228
Sphaerochaeta	1216	1335	1156	886	1170	1161	1200	1227	1284	1016	1365	1013	967	1080	1355	1005	951	1263	1190	1049	961	975	949	972	950	1127
Leptotrichia	1106	1198	1187	936	938	938	1292	1105	1161	1025	1368	1041	980	1137	1311	1093	1117	1134	1270	1151	944	981	1090	1087	1039	1180
Photorhabdus	1133	1197	1188	918	1059	1033	1289	1195	1324	989	1398	1055	1057	1121	1263	938	981	1218	1216	1095	1005	922	992	927	949	1204
Neomicrococcus	1251	1297	1323	1066	1344	1295	1084	1319	1257	953	1218	1011	856	1065	1288	861	774	1396	1049	1194	887	997	939	951	868	1081
Gilvibacter	1092	1281	1279	928	1106	1042	1276	1027	1230	982	1339	1211	1090	1296	1383	1016	973	1101	1162	1159	851	897	959	866	857	1198
Leptodesmis	1184	1332	1144	965	1226	1159	1192	1179	1285	1051	1296	1003	998	1128	1321	940	925	1202	1134	1076	925	946	934	974	900	1116
Candidatus_Paraluminiphilus	1252	1260	1225	951	1114	1062	1148	1241	1305	1034	1420	1021	930	1116	1302	992	847	1174	1200	1038	957	931	877	933	1034	1108
Salinimicrobium	1140	1195	1286	819	1031	1028	1256	1093	1171	996	1374	1114	956	1130	1395	1022	985	1237	1134	1104	910	856	910	903	929	1140
Thermobaculum	1161	1431	1096	868	1161	1175	1107	1224	1335	1038	1413	1044	985	1085	1327	961	783	1266	1185	924	876	858	860	965	884	1073
Acetivibrio	1096	1213	1257	770	1015	910	1104	1194	1182	974	1518	1058	944	1174	1291	985	1007	1177	1175	1021	928	855	958	1183	938	1073
Romboutsia	1038	1382	1195	903	1249	1242	1114	1083	1208	1021	1190	979	990	1067	1295	962	1019	1255	1113	950	931	887	1084	937	899	979
Salicibibacter	1140	1297	1119	929	1153	1090	1190	1192	1221	986	1337	1002	1049	1079	1262	946	885	1166	1187	1046	852	926	897	967	943	1094
Paraurantiacibacter	1129	1376	1040	973	1242	1173	1117	1244	1229	1032	1412	953	950	1021	1290	926	828	1191	1077	1048	828	930	954	951	878	1082
Cyclonatronum	1184	1306	1190	917	1199	1104	1070	1184	1254	1038	1283	910	968	1120	1402	907	856	1225	1104	1022	834	914	948	942	915	975
Dehalococcoides	1064	1354	1172	866	1075	1048	1149	1172	1188	1001	1297	1001	940	1101	1329	927	927	1241	1187	1026	848	856	924	970	954	1083
Cycloclasticus	1213	1231	1256	796	1036	954	1238	1150	1152	969	1403	1009	1012	1107	1256	952	955	1164	1200	1057	864	889	839	900	921	1064
Ktedonosporobacter	1150	1324	1093	920	1207	1090	1078	1149	1234	1035	1238	945	863	1087	1312	891	872	1237	1097	1021	891	903	913	980	871	1084
Coraliomargarita	1136	1233	1112	1020	1179	1149	1109	1107	1190	991	1243	957	941	1086	1324	902	872	1136	1149	1049	785	903	885	973	842	1065
Saliniradius	1185	1220	1187	872	1011	1019	1160	1170	1203	981	1326	1012	916	1076	1149	897	894	1102	1096	1087	872	874	934	897	887	1089
Leuconostoc	1042	1196	1177	851	1074	1131	1216	1079	1182	958	1212	949	969	1120	1332	982	901	1094	1158	975	872	869	916	883	837	1066
Thermosulfuriphilus	1081	1277	1064	895	1086	977	1060	1158	1230	972	1351	998	929	1075	1319	919	851	1127	1171	1033	861	879	886	925	780	1120
Salinispirillum	1155	1190	1094	803	1092	953	1189	1095	1253	1003	1322	932	933	1063	1262	924	947	1115	1112	1061	878	871	841	846	892	1062
Ruthenibacterium	1147	1193	1125	875	1108	1058	1108	1205	1155	1013	1159	932	838	1035	1275	873	828	1178	1115	1020	847	923	858	894	874	1046
Croceibacter	1073	1130	1171	832	887	873	1309	1024	1114	974	1159	1102	993	1214	1223	1020	941	1063	1080	1178	886	748	896	772	851	1066
Mediterraneibacter	887	1154	915	731	992	822	941	2723	983	734	1052	775	716	996	1154	797	2502	991	1040	854	685	702	822	818	823	909
Aquiluna	1063	1309	1177	972	1157	1152	992	1150	1112	890	1213	957	903	1015	1226	862	800	1213	1077	973	777	877	843	899	856	1000
Limnobacter	1151	1160	1054	857	969	900	1200	1072	1179	962	1365	1044	948	1066	1142	954	947	1129	1069	1097	844	886	866	822	777	1001
Gallibacterium	1172	1145	1080	804	1102	968	1126	1060	1156	987	1322	931	982	1064	1173	967	860	1085	1128	1088	808	850	876	909	779	1032
Oscillibacter	1103	1273	1080	854	1138	1029	1070	1176	1234	956	1276	966	887	1065	1323	832	792	1202	1056	996	732	899	894	880	769	964
Acididesulfobacillus	1155	1197	1063	767	1098	1030	1044	1093	1195	1003	1261	921	942	1044	1259	893	795	1132	1093	1032	831	841	907	901	866	1021
Ezakiella	1082	1425	1063	772	1063	1128	1012	1175	1201	885	1186	891	808	1102	1304	867	819	1220	991	992	872	868	827	841	830	1102
Tolypothrix	1021	1231	1075	935	1123	1095	1076	1030	1146	948	1176	885	917	1081	1174	960	855	1157	1092	947	870	821	922	926	808	1041
Oceanobacillus	1007	1108	1080	922	1026	1004	1101	1056	1102	886	1248	940	958	1067	1201	950	929	1128	1110	981	911	894	900	897	836	1050
Cloacibacillus	1067	1327	1072	836	1150	974	1104	1192	1154	1027	1342	923	844	957	1225	798	794	1273	1070	923	784	883	818	970	790	958
Pelagerythrobacter	1119	1184	988	981	1134	1084	1081	1176	1035	957	1274	975	816	1037	1256	891	808	1087	1075	995	763	897	856	910	812	1042
Dongshaea	1113	1064	1080	847	971	936	1074	1179	1213	893	1242	949	939	1062	1301	869	818	1053	1095	1034	853	834	803	885	855	1028
Lawsonibacter	1103	1247	1056	845	1107	1045	984	1116	1172	924	1222	893	856	1011	1277	820	834	1178	963	953	799	848	875	939	836	1063
Pyramidobacter	1085	1271	1051	816	1110	1103	1087	1190	1142	908	1254	932	850	945	1238	831	794	1139	1066	877	784	858	902	911	823	979
Proteiniphilum	1056	1075	1088	729	981	900	1166	1109	1102	924	1286	965	960	1115	1164	872	912	1044	1099	1007	868	811	912	891	880	930
Aggregatimonas	1065	1051	1029	832	1014	969	1153	1012	1096	928	1214	1016	957	1158	1195	934	915	1095	980	1006	855	812	890	807	869	992
Poseidonibacter	1007	451	1327	605	359	352	1849	718	698	808	1457	1815	673	1315	613	1182	1932	842	1446	1127	1098	542	797	692	945	1076
Cyanobacterium	959	1042	1049	1204	1084	1151	1188	944	1073	937	1155	933	871	1023	1090	891	875	945	1016	938	806	794	861	840	881	1071
Sinomicrobium	1018	1045	1071	726	1009	936	1164	1049	1059	909	1236	1017	886	1031	1210	949	894	1113	1076	1017	805	824	860	803	817	1041
Dissulfurimicrobium	1102	1115	981	789	955	950	1095	1084	1123	965	1194	933	840	997	1202	904	782	1071	1064	983	865	823	888	903	873	1048
Aurantimicrobium	1060	1277	1113	917	1129	1168	977	1049	1089	910	1140	887	806	914	1193	788	752	1145	1096	1002	725	860	769	897	730	1052
Butyricimonas	998	1198	1090	737	887	867	1120	1029	1162	925	1221	938	849	1026	1231	861	931	1123	1103	930	774	877	818	897	785	1017
Fretibacterium	1022	1247	1015	939	1094	1024	983	1112	1020	911	1201	880	902	976	1241	774	728	1135	1030	914	744	915	866	883	809	985
Phascolarctobacterium	1096	1263	1046	736	979	992	981	1054	1081	915	1138	879	916	966	1210	799	827	1129	1042	947	853	851	883	846	835	956
Hydrogenimonas	1005	1119	1039	837	1023	1007	978	1050	1068	953	1218	868	882	1013	1252	844	792	1084	1061	943	798	871	843	880	826	966
Proteiniclasticum	998	1173	993	857	1132	991	983	1132	1232	887	1119	826	809	973	1198	858	754	1164	1063	948	798	869	761	865	819	978
Solitalea	967	1061	1180	774	945	872	1148	993	1052	902	1216	927	918	1054	1113	938	936	983	1031	1068	838	770	826	779	854	998
Herminiimonas	1070	1149	996	779	985	841	1076	1066	1195	926	1214	918	824	1005	1131	811	817	1061	1062	1024	762	778	783	889	834	1032
Thermosulfurimonas	1020	1192	1016	830	1016	943	1050	1054	1152	881	1213	919	841	982	1220	865	843	1043	1003	895	765	813	834	844	814	972
Kozakia	1100	1179	986	798	1066	999	1050	1115	1126	788	1242	909	816	984	1169	813	732	1035	1073	950	834	820	781	875	804	975
Bacterioplanes	1095	1048	1058	760	923	877	1096	1117	1140	965	1239	922	889	1035	1141	852	831	1013	1039	1004	750	812	766	805	811	1007
Catalinimonas	1003	1072	1096	835	997	961	1060	1003	1002	877	1189	883	874	1036	1186	905	831	1052	1005	982	830	832	836	888	815	928
Melioribacter	991	1023	1087	710	757	737	1119	930	1089	833	1230	994	913	1055	1269	958	894	1072	1071	1011	849	791	892	883	874	939
Saccharophagus	1058	1053	1162	730	922	892	1107	1012	1053	900	1268	977	833	972	1139	869	885	1074	1034	983	800	845	825	791	769	982
Amylibacter	1157	1103	954	1026	1039	1068	1052	1123	1112	929	1239	958	876	936	1071	778	731	985	917	910	715	781	742	787	798	1124
Niallia	1001	1139	1106	832	942	906	979	989	1134	960	1054	773	831	1024	1287	994	783	1110	1058	923	764	829	837	823	854	958
Musicola	919	1146	1042	794	978	1000	980	1083	1159	940	1194	887	866	966	1223	823	803	1069	1081	923	811	839	812	881	787	879
Microvenator	1019	1206	965	868	1057	974	1005	1099	1120	881	1155	944	823	999	1141	810	738	1058	1019	891	729	857	849	894	775	955
Paraprevotella	1103	1287	1088	797	1006	888	971	963	1044	820	1188	929	876	1002	1279	820	831	1072	1000	973	725	746	884	777	756	984
Thermotoga	1010	1249	1030	781	996	955	1010	1055	1058	885	1194	897	813	912	1197	818	798	1052	1097	961	822	808	811	856	811	913
Xiamenia	1048	1177	1016	829	1071	1060	925	1042	1071	912	1133	848	790	968	1165	768	774	1111	1058	926	743	839	801	845	800	1008
Rhodocytophaga	1013	1113	1034	747	919	857	1092	1018	1059	809	1162	908	912	967	1141	870	924	1028	1046	952	778	811	767	802	849	947
Zymobacter	1008	1143	971	790	893	898	1075	1089	1024	901	1203	843	859	1022	1127	768	797	1029	1047	980	775	783	747	760	846	961
Candidatus_Sulfidibacterium	934	1090	1128	689	902	834	1131	991	1037	824	1253	902	881	1023	1129	804	930	941	1051	928	813	736	844	771	787	950
Slackia	974	1147	1048	795	1054	1026	979	1056	1059	893	1100	837	806	919	1131	792	740	1105	953	868	743	861	775	859	772	942
Yokenella	995	1235	1013	693	945	898	993	1034	1151	894	1209	797	817	916	1092	795	764	1060	1020	906	749	783	775	857	829	912
Hyphococcus	1037	1096	1064	795	1028	1030	995	995	1100	915	1151	838	808	913	1229	783	700	1022	936	928	732	779	757	784	770	924
Arsenophonus	1034	1027	1036	753	837	877	1066	860	1052	857	1196	901	891	1018	1033	821	887	1017	1044	889	871	721	801	822	742	997
Imtechella	903	931	1041	770	798	759	1194	971	980	865	1172	992	877	1043	1054	880	891	957	969	1095	821	702	788	758	784	1004
Niastella	946	1067	1026	851	971	917	994	963	1034	824	1132	871	848	1006	1121	788	812	1029	947	914	730	833	806	809	772	956
Neoasaia	1112	1212	940	852	1079	1000	886	1081	1092	764	1043	777	739	893	1155	726	707	1056	1009	889	724	811	758	802	716	898
Candidatus_Pelagibacter	759	1059	931	1262	1327	1210	1026	813	933	775	1066	829	792	960	953	813	917	855	944	859	728	707	773	781	740	885
Halomicronema	961	1148	980	786	977	974	948	1016	1059	840	1092	846	754	947	1134	754	714	1055	931	864	724	785	820	819	791	915
Reichenbachiella	927	1052	997	683	865	816	1026	917	974	847	1039	911	914	1010	1031	843	865	925	993	941	835	719	818	791	794	943
Apibacter	881	1047	1021	719	837	836	1039	931	1011	814	1116	861	817	1053	1135	816	852	951	1023	940	749	688	849	781	770	937
Emticicia	920	1033	1010	744	851	829	1041	902	961	803	1134	878	882	956	1050	852	884	955	1014	952	786	724	828	768	754	930
Aquisediminimonas	982	1091	900	778	968	943	989	906	1034	815	1181	860	816	947	1115	729	721	985	971	864	744	810	764	835	726	895
Ammonifex	952	1180	936	765	945	876	926	1024	1036	824	1159	793	788	930	1183	755	676	1049	1008	859	719	767	735	826	722	922
Candidatus_Formimonas	982	1033	897	742	903	829	957	943	1044	894	1175	842	826	915	1108	818	742	931	946	961	730	768	830	773	775	975
Limnospira	880	1090	1011	1241	1089	1050	1083	861	914	735	1112	827	730	845	1004	867	708	880	848	896	739	710	735	785	682	999
Ethanoligenens	949	1121	950	787	999	929	948	989	980	781	1121	811	777	886	1191	732	668	962	864	866	714	802	801	815	712	963
Fictibacillus	894	1083	940	709	940	878	992	910	964	789	1002	760	816	936	1111	801	848	993	962	892	807	736	787	845	795	925
Carnobacterium	851	989	1034	801	972	1008	1055	850	948	797	1078	807	802	940	1100	789	826	1004	937	853	757	696	842	804	724	816
Paraflavitalea	894	1030	997	722	927	857	982	1012	1014	823	1074	801	829	950	1116	789	823	968	928	842	746	773	831	737	737	852
Duffyella	1004	1121	957	742	954	876	918	941	1038	870	1113	810	792	916	1061	785	681	982	956	886	724	750	760	756	705	928
Caproiciproducens	1047	1068	928	685	977	964	856	963	1041	870	1153	786	739	862	1112	802	722	980	957	859	683	758	710	779	781	926
Lentibacter	1032	1014	834	951	986	943	1040	966	1064	807	1257	821	791	874	915	721	680	915	864	872	677	691	705	725	762	1019
Subdoligranulum	914	1121	999	801	959	960	912	996	997	815	1019	831	741	915	1117	724	703	980	897	874	701	781	786	773	685	865
Chlamydia	903	1108	1007	822	959	967	904	916	922	844	1020	781	748	844	1034	781	778	977	903	824	762	713	797	764	798	903
Avibacterium	976	980	1031	703	825	832	941	930	950	869	1170	813	802	966	1012	786	761	934	976	856	747	711	791	784	705	922
Weissella	858	1020	923	731	911	939	953	881	940	787	1058	797	760	932	1108	837	833	1025	973	844	724	767	764	798	755	847
Thermoanaerobacterium	920	1057	977	706	767	837	1024	898	965	795	1026	801	760	974	1099	804	840	891	953	878	765	725	810	827	755	882
Psychromicrobium	917	1133	956	748	1030	1037	824	967	920	889	993	822	723	835	1056	740	661	1069	860	861	692	783	719	790	736	809
Pediococcus	867	1028	956	705	822	848	820	843	997	846	1016	825	839	876	1046	879	724	1019	1083	827	712	771	831	779	735	847
Changpingibacter	1048	1145	1022	745	985	1010	786	904	1008	696	1065	787	762	875	1158	702	609	970	903	780	743	692	773	690	660	867
Leptothermofonsia	903	1080	877	768	953	916	842	929	1007	790	1058	828	737	877	1001	725	722	972	878	853	685	777	735	728	716	875
Thiopseudomonas	865	1034	915	691	867	805	910	1004	980	820	1168	776	753	951	1035	695	676	895	945	865	712	715	704	787	735	869
Borrelia	816	951	948	680	748	770	982	828	989	784	971	790	815	938	1024	782	824	942	965	815	738	732	782	762	740	912
Olivibacter	870	899	964	695	886	762	979	877	862	785	1106	820	781	943	966	786	802	901	906	926	757	713	676	727	739	896
Mammaliicoccus	774	896	976	699	747	746	988	760	906	802	935	773	775	939	929	850	882	1001	926	943	815	686	752	823	748	882
Limihaloglobus	870	964	886	718	760	833	915	869	998	770	1048	817	768	944	1048	791	729	891	855	865	708	711	802	735	748	863
Pelosinus	859	1009	919	700	959	877	881	938	944	778	968	725	750	866	1003	787	739	965	925	836	735	655	768	767	682	826
Elusimicrobium	139	2593	137	123	130	141	180	155	156	141	2549	1841	118	170	2571	129	120	2503	150	1987	1673	136	1743	129	127	2007
Sodaliphilus	910	939	1016	744	885	916	858	946	1000	776	983	732	702	865	1029	693	694	902	879	776	686	776	779	791	707	788
Glaciimonas	888	1004	896	732	886	812	938	981	978	798	1017	773	723	886	985	711	702	898	896	824	662	774	687	681	678	847
Actinotignum	888	1055	962	707	957	880	891	926	969	779	1065	751	675	832	1007	690	625	875	831	788	708	788	649	694	720	903
Scytonema	809	1000	886	764	891	841	816	841	910	757	953	762	747	774	959	721	718	928	882	762	741	638	747	729	708	842
Chondrinema	775	841	913	619	734	730	1031	797	861	774	1048	859	708	922	924	726	893	854	897	898	685	649	676	728	716	839
Lacibacter	799	918	930	673	886	776	949	861	847	736	964	777	752	907	929	755	735	836	875	852	755	671	688	669	661	828
Pseudopedobacter	848	951	931	667	804	762	959	767	824	728	988	773	785	828	1058	723	800	846	867	861	606	630	716	573	721	871
Alkalitalea	802	937	949	594	685	618	890	808	902	774	1049	820	728	918	992	826	781	858	910	797	636	656	723	738	669	770
Aureispira	761	938	899	653	725	638	986	791	889	791	953	812	771	891	924	718	765	877	928	868	677	666	694	739	648	815
Fischerella	801	970	872	769	851	826	855	783	938	741	884	763	734	821	1016	684	686	865	856	718	659	663	734	738	637	801
Pleionea	816	916	947	581	830	738	889	787	905	764	1052	822	763	836	917	708	724	874	870	787	588	658	690	624	696	810
Dermatophilus	875	960	938	726	929	859	743	884	959	788	960	768	652	800	913	634	581	845	780	739	701	688	660	727	629	817
Panacibacter	785	951	832	627	830	725	890	818	871	747	961	816	781	889	945	710	756	810	836	805	720	605	725	624	681	792
Marinagarivorans	823	939	904	603	794	787	915	840	862	723	1014	756	758	841	918	678	670	874	902	785	649	664	649	650	687	776
Anseongella	858	953	883	645	781	760	889	798	933	718	1064	715	690	842	956	732	664	824	813	767	645	687	634	660	696	825
Coprobacter	763	963	944	584	733	678	948	696	841	683	980	783	788	866	1011	778	793	822	880	819	638	613	713	652	662	770
Symbiopectobacterium	874	873	907	618	756	726	910	846	1016	729	1052	715	677	877	997	661	591	865	893	728	625	683	576	695	632	802
Crassaminicella	748	894	840	574	731	740	837	795	844	715	973	764	690	898	952	756	777	821	866	733	704	661	700	731	663	762
Amniculibacterium	772	954	913	727	836	891	757	780	918	707	766	719	682	771	1058	794	736	817	791	757	656	654	620	686	638	769
Caproicibacterium	840	914	843	644	768	774	848	820	911	737	955	697	721	758	982	704	637	915	868	729	588	675	674	675	673	780
Methylacidiphilum	803	928	861	632	811	793	873	825	936	692	908	750	638	797	894	729	707	888	825	764	633	609	703	671	681	770
Belliella	744	815	909	595	691	705	1021	783	841	682	971	833	812	876	853	645	719	808	789	832	721	630	666	616	669	807
Denitrificimonas	881	867	818	614	758	694	916	947	933	729	1001	668	745	817	943	582	606	756	854	806	635	668	620	724	689	753
Dialister	842	1029	849	623	765	763	837	862	893	719	881	714	679	774	954	691	645	852	819	737	603	678	668	698	639	762
Duodenibacillus	873	921	813	626	885	816	782	813	944	678	973	731	618	814	951	631	583	841	862	727	588	691	628	708	632	799
Candidatus_Protochlamydia	786	1035	886	829	966	1023	804	761	820	673	780	646	679	649	900	694	613	911	798	691	599	672	694	665	575	748
Aliivibrio	745	843	874	566	701	702	821	822	853	634	1008	745	670	866	870	719	679	877	925	827	690	623	764	641	656	742
Candidatus_Blochmannia	816	848	857	637	657	733	913	739	833	722	925	785	709	793	913	729	712	821	790	762	668	652	721	681	637	771
Lentilactobacillus	780	905	799	639	804	711	874	812	857	694	916	762	728	771	927	668	644	768	794	797	645	684	707	681	685	771
Bacterioplanoides	823	892	872	621	762	658	887	824	888	723	968	804	702	783	911	708	642	736	846	805	591	633	662	624	669	770
Jejubacter	862	943	794	662	772	778	822	920	937	735	993	678	685	756	875	614	637	834	838	731	597	623	650	698	627	721
Aminipila	844	898	818	592	770	728	819	825	878	706	913	694	685	801	925	698	698	881	815	754	609	649	678	662	646	786
Chamaesiphon	783	929	839	877	849	835	828	769	908	634	977	706	644	713	873	611	622	793	728	734	684	677	631	672	640	794
Candidatus_Vallotia	801	870	810	641	783	783	830	805	861	742	1020	735	650	788	889	654	675	799	876	782	626	579	677	675	642	756
Arcticibacterium	767	797	790	780	650	726	962	784	777	707	927	733	671	769	951	675	741	763	794	782	667	596	681	649	676	873
Oligella	776	887	868	639	688	732	864	781	897	592	974	749	650	835	982	705	644	819	813	766	599	637	609	652	660	774
Caloramator	768	893	755	556	673	676	911	789	765	732	907	737	652	845	876	750	706	848	887	768	610	648	658	670	630	724
Maritalea	781	980	837	720	846	740	756	844	904	740	876	673	653	702	838	636	613	881	781	665	587	667	593	597	632	827
Emergencia	860	900	764	660	816	789	790	893	881	603	926	674	654	762	957	621	560	805	822	641	621	604	655	664	598	798
Pseudocnuella	789	936	842	640	820	720	799	791	846	654	881	690	729	760	929	600	591	805	798	726	617	614	679	660	664	710
Staphylospora	730	880	847	604	841	762	798	831	816	690	933	643	664	777	903	614	606	847	873	713	566	635	670	645	605	772
Thermoleptolyngbya	793	928	867	706	827	807	748	873	835	694	920	650	642	726	953	614	538	813	806	658	620	684	613	578	607	756
Moellerella	715	942	814	638	759	718	814	716	929	745	1024	707	745	763	829	650	720	749	824	742	634	580	527	549	608	802
Gloeothece	704	878	855	738	819	774	770	702	844	670	855	668	653	724	852	640	686	850	802	756	587	595	668	711	665	720
Salisediminibacterium	794	898	830	638	817	772	713	878	829	721	850	676	589	760	898	628	571	864	761	763	600	665	632	620	641	727
Oxynema	763	924	764	663	816	814	753	774	835	701	850	670	619	758	921	657	586	837	753	706	585	660	650	670	640	705
Salinivirga	742	793	810	511	661	618	884	725	883	663	853	698	714	822	858	708	736	766	836	744	627	546	656	661	625	765
Snodgrassella	801	861	816	641	659	715	830	746	849	624	905	687	685	787	849	713	674	791	809	772	571	555	595	699	548	703
Coriobacterium	824	901	750	641	818	842	740	847	801	636	859	651	600	660	912	626	574	792	727	708	585	690	651	634	581	722
Christensenella	765	920	726	555	754	796	763	771	845	669	964	630	629	726	960	591	616	825	792	690	559	612	631	643	579	758
Aquirufa	723	842	762	595	727	706	860	722	763	684	913	689	700	728	886	650	671	739	772	715	607	624	664	625	592	801
Thermoanaerobacter	745	813	748	518	810	675	773	704	824	674	828	741	648	779	817	629	673	771	792	731	632	650	697	635	609	823
Petrimonas	723	865	835	608	728	666	825	720	805	681	898	696	627	804	886	616	627	803	762	697	563	569	574	633	611	792
Stanieria	706	799	807	884	741	786	799	646	806	664	844	646	641	736	827	694	619	676	777	713	621	532	651	575	656	757
Brachyspira	657	785	834	557	593	589	847	640	769	635	867	668	697	778	879	740	780	738	824	693	656	611	658	688	641	777
Hoylesella	674	896	845	521	694	702	707	745	832	653	903	669	649	734	900	540	645	808	780	751	568	641	641	613	609	779
Breznakiella	798	926	747	573	739	727	718	763	812	620	851	694	606	704	888	638	592	825	783	666	583	654	671	622	544	722
Spongiactinospora	742	893	799	664	795	808	704	833	800	660	872	631	582	630	904	545	541	805	769	702	540	666	623	653	587	711
Catenovulum	716	755	796	609	621	629	871	725	787	648	894	693	648	826	802	610	710	733	764	728	566	614	649	647	627	765
Simiaoa	772	832	779	540	749	819	703	852	920	669	866	607	652	694	945	532	489	759	763	564	635	579	617	636	592	807
Pseudobacter	735	843	725	564	771	706	759	739	794	689	889	662	633	732	881	595	568	754	764	668	640	643	614	649	626	721
Leminorella	776	807	739	585	668	667	771	865	810	636	891	685	599	674	886	569	618	795	819	660	555	605	619	632	659	721
Halarcobacter	720	512	879	439	376	399	1089	595	643	623	953	1008	534	878	631	751	1057	694	878	778	708	475	586	611	715	778
Pseudoclavibacter	762	859	781	646	823	780	717	729	786	641	804	642	606	700	910	624	479	859	718	713	527	678	605	626	539	649
Entomomonas	672	827	774	547	653	619	845	678	736	618	825	664	655	758	853	681	733	738	743	746	548	599	619	617	622	706
Ndongobacter	678	925	771	573	726	803	727	822	821	670	824	647	614	701	869	493	499	710	720	695	600	607	632	586	568	754
Dorea	675	801	737	554	728	707	835	680	772	668	895	644	648	717	804	665	586	722	782	710	583	580	559	587	610	716
Trichothermofontia	774	812	666	565	739	678	720	809	800	655	884	611	607	751	877	665	563	743	733	685	532	547	616	580	575	769
Zymomonas	748	859	731	564	703	669	793	717	752	629	860	583	632	704	921	664	615	755	753	687	569	596	594	610	576	654
Candidatus_Nitrosacidococcus	780	734	724	510	675	609	759	777	768	609	978	641	608	738	769	645	617	731	772	706	534	530	569	607	563	709
Rippkaea	597	899	843	742	935	882	570	605	705	546	685	646	554	610	769	532	668	947	902	626	493	447	681	594	486	625
Companilactobacillus	690	704	735	639	704	695	796	706	701	619	845	620	593	710	757	657	637	680	705	675	598	525	652	621	582	732
Carboxydocella	683	836	681	547	737	670	769	709	820	595	832	648	621	745	793	573	599	755	736	673	564	523	590	585	552	694
Novibacillus	727	844	646	580	751	654	774	768	808	584	823	627	501	655	859	568	558	798	719	669	562	569	566	594	530	696
Parvimonas	611	723	676	672	722	736	888	605	695	570	736	688	507	646	709	706	637	720	757	720	587	618	645	609	525	701
Candidatus_Arcticimaribacter	667	703	808	520	604	549	877	697	719	582	809	757	646	746	813	623	653	741	731	718	577	493	578	529	517	714
Solibacillus	741	793	687	501	703	645	747	679	817	669	778	597	576	741	863	599	609	761	696	629	580	506	582	564	624	669
Micavibrio	670	822	680	591	713	669	736	791	765	636	809	612	610	702	792	547	591	725	772	612	535	552	591	600	546	659
Flintibacter	696	802	706	559	719	668	663	737	802	664	802	598	599	680	811	554	529	791	703	575	580	581	570	608	586	705
Ruminiclostridium	655	728	745	542	653	601	745	688	717	666	742	668	618	729	842	644	629	729	732	646	563	516	636	576	583	688
Leptogranulimonas	782	874	630	619	759	716	703	817	757	623	751	608	585	617	812	539	504	747	738	590	496	605	565	646	543	625
Candidatus_Pelagisphaera	707	841	666	548	727	751	672	702	757	653	786	588	629	670	775	614	598	758	649	623	550	581	620	648	516	607
Haematospirillum	723	795	676	596	768	705	684	741	784	582	848	614	562	698	790	520	542	737	711	638	540	567	584	593	543	671
Koinonema	687	803	673	610	759	708	662	738	795	645	795	627	547	729	763	515	542	721	746	624	525	564	639	612	540	643
Lentibacillus	711	757	674	554	682	668	697	720	774	641	814	638	583	717	728	599	531	707	745	663	519	561	618	638	573	684
Duncaniella	690	832	739	552	688	649	668	754	702	640	750	596	626	688	806	566	554	745	718	662	564	569	597	616	556	613
Ewingella	722	794	701	530	649	670	709	766	783	653	791	644	568	652	787	569	539	711	725	632	565	534	584	592	538	724
Wohlfahrtiimonas	743	677	665	454	658	582	790	703	771	697	807	682	598	667	800	627	612	748	740	677	497	518	543	572	599	659
Chthonomonas	663	850	681	558	773	698	654	787	784	655	814	620	552	622	825	572	484	736	669	627	550	576	556	573	547	650
Nitratiruptor	693	709	756	460	562	591	728	751	712	623	793	587	553	772	826	635	553	757	737	659	549	598	564	592	572	741
Vaginimicrobium	744	861	695	623	754	798	659	740	679	661	797	582	543	622	838	578	496	784	613	550	520	579	543	607	519	683
Spartinivicinus	718	683	715	493	656	640	816	704	756	603	833	624	608	645	752	559	593	680	707	711	547	564	552	592	552	690
Pseudalkalibacillus	696	752	753	594	860	833	604	728	695	628	667	623	557	606	864	524	536	809	746	525	541	502	639	560	513	604
Beggiatoa	680	748	757	522	615	631	730	754	735	602	839	613	585	733	753	605	603	637	648	693	559	522	575	564	546	679
Saccharobesus	713	705	672	504	653	559	726	750	747	655	805	605	579	724	729	624	611	695	699	698	556	534	497	600	519	697
Gardnerella	704	862	657	632	827	676	608	659	790	586	811	583	546	582	903	543	530	730	731	553	450	549	550	555	470	670
Butyrivibrio	663	780	698	507	637	591	717	703	722	572	763	656	579	671	811	572	634	708	716	641	521	507	577	568	521	679
Pseudothermotoga	742	743	667	556	680	665	747	714	673	576	769	582	552	666	744	555	557	728	654	648	521	596	577	510	537	676
Parascardovia	730	778	728	501	666	663	632	736	804	606	767	562	567	668	805	510	494	698	621	632	488	583	472	611	562	699
Candidatus_Velamenicoccus	669	789	695	522	631	608	732	711	761	586	825	561	542	637	833	532	515	724	682	598	555	525	573	604	525	647
Aquirhabdus	694	687	666	719	653	632	714	684	788	587	806	643	591	692	699	543	506	603	641	577	535	522	548	547	578	688
Methylomusa	669	775	665	552	715	712	653	681	752	568	739	625	538	646	801	561	554	687	693	613	540	527	522	574	531	642
Asaia	717	796	640	589	722	679	664	689	700	555	761	604	525	606	725	520	567	722	702	670	537	565	539	552	556	628
Devriesea	711	756	708	551	714	709	654	756	695	583	763	559	463	672	761	505	473	770	677	650	510	538	549	605	494	660
Piscirickettsia	681	704	709	541	712	583	728	595	710	613	777	593	577	671	773	558	608	634	692	624	515	541	537	535	511	678
Crocosphaera	551	1013	935	725	828	870	530	498	576	520	803	534	488	582	700	457	661	755	694	546	437	376	788	469	495	558
Muribaculum	665	776	717	555	589	577	687	634	730	534	770	611	540	657	771	560	571	731	686	624	533	562	553	543	544	596
Terasakiella	647	677	693	574	696	637	664	723	721	570	796	628	541	642	725	537	511	672	626	610	496	574	614	550	539	652
Scandinavium	661	708	702	491	658	635	682	718	809	614	764	570	561	606	757	498	496	719	669	646	525	484	537	533	526	682
Paenalcaligenes	655	765	654	487	677	638	730	644	760	603	823	575	530	636	727	580	547	638	664	624	545	533	507	564	533	589
Paradesulfovibrio_(ex_Waite_et_al._2020)	713	760	671	484	593	623	653	684	701	596	784	573	591	646	791	591	551	690	626	587	492	534	522	556	524	664
Shouchella	620	764	708	520	702	651	652	664	756	548	702	551	578	628	704	537	554	667	698	616	502	528	519	581	538	578
Persicobacter	609	715	716	525	550	508	664	576	710	575	843	597	537	673	729	545	602	683	730	622	523	478	518	571	541	629
Phnomibacter	608	732	685	540	669	632	685	633	662	560	769	617	551	626	705	562	598	658	604	560	515	545	529	525	532	663
Turneriella	690	742	669	493	666	671	619	665	704	568	755	598	496	624	771	544	536	655	685	601	483	566	537	523	531	543
Candidatus_Hamiltonella	619	685	701	503	589	625	677	676	690	563	782	571	569	600	752	589	498	668	622	630	533	547	555	486	543	646
Jeotgalibaca	607	697	737	462	569	558	678	653	716	568	719	588	585	599	708	575	609	685	725	651	506	480	535	523	553	604
Alkaliflexus	617	731	755	469	514	496	742	610	669	560	785	590	618	705	748	547	578	669	682	617	490	478	527	537	508	588
Methyloradius	703	688	683	530	595	567	770	631	718	554	876	523	587	678	719	582	532	581	623	629	447	464	515	507	475	609
Chloroherpeton	633	717	592	487	639	611	656	622	755	557	730	546	522	608	791	591	541	680	706	582	515	456	537	547	494	599
Erysipelothrix	591	745	687	499	532	596	706	631	591	602	753	549	536	640	647	579	567	698	683	631	464	519	558	585	562	541
Mageeibacillus	699	811	669	419	605	668	656	680	772	561	771	520	506	577	778	509	451	691	681	577	454	515	508	529	457	582
Anthocerotibacter	647	731	641	522	730	595	633	685	725	568	745	531	514	586	743	506	466	649	675	549	499	548	498	527	529	603
Dissulfurispira	613	721	643	435	563	532	672	684	711	562	767	564	579	655	773	543	516	656	633	620	527	474	577	494	482	624
Croceimicrobium	639	668	628	460	587	576	682	568	649	574	760	606	580	618	720	506	526	671	675	604	539	522	516	482	501	583
Loigolactobacillus	583	703	639	449	599	636	604	625	757	572	793	578	566	607	734	558	505	623	606	644	513	477	524	516	428	583
Desulfotomaculum	650	762	669	470	556	562	647	647	692	579	749	575	555	616	735	495	518	636	654	551	509	500	517	479	469	615
Candidatus_Nitrosoglobus	675	581	636	433	523	555	643	653	709	529	783	613	560	633	709	554	545	671	662	596	490	459	539	514	518	616
Sutcliffiella	612	661	657	531	581	539	654	624	621	563	669	573	579	657	677	564	552	634	674	624	532	504	478	492	522	598
Gemella	566	632	669	505	529	526	764	539	592	592	623	536	534	723	647	559	597	606	663	550	532	500	592	543	505	619
Alkalihalobacillus	604	702	630	440	563	554	651	579	696	494	689	546	568	608	745	576	524	649	637	614	512	506	559	505	483	603
Lentisphaera	597	666	648	565	633	591	671	655	643	525	742	522	511	591	645	530	512	608	584	582	470	514	527	493	527	650
Polycladomyces	660	741	626	514	632	652	595	616	644	541	713	536	495	563	758	531	466	652	627	576	452	486	506	537	475	601
Borreliella	544	645	659	441	557	545	676	555	564	565	640	542	534	648	715	579	630	611	711	561	527	476	583	561	508	595
Superficieibacter	580	749	639	503	618	596	659	672	647	553	678	536	514	595	701	514	455	578	694	550	428	505	483	531	524	551
Saprospira	653	683	668	457	580	556	653	579	647	487	734	539	524	625	745	516	571	652	601	622	490	443	480	541	459	548
Sediminispirochaeta	637	685	612	489	625	550	618	606	686	496	709	605	499	597	717	513	460	646	616	613	477	496	522	523	476	573
Poriferisphaera	607	747	675	537	636	618	617	588	676	530	679	486	470	564	698	523	505	633	642	521	460	493	493	541	492	556
Salinispira	618	665	592	480	593	547	617	631	668	557	714	532	499	577	777	493	485	637	629	531	502	522	479	532	512	574
Parashewanella	544	701	612	467	578	563	739	603	672	535	739	544	522	626	631	477	498	619	656	588	504	445	443	514	488	640
Veillonella	575	647	643	468	606	549	626	587	624	570	690	523	529	568	639	540	553	623	628	592	522	532	518	529	488	541
Phormidium	602	685	585	594	595	673	609	591	659	526	767	520	470	551	679	502	476	591	585	526	435	495	521	516	457	588
Tunicatimonas	604	743	634	475	592	558	695	560	628	539	731	525	489	596	680	534	477	589	601	545	477	498	476	514	486	545
Mangrovivirga	559	675	644	438	517	484	645	599	608	532	696	613	560	628	686	480	514	659	582	564	476	466	540	506	438	596
Morococcus	641	712	514	539	568	508	636	708	742	470	747	565	449	542	590	490	527	612	629	525	432	486	458	420	499	620
Murdochiella	593	798	528	504	593	603	632	576	667	529	692	550	454	450	667	520	393	555	641	605	503	524	483	403	503	576
Paralysiella	596	698	648	493	586	529	578	552	639	501	724	552	506	568	666	472	472	575	619	571	512	500	504	488	466	519
Metamycoplasma	494	633	584	456	489	503	620	495	604	512	626	488	550	646	661	502	620	590	621	612	465	483	590	486	562	584
Alkaliphilus	570	625	635	486	499	510	593	556	594	512	676	524	482	578	663	541	573	628	631	566	506	506	496	465	467	586
Lawsonella	641	680	651	526	631	587	566	626	624	497	628	516	484	520	656	492	413	618	650	520	457	463	452	496	472	529
Thiosulfatimonas	605	597	621	427	524	510	599	554	674	523	736	524	526	580	626	471	504	574	652	584	443	488	438	485	497	591
Pseudocitrobacter	574	659	639	462	640	546	606	585	664	544	736	475	471	548	703	486	423	593	590	547	460	456	448	504	449	527
Alkalibacter	539	642	575	440	539	590	584	609	624	494	608	481	493	622	712	464	479	638	636	586	463	438	522	460	456	575
Candidatus_Kinetoplastibacterium	590	617	575	522	476	502	756	508	609	496	707	524	529	631	540	580	528	553	606	576	415	395	469	482	478	578
Conchiformibius	611	639	504	425	613	523	604	603	608	476	759	523	515	541	698	456	467	601	595	542	452	420	455	462	464	678
Paludibacter	602	606	601	446	473	493	612	576	657	469	687	546	519	618	632	491	516	596	605	537	450	464	484	487	482	574
Nitratifractor	539	701	620	445	580	604	533	630	633	486	659	487	449	570	710	475	426	617	576	519	433	486	468	485	494	569
Agarilytica	597	641	573	452	522	545	627	570	663	481	713	530	497	576	644	489	474	533	584	560	429	479	484	533	434	513
Paraneptunicella	542	637	587	424	550	465	668	518	652	522	695	543	560	553	676	495	482	558	592	570	439	406	460	519	477	523
Wansuia	581	650	594	449	546	572	642	541	529	471	731	536	513	572	664	436	453	665	572	524	394	425	398	526	513	600
Dehalobacter	616	641	569	436	609	543	599	592	648	534	692	501	473	534	616	463	437	557	601	512	437	477	474	493	456	517
Caldalkalibacillus	510	671	561	443	541	515	552	598	614	519	638	486	473	523	746	450	463	603	561	554	462	495	489	513	469	547
Filimonas	548	718	593	430	532	495	614	577	601	494	651	517	511	547	669	553	533	569	597	488	436	433	434	481	461	505
Fluviicola	525	608	645	381	483	449	712	509	570	484	688	605	452	564	609	495	580	586	597	650	462	404	452	418	461	556
Chania	560	642	624	433	550	523	617	639	606	489	663	486	454	582	613	425	432	584	584	529	435	469	464	476	468	519
Pragia	513	567	590	397	504	530	580	570	634	498	712	435	478	565	670	487	497	563	555	568	449	491	466	444	442	592
Tenuifilum	525	559	626	384	456	420	626	580	606	511	712	505	495	597	648	525	484	571	595	543	442	464	473	449	441	541
Anabaenopsis	544	592	592	578	612	576	609	536	558	501	621	455	470	523	625	472	482	588	527	518	483	392	431	424	462	559
Atopobium	566	697	560	470	618	559	556	635	564	488	617	492	425	589	644	417	380	593	551	480	459	463	454	451	445	517
Odoribacter	569	617	622	428	470	431	567	563	575	445	681	465	482	604	637	456	503	586	551	572	441	425	468	474	450	554
Porifericola	521	628	544	448	545	501	626	537	577	461	661	497	500	493	659	476	505	585	508	551	397	433	443	467	470	520
Latilactobacillus	515	593	598	410	552	477	598	586	638	454	565	477	510	604	636	481	447	518	617	494	393	445	455	474	501	514
Zhaonella	555	630	556	470	528	514	549	558	622	509	633	502	453	559	652	468	434	543	548	484	439	394	472	453	454	561
Mahella	533	703	521	424	565	536	566	538	570	503	687	493	508	530	647	460	417	595	547	494	392	396	418	477	401	616
Candidatus_Contubernalis	510	572	583	396	476	489	620	557	619	498	653	506	473	477	637	509	460	568	584	522	436	445	431	468	476	562
Nitrosophilus	579	521	547	406	517	485	532	525	567	510	583	492	477	596	627	477	529	584	605	529	428	461	462	452	470	513
Vallitalea	521	587	592	418	498	487	527	512	531	495	608	507	490	545	630	488	493	599	574	543	474	441	490	442	491	488
Jonquetella	571	657	521	438	557	564	510	579	544	467	585	511	428	496	688	434	401	619	569	481	431	467	412	499	443	589
Bernardetia	481	519	568	405	412	431	782	546	610	459	674	573	643	532	531	507	535	494	519	558	428	413	413	416	501	504
Candidatus_Thioglobus	603	569	563	392	515	482	570	541	640	472	652	485	487	585	548	504	482	521	655	517	407	402	451	432	417	498
Mesomycoplasma	488	534	570	447	473	441	593	534	562	477	636	493	455	572	554	497	535	462	558	524	473	467	471	492	523	532
Nibribacter	536	636	532	415	576	471	571	587	604	493	660	463	473	527	603	463	402	548	586	495	436	417	454	472	437	490
Candidatus_Nanosynbacter	528	634	519	475	568	568	569	573	546	490	643	463	447	471	591	466	487	599	552	498	438	428	437	382	416	527
Thiosulfativibrio	547	519	614	344	524	476	547	568	596	471	707	500	475	555	660	485	480	536	581	557	404	388	384	449	405	520
Rivularia	434	674	605	453	697	986	548	449	533	591	649	358	370	441	530	431	423	639	535	436	368	393	462	401	392	490
Caproicibacter	541	546	622	444	553	520	528	607	575	466	616	485	470	526	665	431	426	515	531	518	401	452	419	443	414	563
Defluviitoga	506	543	549	347	449	475	578	609	570	537	680	513	538	479	601	389	456	638	579	487	449	383	464	410	446	572
Pleurocapsa	529	613	511	516	521	588	611	566	638	414	666	467	469	486	562	420	403	575	504	479	447	430	416	454	413	527
Psychrosphaera	590	622	593	366	465	481	593	533	541	480	667	503	483	563	573	446	422	513	591	522	418	406	414	450	397	517
Leadbetterella	468	652	604	443	462	477	617	481	519	465	622	439	494	531	621	435	447	554	527	497	438	402	467	425	471	495
Oecophyllibacter	538	652	540	444	529	513	507	556	589	433	618	455	430	498	610	409	397	565	526	530	404	471	433	454	399	515
Fructilactobacillus	491	614	511	370	511	530	560	551	568	503	615	469	424	506	590	487	460	534	559	487	386	440	489	453	432	473
Candidatus_Uabimicrobium	495	571	558	414	515	493	567	534	585	451	582	469	491	548	572	441	482	534	498	513	438	412	469	468	418	495
Jonesia	591	630	550	441	557	622	491	522	505	447	566	449	408	491	633	413	367	618	533	485	426	467	432	427	392	484
Thermanaerosceptrum	545	565	537	426	498	484	524	571	552	454	633	448	423	529	594	467	414	533	544	499	436	412	406	397	396	520
Candidatus_Desulfofervidus	528	595	476	413	524	448	522	508	562	476	564	432	490	563	649	453	419	519	513	475	399	428	432	449	449	510
Gracilibacillus	525	550	508	461	477	515	540	542	532	492	534	450	470	516	552	454	433	533	597	494	405	401	462	435	409	493
Marvinbryantia	511	601	550	387	566	497	517	549	556	453	651	446	446	488	548	479	413	587	562	454	361	417	441	411	388	488
Ephemeroptericola	520	609	525	388	484	468	523	550	607	486	646	429	465	497	589	422	419	517	527	490	405	408	436	412	415	463
Mongoliitalea	509	538	591	389	478	424	618	465	536	428	610	471	534	542	537	432	436	516	535	478	469	405	415	440	414	487
Turicibacter	500	544	492	366	517	455	536	467	539	462	581	428	458	541	577	478	543	532	508	479	428	389	453	412	484	525
Thermincola	551	578	562	388	535	450	556	491	533	455	618	498	431	493	614	421	446	522	510	483	431	391	428	401	407	488
Desulfofarcimen	541	541	494	378	475	481	525	534	555	491	584	422	445	518	641	429	430	534	565	460	413	405	421	404	420	541
Tepidibacter	516	584	556	421	478	507	517	496	536	436	574	474	449	523	605	477	431	570	557	443	420	359	452	420	398	433
Pontibacillus	514	477	538	393	484	456	480	516	543	445	542	464	417	525	567	463	476	525	520	465	400	390	466	428	462	549
Glaesserella	502	538	575	377	482	443	534	523	533	472	604	447	441	558	531	445	425	440	479	476	443	404	389	455	422	477
Candidatus_Puniceispirillum	507	595	535	414	547	507	521	484	532	402	584	443	412	452	581	389	419	509	512	451	358	404	370	423	401	477
Cytophaga	482	526	601	345	476	451	546	495	530	417	602	456	461	484	539	393	475	548	520	489	374	368	377	416	368	462
Thermoactinomyces	529	582	481	414	518	492	469	536	514	469	541	450	467	515	550	416	366	509	505	406	370	398	487	402	390	424
Anaplasma	498	615	503	407	543	462	475	500	544	411	582	442	427	499	563	397	380	518	517	477	377	390	411	375	395	452
Chondrocystis	462	575	478	516	527	510	542	468	506	434	586	399	382	498	511	426	432	480	471	447	369	372	420	391	403	475
Actinobaculum	511	553	472	413	534	535	442	502	517	433	599	446	395	471	576	394	386	548	505	468	395	380	378	350	360	497
Dehalobacterium	519	589	522	378	481	426	506	518	490	454	528	383	411	521	561	430	419	517	496	495	424	388	379	422	370	421
Thermodesulfobacterium	476	543	482	376	430	410	484	493	520	427	542	432	431	503	540	404	384	527	515	465	401	388	423	484	426	484
Varibaculum	477	561	474	402	562	538	477	543	501	408	585	422	428	494	556	404	329	503	521	487	325	401	382	382	334	488
Qiania	523	546	418	356	475	495	534	493	498	424	584	437	397	444	631	379	379	499	480	472	373	408	393	405	364	557
Candidatus_Ruthturnera	533	607	602	450	524	467	317	592	617	500	728	508	534	278	302	516	266	242	325	562	199	189	445	492	477	592
Pseudemcibacter	462	570	524	427	470	450	478	502	532	396	579	399	422	475	535	400	397	479	488	480	361	387	401	382	389	464
Pseudescherichia	459	530	472	366	482	415	483	506	585	417	576	416	386	438	548	431	376	528	512	451	377	425	388	432	380	450
Thermosediminibacter	469	567	457	417	512	426	439	541	459	474	549	425	381	458	616	382	359	530	484	409	361	411	418	386	388	473
Pontimonas	531	527	516	356	483	530	449	512	447	450	550	410	398	469	568	338	328	509	506	523	405	375	361	398	354	468
Paracrocinitomix	428	498	576	360	417	398	612	431	474	409	586	403	403	478	531	405	496	459	530	509	396	328	374	407	341	484
Effusibacillus	474	584	462	386	436	471	466	483	530	437	525	429	401	450	555	431	368	482	481	425	377	388	371	398	406	469
Thermoclostridium	486	511	464	364	472	454	422	470	531	402	559	417	385	470	546	341	357	563	505	413	390	381	426	440	353	512
Gloeomargarita	460	611	469	409	497	467	532	478	549	427	562	381	390	394	558	353	383	480	435	430	354	355	389	400	386	462
Alysiella	484	484	460	361	462	451	509	494	487	436	615	405	387	435	550	463	414	464	492	457	338	377	392	379	392	396
Suttonella	494	482	503	362	449	407	484	525	488	436	528	430	435	509	546	416	391	457	506	429	339	394	336	375	367	466
Liquorilactobacillus	445	511	506	362	469	426	490	421	459	427	560	421	449	452	517	418	399	415	479	441	426	390	434	377	413	437
Allobaculum	494	540	440	380	465	459	448	467	508	445	533	388	387	434	546	340	402	543	456	392	398	369	399	471	369	454
Thermosipho	477	503	462	376	418	418	461	451	476	413	523	396	407	489	552	434	411	486	507	402	359	367	430	417	414	449
Aliiglaciecola	425	502	525	350	440	385	546	479	529	399	526	414	437	445	508	408	404	463	489	452	368	328	419	375	350	433
Schleiferilactobacillus	470	520	469	377	466	485	447	497	521	409	516	403	400	414	514	397	361	537	445	409	399	409	390	385	306	441
Leadbettera	484	548	493	398	444	412	462	510	491	380	548	371	388	417	545	404	387	458	487	406	337	389	371	399	406	438
Evansella	455	538	444	375	398	435	495	489	512	436	493	414	376	457	534	392	375	498	439	426	361	394	409	371	412	439
Thermoflavifilum	468	524	466	386	490	407	522	453	498	413	547	436	378	435	506	384	369	520	477	408	376	347	364	387	358	429
Metallibacterium	509	511	474	360	486	443	487	510	506	439	526	348	370	448	491	385	333	512	477	433	339	381	349	399	355	448
Anaerotignum	473	512	536	332	471	442	442	533	474	409	518	432	374	465	524	419	348	502	466	418	347	387	392	315	317	423
Biomaibacter	443	512	459	350	428	457	469	516	520	408	530	436	370	376	525	416	344	515	443	409	372	375	411	389	342	435
Glaciecola	434	490	468	351	405	389	495	482	536	422	563	425	393	477	456	374	404	450	509	412	345	360	372	364	361	474
Liberibacter	449	539	479	374	441	406	518	403	468	351	553	430	439	471	472	377	377	515	446	437	305	327	413	410	371	437
Psychrobacillus	478	469	512	365	446	426	486	403	433	390	510	369	415	423	511	405	435	432	514	414	379	340	367	380	396	467
Parasaccharibacter	464	546	487	361	429	407	452	509	497	397	545	385	370	412	547	369	363	454	485	414	310	402	365	359	383	447
Lysinibacter	471	522	440	408	467	533	407	499	472	397	458	372	362	406	525	358	367	516	460	403	323	399	376	403	353	423
Monoglobus	493	494	378	464	498	483	551	412	487	380	535	466	375	449	521	402	331	392	447	446	306	318	338	315	391	441
Sediminibacterium	458	494	493	326	424	386	569	416	466	396	518	435	400	480	470	400	399	441	447	413	384	317	367	346	360	414
Thermanaeromonas	449	521	430	347	392	418	435	468	483	404	545	387	362	436	506	416	339	461	464	387	322	385	387	360	418	425
Rodentibacter	475	454	487	318	429	374	501	447	461	373	539	380	404	442	512	403	396	480	441	460	332	324	369	332	371	438
Ehrlichia	402	471	464	445	408	465	504	399	460	403	467	445	405	457	455	401	369	433	402	432	378	341	377	330	370	449
Longitalea	413	485	435	386	437	390	473	463	452	354	551	397	407	428	502	384	421	443	472	435	309	365	371	395	345	415
Rickettsiella	431	406	431	895	405	433	451	406	462	392	535	345	362	417	479	355	385	422	399	395	306	318	358	337	347	417
Sulfuricurvum	443	459	459	305	406	385	461	435	488	381	510	405	373	467	485	392	389	490	490	417	347	349	376	364	351	438
Granulicatella	398	528	504	277	418	472	413	464	423	386	505	374	381	480	558	397	367	537	454	394	334	349	347	352	337	406
Tetragenococcus	423	461	431	323	379	381	435	417	461	386	482	402	398	465	444	394	358	502	493	431	347	369	387	427	362	456
Lentilitoribacter	418	480	457	391	450	425	482	454	463	419	488	404	359	401	492	356	360	450	439	409	321	353	368	361	370	422
Acutalibacter	408	537	468	333	484	435	426	496	470	402	448	394	384	406	523	341	330	501	423	403	337	371	353	397	318	402
Dysgonomonas	408	434	484	303	390	359	476	431	446	386	495	423	421	474	492	416	429	445	432	423	343	336	369	383	359	433
Syntrophomonas	457	501	475	323	410	389	444	449	485	394	510	368	379	436	526	364	362	463	461	398	354	352	321	373	332	443
Thermocoleostomius	415	470	476	402	471	390	462	455	432	358	498	438	362	420	480	374	346	485	449	380	345	349	328	367	393	417
Fervidobacterium	372	504	489	341	353	419	507	398	413	324	457	391	357	470	543	394	403	462	473	412	317	330	376	422	329	419
Dichelobacter	479	492	446	364	394	350	498	492	498	364	516	424	330	439	474	311	334	441	465	412	313	330	332	382	314	477
Mesotoga	398	485	449	360	401	418	467	415	481	422	483	363	385	396	529	365	356	483	413	393	353	332	342	406	332	419
Marinilongibacter	445	436	465	335	401	402	485	400	442	356	494	384	373	404	537	413	377	499	448	393	330	352	338	372	341	408
Richelia	371	476	432	504	416	428	436	398	409	388	480	338	386	418	474	368	383	452	460	402	352	311	349	337	352	424
Sedimentibacter	378	461	452	328	371	387	465	390	431	395	477	381	397	456	482	372	411	447	400	444	364	344	381	372	337	420
Sellimonas	370	534	401	332	434	411	396	429	502	396	540	412	356	393	516	345	372	448	443	402	322	365	332	366	281	426
Owenweeksia	400	434	477	312	374	368	510	391	414	385	507	453	377	476	450	362	370	397	423	415	346	312	373	388	362	422
Parvicella	380	433	458	331	352	336	538	368	466	389	498	401	355	456	483	414	409	424	425	422	308	333	375	353	349	437
Syntrophothermus	445	488	395	340	406	426	422	438	455	403	524	362	365	397	499	348	325	447	416	392	320	343	366	363	329	373
Mesoplasma	361	397	443	378	473	348	437	368	409	332	469	389	374	444	412	401	400	392	419	441	412	336	342	357	367	453
Mogibacterium	419	499	452	304	443	338	439	472	457	402	445	438	336	404	460	349	327	450	439	348	307	363	346	338	324	428
Terrisporobacter	384	445	472	342	361	340	441	415	426	381	496	358	355	423	437	372	410	413	478	370	337	312	378	392	329	405
Candidatus_Bandiella	493	703	440	483	558	608	433	343	415	362	472	303	329	390	359	282	290	467	331	333	290	221	414	319	304	326
Tissierella	358	432	458	329	354	338	463	389	376	424	481	383	360	415	457	396	413	407	454	400	385	325	374	356	332	341
Ureibacillus	381	495	432	323	430	358	412	355	449	390	460	386	337	428	455	371	351	371	449	411	307	331	335	363	388	410
Candidatus_Fervidibacter	409	515	414	310	443	424	427	435	437	412	483	350	333	402	453	306	316	443	411	400	311	349	330	344	346	363
Koleobacter	425	479	430	333	384	375	385	430	473	388	467	318	366	444	486	345	338	457	407	398	327	302	363	353	292	381
Paramuribaculum	434	474	431	330	396	374	395	406	461	395	523	333	331	408	471	345	329	420	414	412	303	330	321	365	322	405
Basfia	419	447	431	289	412	330	462	482	488	338	450	375	354	402	491	334	341	448	411	343	316	337	355	306	337	422
Secundilactobacillus	434	441	374	329	410	440	410	457	407	359	495	409	313	351	475	342	376	394	426	351	279	360	325	342	352	414
Renibacterium	418	500	458	337	439	473	367	454	422	355	474	352	319	355	500	317	297	438	378	398	318	310	334	319	319	397
Fibrobacter	373	477	451	333	404	425	397	444	434	399	427	341	328	377	467	375	309	437	387	361	286	355	338	342	335	384
Ignatzschineria	451	410	443	279	352	353	448	372	481	348	553	362	313	430	456	342	323	417	422	366	334	282	351	354	338	392
Gracilinema	401	427	412	285	425	375	435	425	441	364	470	365	360	378	507	328	312	437	385	381	292	320	348	361	338	386
Amedibacterium	432	441	491	240	357	394	475	321	383	376	407	370	319	424	412	367	399	378	388	338	377	327	336	334	372	446
Finegoldia	375	458	445	309	377	317	366	396	435	354	467	424	355	405	407	352	384	375	449	403	297	314	338	287	433	381
Parachlamydia	329	551	452	381	506	561	348	381	410	368	392	323	336	360	426	354	290	454	380	352	307	337	344	290	287	384
Carboxydothermus	400	480	389	306	418	419	403	384	447	361	450	341	344	375	501	340	296	429	414	376	319	326	319	333	306	411
Thermodesulfovibrio	402	431	389	291	391	357	431	428	443	347	451	345	371	359	472	360	327	489	416	358	334	285	353	317	339	378
Turicimonas	389	452	387	323	397	393	441	418	441	359	503	337	327	358	458	360	334	419	397	342	297	294	304	316	365	441
Cylindrospermum	331	498	433	314	442	432	371	409	409	368	402	337	311	404	474	295	375	479	434	305	290	293	369	348	322	352
Pseudoclostridium	384	469	406	314	378	361	407	408	440	409	478	315	351	349	458	340	312	398	432	383	340	325	303	325	352	347
Thermodesulfatator	421	467	388	310	385	349	383	400	433	350	437	345	340	443	468	360	305	422	418	358	310	322	321	308	346	379
Geovibrio	373	448	399	301	410	391	350	413	422	353	462	379	316	391	423	356	359	423	404	348	312	313	341	332	352	387
Thaumasiovibrio	416	411	413	297	375	375	414	412	426	311	449	366	338	377	440	321	366	398	372	454	324	322	331	325	313	406
Geosporobacter	396	426	423	269	358	329	434	389	455	367	480	360	310	376	465	350	398	380	436	352	309	278	337	323	320	397
Paucilactobacillus	404	465	411	346	379	377	418	382	400	351	504	369	354	366	433	355	320	384	333	384	312	264	363	305	339	333
Allocoleopsis	411	424	436	400	392	389	360	334	435	345	443	375	312	353	424	317	328	394	404	353	309	316	328	359	305	399
Pseudidiomarina	417	427	445	303	351	348	437	401	421	353	442	370	361	354	444	311	330	392	379	382	292	297	316	325	303	402
Formicincola	374	448	430	353	432	381	378	404	417	312	457	331	313	353	483	288	263	398	390	377	317	314	331	366	285	379
Cylindrospermopsis	350	466	402	341	471	396	405	353	439	322	431	343	344	356	412	341	326	395	419	334	307	284	367	308	284	372
Gloeocapsa	359	466	382	376	364	375	419	362	399	324	432	316	372	389	423	307	347	386	372	354	310	316	320	351	314	360
Filifactor	384	441	315	278	359	297	449	359	387	419	515	343	395	422	418	313	364	335	424	344	283	320	300	316	345	368
Halanaerobium	357	386	393	311	307	338	378	360	396	354	393	360	340	421	441	384	364	417	372	349	307	298	366	323	319	386
Crinalium	392	393	421	418	419	384	420	349	402	338	433	322	323	362	407	307	340	354	341	366	298	286	318	337	313	363
Halobacteriovorax	346	403	401	342	356	355	396	384	379	350	423	371	359	368	427	350	358	381	346	365	321	316	294	334	311	365
Halotia	387	453	370	335	393	411	379	325	416	347	381	334	302	358	493	308	334	387	407	331	314	275	318	321	292	343
Waddlia	352	516	444	386	505	482	296	358	361	316	431	311	310	325	408	329	303	416	377	277	292	309	274	302	265	322
Thermotomaculum	381	401	375	243	341	308	427	394	418	305	454	357	311	394	451	318	322	353	408	330	307	305	305	323	336	375
Sporolactobacillus	409	464	359	265	386	323	417	365	411	334	435	340	354	386	389	267	311	423	371	331	281	284	304	293	312	339
Trichocoleus	404	423	402	331	371	347	365	319	386	340	432	341	287	368	415	340	279	383	362	357	285	297	340	309	266	361
Thermovirga	361	448	408	193	353	376	315	432	453	323	459	299	285	391	441	279	275	418	399	374	259	291	301	331	305	338
Caminibacter	340	362	398	284	317	288	412	343	409	356	432	346	291	370	430	350	325	383	382	388	310	269	339	295	300	366
Weeksella	357	362	398	292	359	339	397	364	325	294	404	354	278	374	482	312	335	342	382	401	297	296	343	304	274	394
Anoxybacter	336	424	362	300	338	373	364	353	403	342	392	329	352	385	419	324	293	377	394	294	278	293	331	345	304	342
Fluoribacter	376	463	363	293	359	316	414	378	418	331	413	318	301	383	384	286	310	379	384	308	288	314	324	274	283	365
Petrocella	335	421	386	314	345	338	390	337	386	345	391	332	305	378	379	309	316	400	441	311	310	295	333	279	288	349
Brasilonema	374	389	391	362	398	397	362	320	363	335	387	341	316	337	390	303	274	406	376	342	304	283	345	282	267	358
Thermodesulfobium	356	416	384	293	370	350	385	371	389	317	418	314	304	318	442	329	315	369	360	332	302	326	332	299	270	333
Lachnoanaerobaculum	383	398	362	246	329	284	437	364	398	370	410	336	263	428	448	306	334	380	397	377	308	252	282	274	290	333
Succinivibrio	409	381	381	278	329	317	372	335	356	349	507	337	312	331	390	309	307	370	384	342	313	305	330	299	326	313
Claveliimonas	367	409	326	255	365	335	417	431	438	341	488	336	301	357	398	298	299	368	375	334	260	305	285	277	303	314
Bermanella	352	414	353	294	358	322	448	364	370	273	435	309	310	371	352	312	329	397	435	339	293	300	322	290	256	347
Jinshanibacter	363	430	401	299	342	324	398	388	376	298	437	343	321	344	402	281	305	336	394	355	246	297	291	290	324	357
Calditerrivibrio	368	385	392	275	331	350	339	362	396	311	421	336	297	381	422	321	304	361	367	358	302	280	309	294	299	342
Dolosigranulum	318	393	384	340	346	333	382	278	373	329	400	325	293	363	362	285	319	380	450	340	302	310	289	322	322	303
Stomatobaculum	400	431	367	300	359	360	351	392	363	335	387	313	262	368	414	300	273	394	364	346	261	298	282	297	283	328
Laceyella	372	409	375	281	360	344	389	343	378	288	450	329	295	339	406	293	264	362	376	345	288	294	316	304	283	333
Paeniclostridium	331	386	334	309	320	354	366	327	373	320	415	290	299	345	404	325	358	341	376	345	322	281	337	296	298	309
Lancefieldella	372	389	354	290	340	352	377	374	374	332	401	283	297	373	371	282	257	405	345	338	286	305	295	326	276	343
Thermocaproicibacter	379	439	382	276	389	359	307	374	397	310	411	295	305	341	437	254	244	401	354	334	251	245	299	281	309	350
Aminobacterium	404	389	326	278	318	310	389	368	376	296	422	325	316	341	371	285	312	359	363	338	306	283	295	285	285	362
Kurthia	341	385	327	267	271	331	334	376	360	317	473	343	277	332	399	331	312	377	391	299	296	288	331	260	291	339
Atribacter	333	387	352	276	382	341	360	339	347	325	383	330	296	332	396	285	293	416	334	343	260	303	292	259	278	334
Faecalibaculum	339	427	341	281	367	366	325	313	377	291	387	318	281	357	408	270	264	380	379	319	265	289	250	337	287	349
Radiobacillus	373	392	342	257	325	327	376	325	375	339	395	317	280	355	408	304	308	383	387	311	258	275	301	266	265	300
Kosmotoga	354	385	337	272	314	329	329	372	359	305	387	303	302	322	413	287	296	373	362	314	272	284	281	287	293	358
Paraclostridium	284	341	351	277	294	299	367	311	385	339	332	309	316	361	371	322	331	380	357	340	289	256	326	282	308	328
Petroclostridium	325	377	399	273	306	314	363	301	348	294	365	291	283	372	403	306	328	370	354	348	267	273	307	288	255	317
Apilactobacillus	345	381	343	313	327	362	367	307	331	307	367	295	293	348	383	287	308	317	320	313	278	286	288	301	283	349
Candidatus_Nanopelagicus	339	418	366	323	368	347	380	317	323	265	403	292	266	326	386	318	280	353	335	281	292	238	293	245	274	301
Agathobacter	355	374	361	247	294	271	378	342	362	296	377	313	308	380	377	312	249	351	367	289	287	262	298	255	275	312
Dactylococcopsis	316	392	337	352	317	346	391	326	345	282	355	286	316	281	425	263	257	334	345	306	251	262	319	282	274	302
Jeotgalicoccus	365	390	364	264	316	276	353	315	309	303	380	287	291	310	395	281	277	396	339	304	281	260	300	268	264	329
Wielerella	324	352	335	289	350	257	350	297	368	303	450	306	262	333	390	296	265	330	370	308	284	234	288	268	280	304
Paenisporosarcina	300	332	360	254	310	304	346	351	345	309	395	308	287	323	346	292	265	370	348	328	287	265	255	287	267	336
Caldanaerobacter	316	374	339	267	277	323	325	343	397	296	382	288	276	334	434	267	288	349	338	279	260	251	251	255	261	330
Faecalibacter	295	319	330	246	286	226	443	326	315	299	367	311	296	342	394	285	325	340	361	365	265	248	264	254	241	347
Candidatus_Karelsulcia	318	373	347	296	315	297	344	300	319	270	371	284	312	325	358	285	303	335	337	314	242	241	270	266	303	289
Denitrovibrio	326	362	351	240	306	279	359	340	365	292	350	260	255	317	373	304	273	338	358	304	259	252	259	278	277	318
Marinitoga	314	358	378	240	270	242	350	297	331	277	340	271	326	347	384	317	299	339	339	321	275	262	286	268	259	281
Natranaerofaba	283	350	328	280	334	346	311	330	350	328	381	254	274	327	441	249	256	355	287	267	261	230	276	306	248	308
Syntrophobotulus	301	372	315	273	327	287	332	347	328	276	411	278	264	330	364	277	304	309	298	341	213	228	294	283	268	308
Parasynechococcus	337	360	335	299	346	333	321	356	367	240	312	280	249	275	385	240	237	347	313	309	283	253	261	295	272	301
Endomicrobium	333	354	330	273	296	284	320	295	354	300	402	280	272	293	360	265	275	381	318	320	262	246	264	261	258	305
Oceanispirochaeta	304	348	320	237	317	262	378	287	338	322	367	322	271	318	344	259	276	315	320	309	285	260	282	280	255	318
Celerinatantimonas	314	378	303	257	301	291	359	313	316	267	386	252	298	342	350	253	269	298	352	327	266	242	292	263	259	314
Aeribacillus	341	330	378	242	259	322	306	327	346	266	352	281	270	310	373	281	281	347	290	266	248	215	284	257	276	295
Obesumbacterium	337	354	313	255	293	299	290	308	357	295	332	304	241	309	378	230	277	392	318	311	242	247	244	245	249	321
Candidatus_Cardinium	305	410	332	246	263	264	383	268	294	276	368	305	244	343	372	261	268	322	352	307	264	223	273	289	240	240
Peptoclostridium	272	379	306	232	314	275	342	355	386	310	357	278	249	311	321	311	243	349	328	267	223	285	251	245	250	270
Halothece	298	395	300	313	341	299	316	291	369	257	357	295	269	319	331	272	249	345	316	264	213	225	250	254	248	282
Thermocrinis	294	345	307	243	305	291	346	303	320	281	402	304	296	299	355	253	235	320	322	251	242	247	270	256	242	298
Fervidibacillus	312	353	345	233	269	286	339	286	323	284	393	270	260	291	331	255	259	338	289	287	251	253	279	256	250	311
Thermovibrio	302	388	308	277	297	303	297	306	338	262	318	271	253	299	334	266	220	360	295	282	252	265	245	277	236	267
Cruoricaptor	322	329	330	234	306	261	319	295	348	251	353	267	307	281	375	242	290	311	302	301	213	241	240	255	215	315
Prodigiosinella	325	359	284	269	299	293	343	317	316	237	340	228	266	311	332	263	263	312	323	267	227	243	237	254	250	335
Litorilituus	273	293	311	262	228	245	398	290	342	276	374	270	276	287	342	260	284	283	312	328	242	255	241	261	230	289
Candidatus_Paracaedibacter	315	356	294	241	295	286	323	292	303	309	402	263	262	301	328	234	242	315	297	260	233	220	259	259	225	307
Oenococcus	294	355	321	255	310	296	264	291	309	258	311	264	256	296	368	237	286	311	326	284	242	226	285	236	243	284
Halothermothrix	274	341	338	225	266	276	290	312	327	252	361	278	291	286	360	255	251	337	327	283	223	245	269	235	246	252
Candidatus_Pseudothioglobus	306	331	317	229	312	314	323	276	299	295	347	253	239	307	348	282	258	280	301	307	215	233	258	248	237	276
Oceanirhabdus	289	313	332	222	242	230	271	283	326	269	309	271	285	313	316	281	304	333	315	293	260	249	280	251	234	284
Nautilia	314	290	291	200	260	246	310	285	335	248	343	255	278	296	350	254	299	340	300	301	229	234	267	230	268	327
Flexistipes	276	325	297	241	267	288	359	328	318	238	361	261	252	267	346	258	278	307	341	256	216	265	248	260	209	285
Limnobaculum	298	330	304	206	284	278	322	287	340	264	383	251	273	322	336	213	257	305	278	303	200	238	249	243	245	312
Novisyntrophococcus	304	306	295	234	323	281	303	323	344	261	390	256	234	284	359	246	231	352	291	239	258	224	254	235	244	236
Siminovitchia	287	344	262	244	306	263	302	327	353	236	398	251	246	287	354	240	251	308	291	254	223	230	246	260	256	287
Anaerobutyricum	283	320	314	254	280	269	286	249	334	267	350	262	246	288	316	239	294	312	312	282	252	273	224	248	284	247
Caloranaerobacter	278	319	310	218	275	266	276	293	335	258	331	251	215	313	322	258	266	310	307	309	249	233	236	253	264	281
Candidatus_Cloacimonas	284	303	319	198	251	229	337	290	308	248	351	252	280	315	348	268	260	309	319	292	205	232	250	238	242	274
Caldibacillus	307	304	351	218	240	279	289	293	311	269	342	216	295	259	324	282	226	303	292	295	207	216	265	239	236	312
Histophilus	274	277	295	242	232	280	334	251	314	237	409	253	228	362	360	213	263	288	339	281	203	264	236	246	227	261
Megamonas	271	320	303	213	250	254	310	275	307	255	337	259	247	265	366	261	250	281	333	284	241	258	282	249	213	280
Abiotrophia	328	419	306	220	324	375	252	295	328	261	324	198	241	258	340	181	240	378	338	273	197	166	217	232	193	235
Cognaticolwellia	274	301	311	202	268	238	376	307	306	228	363	252	294	263	305	278	248	273	297	305	256	216	250	204	220	274
Candidatus_Atelocyanobacterium	240	318	321	291	304	264	341	220	244	257	349	250	245	276	342	228	259	263	316	274	220	223	254	239	227	303
Brucepastera	284	301	282	230	288	247	271	299	337	267	341	242	274	248	339	228	223	296	290	264	212	262	267	236	258	282
Taylorella	257	355	234	224	291	200	348	324	335	260	268	279	251	371	271	222	229	268	293	300	210	265	252	222	213	302
Salimicrobium	298	325	277	238	277	273	283	297	269	222	341	290	249	291	361	231	226	304	283	265	207	229	254	233	219	297
Fenollaria	260	295	341	193	299	259	288	255	260	247	281	282	273	286	332	282	250	318	272	277	283	228	187	232	213	346
Terribacillus	242	329	303	246	238	292	320	270	286	282	343	240	218	268	337	242	229	331	322	261	215	250	255	247	211	250
Salinicoccus	294	322	274	227	296	300	287	283	356	228	307	235	270	247	339	255	225	279	317	241	233	238	219	259	237	257
Caminicella	286	299	319	189	225	274	356	261	277	253	343	235	227	298	330	284	231	326	324	258	225	224	261	211	238	271
Cellulosilyticum	250	290	267	248	250	258	339	264	270	269	294	240	217	338	294	262	262	263	323	269	232	219	247	257	265	300
Sulfurihydrogenibium	278	303	312	227	246	227	304	270	292	247	350	248	231	322	356	244	245	305	299	240	257	202	226	224	263	258
Bergeyella	257	352	290	253	301	279	312	293	288	231	326	269	240	256	344	282	223	276	286	248	220	216	225	225	218	260
Faecalibacillus	245	268	260	165	249	224	261	247	296	247	301	265	256	301	334	327	321	317	278	288	257	231	211	213	267	322
Cysteiniphilum	249	296	335	223	250	259	307	245	318	255	295	274	229	311	307	237	246	285	293	253	229	211	232	258	253	252
Candidatus_Vesicomyosocius	231	235	238	149	186	239	577	215	227	228	311	221	216	243	250	200	462	232	563	217	199	426	204	217	184	216
Parasphaerochaeta	273	330	306	218	281	283	295	280	307	226	319	245	259	267	329	239	206	313	269	276	183	227	207	242	209	244
Candidatus_Baumannia	282	302	314	242	277	259	303	250	269	211	306	273	240	277	288	254	263	273	276	268	232	218	246	216	237	253
Neochlamydia	273	411	315	250	326	378	251	276	267	234	262	238	197	251	293	221	209	265	259	262	200	232	249	227	199	276
Candidatus_Fukatsuia	274	304	304	225	282	268	289	261	272	237	362	255	244	274	324	203	215	261	303	233	223	217	241	219	215	296
Candidatus_Profftia	241	269	329	270	244	266	306	246	258	258	310	249	213	274	277	243	244	268	265	284	248	183	226	241	244	306
Candidatus_Midichloria	281	359	304	244	246	241	280	225	275	264	308	216	245	289	346	231	256	259	261	239	187	222	227	227	220	264
Wujia	248	341	248	190	324	227	299	296	284	230	294	244	205	257	375	203	202	330	271	253	206	241	186	242	201	251
Candidatus_Rhabdochlamydia	291	323	305	272	318	330	253	252	279	228	275	233	214	256	265	239	244	262	271	211	220	199	222	210	207	263
Pseudoprevotella	269	337	267	249	225	243	267	266	303	208	336	233	236	305	272	224	226	246	262	256	211	212	255	216	214	259
Candidatus_Phytoplasma	258	284	280	236	238	257	291	253	278	222	320	230	211	256	301	226	223	268	267	258	214	241	252	226	224	238
Longicatena	278	368	248	190	261	270	320	228	313	272	303	217	193	247	300	227	258	265	253	257	216	190	230	193	237	212
Hirschia	255	290	253	227	298	277	281	259	296	246	284	225	208	276	308	207	220	277	285	246	225	209	204	221	225	232
Pullulanibacillus	262	283	270	179	218	269	267	278	274	238	311	211	242	239	307	206	216	307	312	243	202	218	209	236	232	273
Alkalicella	248	293	291	194	274	221	265	286	307	232	292	230	258	262	279	231	217	297	285	217	214	217	236	222	174	255
Flocculibacter	297	254	285	202	236	206	293	289	270	226	314	256	234	268	326	238	240	226	258	266	221	215	232	201	183	256
Candidatus_Endolissoclinum	271	278	267	188	224	237	268	281	292	240	289	226	206	266	341	200	225	246	305	217	206	183	224	242	200	238
Candidatus_Fonsibacter	157	328	289	135	154	155	347	258	314	240	306	278	229	293	317	253	145	309	285	236	210	186	239	208	173	284
Segatella	248	312	253	201	237	239	277	248	247	259	263	231	209	269	294	230	186	280	293	256	229	205	208	210	215	223
Jeotgalibacillus	274	266	303	191	246	253	259	259	258	244	271	229	182	243	284	197	212	296	284	264	196	192	259	205	201	242
Silvanigrella	251	257	244	210	246	231	274	230	278	232	275	254	229	279	275	273	212	255	269	238	199	206	202	204	188	259
Tepidanaerobacter	254	257	254	172	258	206	285	255	279	230	285	246	262	268	256	210	241	277	262	254	205	201	191	199	202	226
Ectobacillus	248	279	267	174	246	235	281	242	297	229	288	192	191	233	244	225	258	251	265	231	212	207	210	217	234	239
Anaerobacillus	224	252	280	174	225	208	254	280	269	238	274	242	198	253	277	187	237	242	283	266	205	180	222	209	210	250
Allofrancisella	228	339	254	220	208	249	276	221	270	213	303	203	236	241	297	201	231	221	279	203	207	207	155	214	218	242
Temperatibacter	261	281	270	190	249	226	267	256	251	214	320	190	214	242	260	225	204	266	247	207	191	199	222	218	173	253
Mycoplasmoides	269	240	202	253	240	282	379	228	254	163	254	227	194	212	203	218	171	194	240	242	320	148	207	287	201	231
Acetomicrobium	261	273	261	178	216	222	249	242	280	217	268	206	198	253	291	219	200	255	264	231	188	232	203	210	195	235
Candidatus_Portiera	223	236	255	308	254	274	273	187	267	202	294	239	214	211	271	218	231	190	221	227	205	154	205	189	213	264
Hydrogenobacter	264	271	259	170	228	241	250	251	258	204	286	230	197	232	309	189	181	243	261	240	215	193	205	228	174	218
Acidilutibacter	230	312	252	151	211	196	276	232	236	191	263	216	238	230	299	225	207	234	283	224	183	178	173	186	204	255
Boudabousia	218	303	272	191	251	272	226	254	273	218	286	196	183	222	292	177	186	266	202	181	172	202	207	211	176	237
Deferribacter	228	271	254	184	224	193	269	225	222	233	301	214	206	274	254	233	212	264	223	220	190	161	193	217	176	223
Halalkalibacterium_(ex_Joshi_et_al._2022)	208	306	254	190	219	293	216	224	274	226	275	197	214	241	289	181	193	241	254	221	171	167	193	183	177	234
Sphaerisporangium	252	287	253	205	256	228	231	242	271	213	283	217	190	219	289	193	144	265	232	204	157	159	187	202	176	222
Dictyoglomus	210	233	264	176	207	207	252	202	268	177	285	224	226	271	259	231	218	240	247	204	180	163	185	216	206	204
Thermosulfidibacter	241	260	230	162	219	218	205	215	285	215	283	215	198	240	299	193	189	244	266	207	184	189	170	201	206	215
Herbinix	201	266	274	206	196	243	225	263	237	181	271	203	190	225	271	238	195	264	280	168	161	178	191	180	177	250
Iocasia	248	273	226	163	227	226	254	210	247	205	263	203	209	214	256	197	184	255	247	194	191	151	224	188	213	233
Heliorestis	231	271	259	221	209	191	256	233	253	195	251	216	183	233	249	205	185	218	224	230	183	183	185	203	190	192
Natranaerobius	217	247	225	196	205	233	260	189	225	197	259	212	201	209	258	197	181	239	241	200	196	194	207	200	194	216
Neokomagataea	254	264	222	206	198	226	238	240	264	193	284	217	204	218	264	197	165	220	183	184	189	176	204	196	173	202
Wolinella	218	273	222	176	224	214	236	245	263	187	259	206	174	227	279	198	187	260	225	205	157	166	204	191	165	210
Halobacteroides	219	261	242	170	206	171	256	220	214	189	266	219	190	243	278	208	226	224	229	187	192	201	206	178	146	199
Anaeropeptidivorans	234	212	177	161	240	218	244	246	243	227	240	198	202	224	245	204	206	236	245	200	172	183	193	182	171	212
Bombilactobacillus	240	242	225	197	177	206	249	234	251	195	254	205	185	197	252	202	174	231	219	208	184	152	190	200	190	213
Simkania	229	262	236	190	243	248	230	216	222	181	218	179	176	211	224	193	160	246	191	217	176	181	197	184	175	220
Catenibacterium	180	231	294	168	156	159	224	201	239	186	277	159	209	292	236	202	240	197	241	203	196	169	144	164	201	182
Desemzia	194	307	239	158	210	168	198	199	251	209	221	191	207	204	285	159	178	281	202	228	136	183	190	147	187	193
Petrotoga	213	246	215	159	187	208	236	178	271	190	259	184	161	196	277	170	184	232	240	219	197	146	187	175	160	213
Anaeromicropila	194	247	191	158	172	162	230	208	237	201	226	193	208	207	244	250	188	240	227	205	216	183	177	150	179	203
Gudongella	205	227	201	168	194	203	265	189	231	187	229	184	193	226	268	177	167	218	219	214	202	184	186	183	165	200
Entomospira	235	240	195	161	211	195	225	216	229	187	232	174	176	208	242	169	224	219	223	200	168	164	189	196	160	234
Suicoccus	231	265	194	185	209	252	219	227	265	210	217	165	178	184	274	153	169	202	226	176	197	150	172	200	141	203
Entomobacter	220	266	219	182	199	217	246	230	210	186	238	207	180	206	238	182	149	233	221	222	169	162	163	146	162	208
Sediminibacillus	214	246	239	170	206	202	228	207	239	160	241	182	174	224	261	167	196	225	221	193	180	180	174	180	187	158
Gottschalkia	208	273	241	185	183	210	219	233	220	191	259	179	196	213	225	200	206	232	228	178	140	149	187	182	134	183
Euhalothece	192	273	231	207	205	204	194	177	222	173	211	191	177	227	260	167	181	223	232	195	145	177	209	191	184	206
Orientia	197	263	203	265	240	246	217	188	202	178	242	193	160	209	212	171	177	176	214	177	174	197	161	157	194	218
Pectinatus	221	201	235	166	190	171	250	212	236	166	238	186	177	233	246	177	203	208	234	189	184	170	172	183	171	209
Acetohalobium	210	239	191	158	225	200	184	229	235	196	240	185	198	209	259	160	169	202	206	192	189	184	200	175	175	190
Alkalihalophilus	211	232	230	177	180	220	234	197	205	174	254	185	178	208	223	198	183	224	219	195	178	161	172	181	176	191
Thiospirochaeta	177	179	220	156	161	162	206	163	191	189	206	205	173	229	255	201	250	247	327	203	164	165	177	201	165	206
Halocella	173	259	226	145	212	199	199	197	244	183	238	161	161	218	243	205	204	232	224	184	171	180	158	179	162	216
Mergibacter	178	191	201	227	206	213	228	213	211	198	241	170	176	191	210	186	178	188	199	214	168	154	173	171	181	242
Mucispirillum	169	239	220	156	204	185	204	192	218	211	243	160	175	204	243	176	210	238	205	201	172	143	154	163	169	226
Bacteriovorax	206	228	213	165	208	205	212	195	197	157	237	170	188	214	213	171	185	232	206	191	191	165	175	162	177	199
Sebaldella	199	215	202	203	186	204	237	187	221	171	210	203	178	186	210	193	198	208	181	192	195	159	180	176	158	208
Haliovirga	226	203	205	146	161	168	244	194	223	184	216	185	181	208	244	179	194	208	199	185	165	161	172	173	185	214
Aquella	192	224	192	149	177	196	210	192	185	156	281	199	166	229	241	171	188	228	190	204	147	166	162	178	148	181
Paenalkalicoccus	184	245	197	156	251	230	177	211	209	178	237	166	173	218	224	168	159	208	198	184	161	145	171	156	156	183
Oceanotoga	195	189	183	175	200	191	241	204	187	168	215	166	193	224	222	191	182	191	208	164	185	164	135	159	197	174
Keratinibaculum	202	211	219	157	178	165	213	183	181	179	237	183	178	169	234	180	168	194	226	208	169	175	159	161	164	201
Commensalibacter	200	224	196	157	186	166	207	187	221	167	246	150	163	216	207	172	165	219	213	199	176	169	159	153	168	187
Viridibacillus	207	206	230	161	177	173	219	177	209	192	239	187	172	184	208	182	166	186	194	206	160	152	156	128	182	181
Candidatus_Babela	188	269	208	151	201	211	185	207	187	167	216	179	131	167	210	164	160	239	172	219	153	170	151	153	143	210
Simonsiella	191	215	198	150	210	172	219	190	193	150	246	193	177	220	206	169	170	206	189	197	181	161	138	163	143	160
Neorickettsia	185	211	184	173	202	164	206	176	196	151	213	170	176	181	241	154	160	208	193	186	140	164	168	178	150	195
Pajaroellobacter	193	256	203	160	198	210	210	172	184	189	224	164	164	161	190	159	145	164	215	151	166	148	186	164	140	205
Zophobihabitans	198	220	229	146	146	149	222	190	155	158	231	198	149	183	221	178	172	185	200	200	145	135	160	161	164	219
Pelistega	188	178	195	142	168	172	212	171	206	167	221	202	171	212	197	182	154	174	210	182	153	156	135	163	170	215
Candidatus_Arthromitus	196	214	211	168	128	153	179	185	188	181	199	191	176	191	208	187	191	179	181	163	170	142	160	166	153	177
Halalkalibacter	169	230	205	150	194	161	213	166	208	177	203	145	156	184	211	143	162	191	188	195	154	173	169	147	133	205
Sarcina	148	206	184	117	140	172	181	176	210	160	192	171	163	188	234	188	193	193	199	200	135	168	186	169	174	181
Gottfriedia	178	197	223	121	168	170	180	203	212	183	200	157	148	202	221	131	173	201	232	180	160	152	165	161	151	155
Cryptobacterium	187	218	206	161	169	191	205	171	211	152	238	161	155	206	220	123	180	180	167	166	147	151	154	154	134	182
Peptacetobacter	178	218	197	131	161	134	211	175	160	170	188	176	146	217	205	166	178	197	182	187	165	121	189	167	174	187
Candidatus_Nucleicultrix	199	197	188	168	186	205	197	211	192	160	220	171	133	180	196	175	147	186	177	149	137	168	149	172	134	173
Schnuerera	190	174	189	133	166	170	198	197	206	167	195	167	142	210	200	154	159	196	206	180	152	130	172	169	151	186
Phoenicibacter	234	212	166	145	192	173	213	192	207	134	186	175	139	169	231	171	137	188	168	176	120	147	163	157	139	157
Pradoshia	189	168	224	127	179	159	185	197	196	227	193	161	161	139	181	179	172	165	179	146	145	136	153	159	150	197
Fluviispira	153	188	192	157	155	141	198	134	169	175	231	145	170	200	184	198	169	190	193	186	140	139	160	159	180	159
Enterovibrio	162	189	184	143	179	136	167	189	192	154	222	146	165	193	199	182	181	169	173	200	124	151	164	135	141	194
Candidatus_Xiphinematobacter	187	216	190	139	207	188	184	178	188	134	220	174	142	185	197	143	131	176	186	182	150	124	138	165	119	181
Candidatus_Mycosynbacter	193	204	208	134	207	197	190	197	161	138	218	172	128	132	234	138	137	197	184	148	109	152	144	147	142	165
Scardovia	153	184	168	188	193	157	188	206	199	130	178	170	174	157	189	177	124	199	179	158	161	159	157	127	116	183
Arthrospira	145	198	176	260	173	165	171	159	201	145	189	147	132	159	207	133	146	194	190	162	137	154	154	167	139	166
Frischella	156	203	186	165	159	139	216	164	206	123	198	140	150	200	184	177	165	156	196	178	124	142	148	132	159	183
Paludihabitans	160	197	160	135	162	145	194	172	185	175	216	165	168	169	206	184	133	179	196	160	161	139	132	130	133	182
Candidatus_Syntrophocurvum	185	214	212	131	152	144	197	157	189	137	196	152	146	191	206	158	142	172	170	173	157	158	159	155	126	150
Thermospira	166	221	188	117	168	144	170	186	180	175	199	166	138	191	171	182	151	184	172	168	135	138	133	165	137	173
Proteiniborus	180	183	176	117	140	166	212	141	167	156	205	138	146	196	170	161	158	202	175	163	153	141	137	150	159	160
Hippea	154	180	182	135	164	131	185	149	178	156	198	143	184	175	242	139	183	161	180	156	159	128	151	138	123	168
Caldimicrobium	180	172	165	138	164	136	187	169	203	139	203	145	143	173	220	148	137	192	180	186	129	144	155	144	118	171
Frederiksenia	172	169	174	125	193	175	174	164	167	147	228	180	147	186	180	136	150	201	153	159	116	119	154	140	153	173
Candidatus_Doolittlea	165	157	198	148	182	163	167	183	187	173	205	170	130	167	177	131	138	174	191	156	128	148	165	147	133	145
Amylolactobacillus	185	226	170	137	192	134	163	161	169	156	196	149	135	145	231	132	129	198	177	163	141	138	147	119	117	203
Selenobaculum	166	186	198	125	143	188	191	149	182	166	180	135	146	177	138	163	162	162	190	170	145	134	154	155	138	161
Lederbergia	180	180	175	142	124	158	161	175	161	167	184	170	155	162	177	162	153	184	161	171	146	112	175	135	132	157
Serpentinicella	164	177	182	114	146	136	170	145	173	162	178	140	153	161	192	178	160	156	166	175	135	146	157	136	130	179
Candidatus_Fokinia	170	192	198	141	170	162	183	159	197	163	199	173	138	182	162	146	134	148	178	163	106	129	123	125	114	154
Aceticella	164	163	159	125	154	147	193	154	143	132	188	132	145	165	205	145	183	200	177	151	138	144	152	145	153	152
Candidatus_Epulonipiscium	149	178	163	191	133	196	190	147	183	133	192	149	156	154	186	159	139	164	160	138	123	144	125	127	137	165
Candidatus_Carsonella	139	157	176	181	156	182	190	138	204	140	179	145	125	149	173	170	144	130	183	150	152	119	127	120	149	189
Amphibacillus	161	200	179	129	154	145	195	152	162	158	200	141	145	155	181	123	160	174	171	139	139	134	138	137	129	154
Acholeplasma	153	155	177	112	134	125	165	143	169	146	213	142	158	185	208	134	134	150	197	172	127	145	142	134	146	186
Kineothrix	145	200	155	126	169	139	150	157	197	134	205	162	129	177	198	118	126	168	202	132	119	138	137	150	160	149
Candidatus_Competibacter	155	184	162	117	174	174	179	157	183	147	198	149	148	151	207	132	128	170	169	137	113	143	146	135	121	148
Persephonella	139	200	173	114	136	127	176	163	177	144	189	148	137	174	189	168	138	159	154	168	125	123	143	153	142	165
Paracholeplasma	158	175	175	114	150	161	180	160	179	114	202	170	143	177	198	114	130	149	176	186	121	148	114	108	152	153
Intestinibaculum	149	157	174	129	154	164	186	142	181	137	196	154	153	184	197	152	119	172	157	137	116	134	125	129	132	163
Xianfuyuplasma	154	191	167	134	153	145	197	138	154	150	192	153	141	174	205	130	128	167	184	142	103	119	136	152	141	139
Brochothrix	142	194	185	101	140	148	176	129	169	140	207	137	156	171	184	147	138	172	160	139	123	132	162	141	120	149
Ichthyobacterium	178	169	174	117	155	143	174	159	161	143	174	134	151	150	182	147	149	148	178	164	142	103	129	146	117	174
Bisgaardia	140	147	174	136	136	116	162	142	153	150	195	149	150	169	175	137	166	151	176	147	139	135	153	137	134	147
Tepiditoga	163	154	175	152	123	118	155	116	180	125	168	137	151	167	193	153	170	158	162	146	132	122	154	162	138	131
Aristophania	166	182	163	132	153	131	193	168	174	123	179	138	147	181	196	127	137	131	164	141	120	130	115	146	130	131
Paraphotobacterium	138	164	174	148	167	166	165	145	170	154	175	137	137	155	161	141	166	174	156	158	109	106	140	119	120	120
Candidatus_Comchoanobacter	155	192	158	129	152	152	162	145	174	125	212	159	157	165	167	130	106	157	151	141	113	134	123	125	125	153
Helcococcus	136	174	188	117	136	136	205	139	106	121	165	136	137	158	175	155	133	151	168	158	152	136	125	125	130	172
Caldisericum	149	195	170	105	146	143	145	151	157	158	179	131	128	160	200	128	127	173	144	139	135	121	130	118	122	158
Acetoanaerobium	149	131	165	114	141	131	169	147	167	134	201	139	130	150	188	134	155	180	156	150	123	104	157	123	132	137
Candidatus_Chazhemtobacterium	170	214	163	133	170	164	141	149	165	121	166	121	127	129	199	117	137	155	144	160	116	110	105	132	120	174
Mangrovibacillus	148	165	159	109	145	149	178	142	161	157	166	125	163	184	164	150	135	151	146	134	112	126	129	126	128	148
Coprothermobacter	161	174	276	111	176	138	155	150	166	134	160	136	107	162	185	119	92	146	159	130	143	120	137	95	121	147
Pseudobdellovibrio	151	159	174	136	136	154	165	148	164	130	180	134	150	162	170	130	160	157	143	144	131	119	118	110	125	141
Rummeliibacillus	157	175	149	115	151	148	142	143	166	123	176	131	130	138	170	141	136	181	166	141	139	124	123	128	127	159
Basilea	152	166	150	123	116	129	152	119	157	144	180	142	127	150	176	109	137	188	190	139	134	116	131	123	130	176
Allocoprobacillus	144	164	136	105	119	148	155	113	150	147	177	131	137	134	158	147	148	159	131	147	123	135	149	148	157	148
Miniphocaeibacter	152	149	176	105	125	125	160	130	155	124	163	151	138	161	163	149	127	170	181	140	125	104	119	131	122	138
Furfurilactobacillus	155	157	173	110	156	114	155	155	186	124	201	110	115	125	166	125	117	161	149	138	115	103	122	136	141	149
Limimaricola	131	217	121	128	143	162	148	162	162	133	188	132	119	129	182	98	104	149	141	122	101	123	108	113	109	149
Candidatus_Saccharimonas	139	165	162	118	156	146	148	126	127	98	155	125	120	157	183	123	102	172	146	126	121	119	114	104	104	129
Fastidiosipila	133	185	139	92	123	159	113	149	174	144	141	139	94	144	169	135	115	111	168	113	116	134	109	144	99	110
Lachnospira	129	177	151	111	132	114	140	116	134	131	181	112	104	162	159	134	125	141	123	151	114	103	120	118	127	133
Cetobacterium	139	139	141	99	125	117	163	123	146	137	129	127	123	166	148	148	141	145	144	104	117	85	143	108	117	135
Peptostreptococcus	99	171	168	92	145	146	145	155	141	132	157	128	113	131	155	117	110	143	147	119	114	112	115	121	111	119
Candidatus_Chromulinivorax	113	191	146	153	151	175	133	117	145	128	157	110	101	138	156	99	96	150	145	131	116	117	120	88	94	134
Ilyobacter	140	152	149	88	109	109	136	123	155	120	178	111	110	153	162	114	135	146	152	134	117	107	115	112	113	138
Candidatus_Azobacteroides	126	151	159	106	108	99	149	141	159	112	125	151	134	142	159	120	141	139	108	135	125	112	105	116	128	120
Streptobacillus	121	169	149	85	89	117	147	111	147	110	145	113	126	126	155	125	127	161	144	129	116	134	125	110	116	143
Candidatus_Steffania	121	161	147	101	110	110	142	123	156	144	159	114	125	128	166	128	109	113	145	147	102	107	116	122	99	120
Marinilactibacillus	134	127	133	131	162	153	143	133	137	109	128	108	111	155	129	107	115	134	159	110	120	100	94	117	103	158
Candidatus_Profftella	135	159	144	132	115	110	156	96	152	131	173	111	124	128	153	108	120	162	134	115	96	95	104	106	103	136
Pigmentibacter	118	141	139	112	109	124	154	113	149	128	159	110	103	139	144	130	129	137	141	119	126	117	97	94	103	144
Globicatella	128	119	154	75	82	104	151	123	149	135	150	111	106	141	166	120	122	124	173	133	113	97	121	123	118	137
Allobacillus	129	148	145	115	110	136	138	147	121	115	134	122	108	128	126	117	128	146	128	94	129	88	124	116	92	155
Candidatus_Ichthyocystis	133	154	126	124	124	121	148	122	155	104	145	114	113	145	144	96	114	150	137	128	104	102	107	96	95	134
Candidatus_Moranella	120	131	115	110	140	130	144	142	163	129	174	125	112	121	133	102	99	131	125	144	111	92	113	83	95	145
Paraliobacillus	115	137	141	96	100	112	116	129	110	102	161	98	126	148	157	121	104	136	149	140	119	119	139	110	102	139
Desulfurobacterium	121	150	128	86	119	100	126	133	136	111	161	101	126	153	140	112	123	147	141	128	107	119	89	131	113	121
Swingsia	113	156	162	101	119	146	122	116	130	87	134	114	119	127	122	99	125	132	131	144	78	132	122	99	99	125
Haploplasma	124	138	113	74	102	113	152	117	157	104	161	102	102	155	132	114	134	168	129	127	83	92	122	109	105	122
Vespertiliibacter	117	123	142	126	114	113	170	116	165	110	161	105	123	114	123	85	124	133	132	109	122	94	109	92	98	130
Lawsonia	134	135	122	97	125	103	139	114	149	102	150	97	104	126	137	119	94	135	119	127	108	114	115	107	94	125
Hathewaya	100	150	163	105	91	113	141	108	118	102	118	130	100	129	127	114	121	143	157	119	104	96	104	92	108	128
Athalassotoga	125	117	121	86	105	109	143	115	121	115	134	131	101	116	127	106	106	138	132	135	90	126	91	118	117	111
Ureaplasma	107	133	139	119	111	101	124	113	128	101	93	96	92	124	133	110	121	127	129	115	133	91	126	99	110	129
Salipaludibacillus	117	118	128	104	113	114	126	130	126	102	134	109	132	114	139	89	105	108	132	106	84	113	102	119	98	134
Candidatus_Hoaglandella	122	140	128	92	105	102	134	123	158	89	133	110	117	114	126	91	105	122	115	113	97	100	99	111	104	125
Pseudobutyrivibrio	104	108	119	108	123	85	121	128	130	105	142	129	100	116	152	117	91	123	123	102	96	105	101	108	102	110
Tyzzerella	96	125	134	104	98	110	107	105	131	94	142	118	86	142	131	102	99	118	139	102	103	107	105	106	91	134
Candidatus_Amoebophilus	114	136	128	102	112	112	118	115	124	105	136	128	107	119	117	117	98	130	134	115	100	89	82	96	87	105
Mariniplasma	121	132	135	76	90	97	136	93	114	111	143	113	96	119	130	94	121	114	121	108	133	98	84	123	87	115
Candidatus_Neoehrlichia	113	121	117	86	98	107	133	100	110	120	118	102	118	110	143	119	101	108	110	99	110	96	107	105	99	119
Fannyhessea	119	120	138	107	138	118	97	132	103	101	109	86	115	99	136	108	106	127	114	104	121	101	90	91	71	115
Melissococcus	108	123	115	98	92	114	120	102	96	91	110	88	100	120	178	78	115	102	133	139	113	105	104	106	81	127
Pseudoleptotrichia	111	130	124	84	113	111	137	127	124	98	138	95	91	133	124	81	106	114	118	125	90	89	87	87	85	120
Otariodibacter	108	112	130	98	100	93	141	97	106	90	151	104	103	124	132	90	110	100	102	119	111	96	104	82	85	108
Williamsoniiplasma	113	110	132	103	84	100	114	89	115	107	120	88	105	102	117	115	113	114	93	91	90	75	100	100	81	106
Candidatus_Purcelliella	101	114	114	73	95	150	119	109	105	100	110	93	111	116	120	93	103	105	126	90	73	79	89	85	95	100
Hujiaoplasma	84	99	88	100	88	90	155	110	116	98	136	124	84	103	125	101	74	129	119	67	98	85	79	87	108	88
Fundicoccus	113	126	90	70	87	88	123	110	106	85	113	78	100	118	143	108	88	124	113	89	86	86	85	96	83	96
Candidatus_Annandia	120	83	177	64	64	61	97	147	68	62	151	149	60	100	90	83	80	165	76	77	115	121	75	79	70	140
Aquifex	102	121	101	74	105	90	124	124	109	90	107	76	67	119	112	76	97	107	112	110	79	71	78	100	86	130
Malacoplasma	82	91	112	72	85	89	117	91	108	73	111	106	82	99	100	95	121	99	109	109	96	73	90	87	97	110
Tannockella	97	111	102	102	87	103	122	83	94	90	106	72	64	92	121	85	89	115	103	97	93	90	95	93	92	100
Tropheryma	95	127	106	106	101	89	83	97	107	78	115	94	93	110	129	89	65	110	125	97	70	80	75	86	64	94
Candidatus_Deianiraea	103	118	110	94	95	93	110	104	116	89	118	74	77	99	112	86	81	112	99	77	61	78	90	84	78	111
Candidatus_Absconditicoccus	100	116	100	68	91	93	96	105	117	91	95	99	85	90	104	90	62	98	88	85	79	76	88	77	78	105
Candidatus_Gullanella	102	111	97	65	83	68	102	77	96	104	100	89	76	91	91	132	91	90	124	79	70	81	89	75	79	83
Periweissella	85	124	79	88	97	103	86	68	96	86	128	78	76	93	98	76	53	88	114	83	81	88	76	72	68	93
Candidatus_Schneideria	103	98	114	66	86	77	106	73	94	77	107	82	83	66	101	86	83	85	96	82	75	75	104	69	79	95
Candidatus_Cytomitobacter	115	107	92	90	96	97	105	97	78	86	111	62	76	86	104	78	88	86	86	88	58	85	63	76	72	64
Lapidilactobacillus	90	106	100	67	87	98	92	89	102	83	93	77	84	103	89	83	81	103	81	101	63	71	69	59	70	86
Candidatus_Riesia	65	92	80	74	84	74	85	85	88	82	90	87	66	94	87	79	85	88	74	80	77	74	75	79	74	89
Candidatus_Tachikawaea	64	70	70	101	65	74	157	60	63	41	61	53	97	65	123	63	62	42	125	123	72	53	95	129	92	59
Ignavigranum	85	85	87	63	67	70	82	78	97	67	106	72	61	68	77	77	66	87	87	103	87	70	87	70	64	92
Nosocomiicoccus	81	83	96	49	53	94	83	82	77	66	73	79	72	93	89	69	77	84	83	82	82	76	69	85	90	85
Candidatus_Nardonella	87	110	108	66	66	86	87	71	96	54	97	89	61	75	91	78	86	83	85	88	63	44	63	47	62	72
Candidatus_Mikella	72	127	71	38	140	75	79	77	152	63	86	51	63	118	83	52	94	55	77	58	48	45	57	58	62	44
Candidatus_Phycorickettsia	72	96	83	67	77	70	77	72	81	72	89	75	58	81	86	65	56	74	76	68	72	75	70	70	58	83
Bulleidia	68	105	83	69	75	69	74	74	62	62	81	87	80	76	84	80	61	92	72	59	66	53	64	77	56	72
Chlamydiifrater	74	96	77	57	84	103	84	74	83	64	90	61	64	82	79	60	50	73	74	69	58	63	73	55	55	87
Candidatus_Gromoviella	63	81	81	57	81	52	74	70	67	59	70	65	67	78	113	55	69	89	79	68	63	68	65	58	63	85
Floricoccus	71	78	75	70	57	66	76	63	98	59	79	68	56	90	84	66	76	75	82	49	71	49	70	61	57	63
Candidatus_Walczuchella	65	89	81	58	48	68	76	69	90	49	86	76	63	73	66	63	70	93	62	81	55	64	55	62	59	75
Alteracholeplasma	70	75	77	54	49	52	59	52	87	57	74	62	72	82	87	70	76	82	74	73	56	62	70	65	64	92
Candidatus_Hepatoplasma	80	83	74	67	78	62	54	70	89	63	80	70	69	79	90	62	51	64	84	66	53	57	56	78	47	61
Nicoliella	76	76	79	56	70	61	65	58	81	47	90	60	56	79	86	64	67	83	73	62	57	52	78	66	65	76
Candidatus_Hydrogenosomobacter	77	99	70	73	67	78	74	66	79	74	89	56	67	62	101	61	46	83	50	56	64	51	56	60	57	62
Abyssicoccus	82	80	80	48	71	66	70	78	77	57	77	80	56	65	84	76	67	60	65	52	55	66	61	52	62	74
Hydrogenobaculum	57	81	81	50	70	69	72	76	65	60	84	59	60	70	67	65	58	70	78	73	45	49	72	63	55	73
Candidatus_Ishikawaella	60	70	85	48	66	61	73	62	75	55	76	71	64	71	89	67	71	52	82	64	52	54	51	52	51	86
Candidatus_Hodgkinia	70	73	80	53	72	73	60	61	60	66	65	70	58	61	60	55	61	69	75	65	45	43	66	60	69	60
Candidatus_Nasuia	61	71	69	69	61	65	57	56	58	41	70	67	77	73	75	50	46	60	51	61	75	50	66	70	69	61
Wenxinia	67	56	65	24	62	60	56	61	62	74	70	49	59	53	65	48	41	50	70	62	38	55	62	33	41	60
Sneathia	41	56	56	45	40	37	66	40	53	48	71	64	55	56	61	49	50	48	64	56	52	37	63	48	62	43
Candidatus_Minimicrobia	58	80	124	61	62	49	0	56	43	68	60	62	39	58	74	0	0	69	64	63	54	52	56	59	40	0
Fructobacillus	49	64	47	39	50	49	54	60	61	47	63	35	47	51	57	51	42	46	53	61	61	43	49	43	51	54
Denitromonas	50	51	41	56	63	43	48	54	73	28	49	54	34	50	47	32	35	52	62	32	28	47	26	41	41	48
Criblamydia	34	74	62	50	60	77	38	49	45	44	54	33	38	34	49	38	45	59	36	37	38	28	40	42	23	47
Wigglesworthia	48	62	66	40	44	36	38	49	60	25	48	38	49	46	38	38	40	43	54	54	31	54	37	40	39	45
Candidatus_Sneabacter	47	50	40	46	45	31	46	40	36	40	49	38	33	31	56	43	54	31	58	47	45	42	34	43	37	35
Candidatus_Westeberhardia	41	53	56	40	34	36	39	42	46	27	52	44	40	46	54	52	30	29	35	51	45	44	44	30	38	32
Acetilactobacillus	44	45	45	40	46	42	34	46	54	38	48	36	54	32	38	36	29	45	50	53	44	33	35	36	32	37
Candidatus_Azoamicus	54	44	55	29	24	31	49	29	40	44	44	32	34	58	44	38	34	35	33	32	32	40	25	29	41	32
Candidatus_Nesciobacter	30	36	25	45	45	24	37	25	45	33	34	31	35	26	47	38	48	37	41	40	34	28	25	28	19	29
Gayadomonas	41	38	53	22	27	32	44	34	27	40	32	38	33	47	35	25	35	37	31	32	26	24	35	29	30	36
Amnibacterium	17	39	22	18	30	21	22	19	22	17	26	18	0	20	36	22	21	47	16	21	0	22	18	19	22	23
Entomoplasma	23	21	38	17	0	23	22	0	28	19	23	23	24	23	0	24	24	24	20	17	0	16	19	21	22	18