treatment,sample,genome,category
Unmanip,Unmanip_1,SemiBin_1005,inactive
Unmanip,Unmanip_1,SemiBin_10059,inactive
Unmanip,Unmanip_1,SemiBin_10326,inactive
Unmanip,Unmanip_1,SemiBin_10392,inactive
Unmanip,Unmanip_1,SemiBin_10453,inactive
Unmanip,Unmanip_1,SemiBin_1078,active-unknown
Unmanip,Unmanip_1,SemiBin_108,inactive
Unmanip,Unmanip_1,SemiBin_109,inactive
Unmanip,Unmanip_1,SemiBin_10920,inactive
Unmanip,Unmanip_1,SemiBin_11521,inactive
Unmanip,Unmanip_1,SemiBin_12011,inactive
Unmanip,Unmanip_1,SemiBin_1222,inactive
Unmanip,Unmanip_1,SemiBin_12234,inactive
Unmanip,Unmanip_1,SemiBin_1238,inactive
Unmanip,Unmanip_1,SemiBin_1239,inactive
Unmanip,Unmanip_1,SemiBin_1246,inactive
Unmanip,Unmanip_1,SemiBin_1317,inactive
Unmanip,Unmanip_1,SemiBin_1346,inactive
Unmanip,Unmanip_1,SemiBin_1403,inactive
Unmanip,Unmanip_1,SemiBin_14189,inactive
Unmanip,Unmanip_1,SemiBin_1431,inactive
Unmanip,Unmanip_1,SemiBin_1436,inactive
Unmanip,Unmanip_1,SemiBin_1478,inactive
Unmanip,Unmanip_1,SemiBin_1479,inactive
Unmanip,Unmanip_1,SemiBin_1480,inactive
Unmanip,Unmanip_1,SemiBin_1494,active-unknown
Unmanip,Unmanip_1,SemiBin_1503,inactive
Unmanip,Unmanip_1,SemiBin_1518,active-unknown
Unmanip,Unmanip_1,SemiBin_15338,inactive
Unmanip,Unmanip_1,SemiBin_1558,active-unknown
Unmanip,Unmanip_1,SemiBin_1560,inactive
Unmanip,Unmanip_1,SemiBin_1595,inactive
Unmanip,Unmanip_1,SemiBin_1643,inactive
Unmanip,Unmanip_1,SemiBin_1668,inactive
Unmanip,Unmanip_1,SemiBin_1699,inactive
Unmanip,Unmanip_1,SemiBin_1703,active-unknown
Unmanip,Unmanip_1,SemiBin_1709,inactive
Unmanip,Unmanip_1,SemiBin_1799,inactive
Unmanip,Unmanip_1,SemiBin_1854,inactive
Unmanip,Unmanip_1,SemiBin_1908,inactive
Unmanip,Unmanip_1,SemiBin_1938,active-unknown
Unmanip,Unmanip_1,SemiBin_1997,active-unknown
Unmanip,Unmanip_1,SemiBin_2003,active-unknown
Unmanip,Unmanip_1,SemiBin_2006,inactive
Unmanip,Unmanip_1,SemiBin_20296,inactive
Unmanip,Unmanip_1,SemiBin_2031,active-unknown
Unmanip,Unmanip_1,SemiBin_2089,active-unknown
Unmanip,Unmanip_1,SemiBin_21029,inactive
Unmanip,Unmanip_1,SemiBin_2115,inactive
Unmanip,Unmanip_1,SemiBin_2123,inactive
Unmanip,Unmanip_1,SemiBin_2178,active-unknown
Unmanip,Unmanip_1,SemiBin_2180,active-unknown
Unmanip,Unmanip_1,SemiBin_2254,inactive
Unmanip,Unmanip_1,SemiBin_2265,inactive
Unmanip,Unmanip_1,SemiBin_2289,inactive
Unmanip,Unmanip_1,SemiBin_2297,inactive
Unmanip,Unmanip_1,SemiBin_237,inactive
Unmanip,Unmanip_1,SemiBin_240,active-unknown
Unmanip,Unmanip_1,SemiBin_2469,inactive
Unmanip,Unmanip_1,SemiBin_259,inactive
Unmanip,Unmanip_1,SemiBin_2636,inactive
Unmanip,Unmanip_1,SemiBin_2737,inactive
Unmanip,Unmanip_1,SemiBin_2756,lytic-active
Unmanip,Unmanip_1,SemiBin_279,lytic-active
Unmanip,Unmanip_1,SemiBin_2831,inactive
Unmanip,Unmanip_1,SemiBin_2924,inactive
Unmanip,Unmanip_1,SemiBin_2941,inactive
Unmanip,Unmanip_1,SemiBin_2970,active-unknown
Unmanip,Unmanip_1,SemiBin_301,inactive
Unmanip,Unmanip_1,SemiBin_3078,inactive
Unmanip,Unmanip_1,SemiBin_3109,inactive
Unmanip,Unmanip_1,SemiBin_3136,inactive
Unmanip,Unmanip_1,SemiBin_3186,inactive
Unmanip,Unmanip_1,SemiBin_3211,inactive
Unmanip,Unmanip_1,SemiBin_32124,inactive
Unmanip,Unmanip_1,SemiBin_32143,inactive
Unmanip,Unmanip_1,SemiBin_3228,inactive
Unmanip,Unmanip_1,SemiBin_3288,inactive
Unmanip,Unmanip_1,SemiBin_336,active-unknown
Unmanip,Unmanip_1,SemiBin_3525,inactive
Unmanip,Unmanip_1,SemiBin_3662,active-unknown
Unmanip,Unmanip_1,SemiBin_3769,active-unknown
Unmanip,Unmanip_1,SemiBin_3866,active-unknown
Unmanip,Unmanip_1,SemiBin_3971,inactive
Unmanip,Unmanip_1,SemiBin_3999,inactive
Unmanip,Unmanip_1,SemiBin_4021,active-unknown
Unmanip,Unmanip_1,SemiBin_408,inactive
Unmanip,Unmanip_1,SemiBin_4095,inactive
Unmanip,Unmanip_1,SemiBin_4097,inactive
Unmanip,Unmanip_1,SemiBin_4319,inactive
Unmanip,Unmanip_1,SemiBin_4559,active-unknown
Unmanip,Unmanip_1,SemiBin_4716,inactive
Unmanip,Unmanip_1,SemiBin_4748,active-unknown
Unmanip,Unmanip_1,SemiBin_4842,inactive
Unmanip,Unmanip_1,SemiBin_4884,inactive
Unmanip,Unmanip_1,SemiBin_4964,active-unknown
Unmanip,Unmanip_1,SemiBin_4995,inactive
Unmanip,Unmanip_1,SemiBin_5100,active-unknown
Unmanip,Unmanip_1,SemiBin_520,inactive
Unmanip,Unmanip_1,SemiBin_5322,inactive
Unmanip,Unmanip_1,SemiBin_5387,inactive
Unmanip,Unmanip_1,SemiBin_540,inactive
Unmanip,Unmanip_1,SemiBin_548,inactive
Unmanip,Unmanip_1,SemiBin_5911,active-unknown
Unmanip,Unmanip_1,SemiBin_5993,inactive
Unmanip,Unmanip_1,SemiBin_6044,inactive
Unmanip,Unmanip_1,SemiBin_6168,inactive
Unmanip,Unmanip_1,SemiBin_643,active-unknown
Unmanip,Unmanip_1,SemiBin_656,inactive
Unmanip,Unmanip_1,SemiBin_6560,inactive
Unmanip,Unmanip_1,SemiBin_6572,inactive
Unmanip,Unmanip_1,SemiBin_6645,inactive
Unmanip,Unmanip_1,SemiBin_6682,inactive
Unmanip,Unmanip_1,SemiBin_672,inactive
Unmanip,Unmanip_1,SemiBin_6772,active-unknown
Unmanip,Unmanip_1,SemiBin_6819,inactive
Unmanip,Unmanip_1,SemiBin_687,active-unknown
Unmanip,Unmanip_1,SemiBin_6939,inactive
Unmanip,Unmanip_1,SemiBin_7118,inactive
Unmanip,Unmanip_1,SemiBin_715,active-unknown
Unmanip,Unmanip_1,SemiBin_7304,inactive
Unmanip,Unmanip_1,SemiBin_754,active-unknown
Unmanip,Unmanip_1,SemiBin_756,inactive
Unmanip,Unmanip_1,SemiBin_761,inactive
Unmanip,Unmanip_1,SemiBin_7928,inactive
Unmanip,Unmanip_1,SemiBin_805,inactive
Unmanip,Unmanip_1,SemiBin_8103,inactive
Unmanip,Unmanip_1,SemiBin_8199,inactive
Unmanip,Unmanip_1,SemiBin_843,inactive
Unmanip,Unmanip_1,SemiBin_8467,inactive
Unmanip,Unmanip_1,SemiBin_8530,inactive
Unmanip,Unmanip_1,SemiBin_882,inactive
Unmanip,Unmanip_1,SemiBin_8872,inactive
Unmanip,Unmanip_1,SemiBin_904,inactive
Unmanip,Unmanip_1,SemiBin_9129,active-unknown
Unmanip,Unmanip_1,SemiBin_926,inactive
Unmanip,Unmanip_1,SemiBin_9281,inactive
Unmanip,Unmanip_1,SemiBin_9320,inactive
Unmanip,Unmanip_1,SemiBin_974,active-unknown
Unmanip,Unmanip_1,SemiBin_985,inactive
Unmanip,Unmanip_1,SemiBin_9930,active-unknown
Unmanip,Unmanip_2,SemiBin_1005,active-unknown
Unmanip,Unmanip_2,SemiBin_10059,inactive
Unmanip,Unmanip_2,SemiBin_10326,inactive
Unmanip,Unmanip_2,SemiBin_10392,inactive
Unmanip,Unmanip_2,SemiBin_10453,inactive
Unmanip,Unmanip_2,SemiBin_1078,active-unknown
Unmanip,Unmanip_2,SemiBin_108,inactive
Unmanip,Unmanip_2,SemiBin_109,inactive
Unmanip,Unmanip_2,SemiBin_10920,inactive
Unmanip,Unmanip_2,SemiBin_11521,inactive
Unmanip,Unmanip_2,SemiBin_12011,inactive
Unmanip,Unmanip_2,SemiBin_1222,inactive
Unmanip,Unmanip_2,SemiBin_12234,inactive
Unmanip,Unmanip_2,SemiBin_1238,inactive
Unmanip,Unmanip_2,SemiBin_1239,inactive
Unmanip,Unmanip_2,SemiBin_1246,active-unknown
Unmanip,Unmanip_2,SemiBin_1317,active-unknown
Unmanip,Unmanip_2,SemiBin_1346,inactive
Unmanip,Unmanip_2,SemiBin_1403,inactive
Unmanip,Unmanip_2,SemiBin_14189,inactive
Unmanip,Unmanip_2,SemiBin_1431,inactive
Unmanip,Unmanip_2,SemiBin_1436,inactive
Unmanip,Unmanip_2,SemiBin_1478,inactive
Unmanip,Unmanip_2,SemiBin_1479,inactive
Unmanip,Unmanip_2,SemiBin_1480,inactive
Unmanip,Unmanip_2,SemiBin_1494,inactive
Unmanip,Unmanip_2,SemiBin_1503,inactive
Unmanip,Unmanip_2,SemiBin_1518,inactive
Unmanip,Unmanip_2,SemiBin_15338,inactive
Unmanip,Unmanip_2,SemiBin_1558,active-unknown
Unmanip,Unmanip_2,SemiBin_1560,inactive
Unmanip,Unmanip_2,SemiBin_1595,inactive
Unmanip,Unmanip_2,SemiBin_1643,inactive
Unmanip,Unmanip_2,SemiBin_1668,inactive
Unmanip,Unmanip_2,SemiBin_1699,inactive
Unmanip,Unmanip_2,SemiBin_1703,inactive
Unmanip,Unmanip_2,SemiBin_1709,active-unknown
Unmanip,Unmanip_2,SemiBin_1799,inactive
Unmanip,Unmanip_2,SemiBin_1854,inactive
Unmanip,Unmanip_2,SemiBin_1908,inactive
Unmanip,Unmanip_2,SemiBin_1938,active-unknown
Unmanip,Unmanip_2,SemiBin_1997,active-unknown
Unmanip,Unmanip_2,SemiBin_2003,inactive
Unmanip,Unmanip_2,SemiBin_2006,inactive
Unmanip,Unmanip_2,SemiBin_20296,inactive
Unmanip,Unmanip_2,SemiBin_2031,inactive
Unmanip,Unmanip_2,SemiBin_2089,inactive
Unmanip,Unmanip_2,SemiBin_21029,inactive
Unmanip,Unmanip_2,SemiBin_2115,inactive
Unmanip,Unmanip_2,SemiBin_2123,inactive
Unmanip,Unmanip_2,SemiBin_2178,active-unknown
Unmanip,Unmanip_2,SemiBin_2180,inactive
Unmanip,Unmanip_2,SemiBin_2254,inactive
Unmanip,Unmanip_2,SemiBin_2265,inactive
Unmanip,Unmanip_2,SemiBin_2289,active-unknown
Unmanip,Unmanip_2,SemiBin_2297,inactive
Unmanip,Unmanip_2,SemiBin_237,inactive
Unmanip,Unmanip_2,SemiBin_240,active-unknown
Unmanip,Unmanip_2,SemiBin_2469,inactive
Unmanip,Unmanip_2,SemiBin_259,inactive
Unmanip,Unmanip_2,SemiBin_2636,inactive
Unmanip,Unmanip_2,SemiBin_2737,inactive
Unmanip,Unmanip_2,SemiBin_2756,inactive
Unmanip,Unmanip_2,SemiBin_279,active-unknown
Unmanip,Unmanip_2,SemiBin_2831,inactive
Unmanip,Unmanip_2,SemiBin_2924,active-unknown
Unmanip,Unmanip_2,SemiBin_2941,inactive
Unmanip,Unmanip_2,SemiBin_2970,active-unknown
Unmanip,Unmanip_2,SemiBin_301,inactive
Unmanip,Unmanip_2,SemiBin_3078,inactive
Unmanip,Unmanip_2,SemiBin_3109,inactive
Unmanip,Unmanip_2,SemiBin_3136,inactive
Unmanip,Unmanip_2,SemiBin_3186,inactive
Unmanip,Unmanip_2,SemiBin_3211,inactive
Unmanip,Unmanip_2,SemiBin_32124,inactive
Unmanip,Unmanip_2,SemiBin_32143,inactive
Unmanip,Unmanip_2,SemiBin_3228,inactive
Unmanip,Unmanip_2,SemiBin_3288,inactive
Unmanip,Unmanip_2,SemiBin_336,active-unknown
Unmanip,Unmanip_2,SemiBin_3525,inactive
Unmanip,Unmanip_2,SemiBin_3662,active-unknown
Unmanip,Unmanip_2,SemiBin_3769,active-unknown
Unmanip,Unmanip_2,SemiBin_3866,active-unknown
Unmanip,Unmanip_2,SemiBin_3971,inactive
Unmanip,Unmanip_2,SemiBin_3999,inactive
Unmanip,Unmanip_2,SemiBin_4021,inactive
Unmanip,Unmanip_2,SemiBin_408,inactive
Unmanip,Unmanip_2,SemiBin_4095,inactive
Unmanip,Unmanip_2,SemiBin_4097,active-unknown
Unmanip,Unmanip_2,SemiBin_4319,inactive
Unmanip,Unmanip_2,SemiBin_4559,inactive
Unmanip,Unmanip_2,SemiBin_4716,inactive
Unmanip,Unmanip_2,SemiBin_4748,inactive
Unmanip,Unmanip_2,SemiBin_4842,inactive
Unmanip,Unmanip_2,SemiBin_4884,inactive
Unmanip,Unmanip_2,SemiBin_4964,inactive
Unmanip,Unmanip_2,SemiBin_4995,inactive
Unmanip,Unmanip_2,SemiBin_5100,inactive
Unmanip,Unmanip_2,SemiBin_520,active-unknown
Unmanip,Unmanip_2,SemiBin_5322,inactive
Unmanip,Unmanip_2,SemiBin_5387,inactive
Unmanip,Unmanip_2,SemiBin_540,inactive
Unmanip,Unmanip_2,SemiBin_548,inactive
Unmanip,Unmanip_2,SemiBin_5911,active-unknown
Unmanip,Unmanip_2,SemiBin_5993,inactive
Unmanip,Unmanip_2,SemiBin_6044,inactive
Unmanip,Unmanip_2,SemiBin_6168,inactive
Unmanip,Unmanip_2,SemiBin_643,inactive
Unmanip,Unmanip_2,SemiBin_656,inactive
Unmanip,Unmanip_2,SemiBin_6560,inactive
Unmanip,Unmanip_2,SemiBin_6572,inactive
Unmanip,Unmanip_2,SemiBin_6645,inactive
Unmanip,Unmanip_2,SemiBin_6682,active-unknown
Unmanip,Unmanip_2,SemiBin_672,inactive
Unmanip,Unmanip_2,SemiBin_6772,active-unknown
Unmanip,Unmanip_2,SemiBin_6819,inactive
Unmanip,Unmanip_2,SemiBin_687,active-unknown
Unmanip,Unmanip_2,SemiBin_6939,inactive
Unmanip,Unmanip_2,SemiBin_7118,active-unknown
Unmanip,Unmanip_2,SemiBin_715,active-unknown
Unmanip,Unmanip_2,SemiBin_7304,inactive
Unmanip,Unmanip_2,SemiBin_754,active-unknown
Unmanip,Unmanip_2,SemiBin_756,inactive
Unmanip,Unmanip_2,SemiBin_761,active-unknown
Unmanip,Unmanip_2,SemiBin_7928,inactive
Unmanip,Unmanip_2,SemiBin_805,inactive
Unmanip,Unmanip_2,SemiBin_8103,inactive
Unmanip,Unmanip_2,SemiBin_8199,inactive
Unmanip,Unmanip_2,SemiBin_843,inactive
Unmanip,Unmanip_2,SemiBin_8467,inactive
Unmanip,Unmanip_2,SemiBin_8530,inactive
Unmanip,Unmanip_2,SemiBin_882,inactive
Unmanip,Unmanip_2,SemiBin_8872,inactive
Unmanip,Unmanip_2,SemiBin_904,inactive
Unmanip,Unmanip_2,SemiBin_9129,lytic-active
Unmanip,Unmanip_2,SemiBin_926,inactive
Unmanip,Unmanip_2,SemiBin_9281,inactive
Unmanip,Unmanip_2,SemiBin_9320,inactive
Unmanip,Unmanip_2,SemiBin_974,active-unknown
Unmanip,Unmanip_2,SemiBin_985,inactive
Unmanip,Unmanip_2,SemiBin_9930,inactive
Unmanip,Unmanip_3,SemiBin_1005,inactive
Unmanip,Unmanip_3,SemiBin_10059,inactive
Unmanip,Unmanip_3,SemiBin_10326,inactive
Unmanip,Unmanip_3,SemiBin_10392,inactive
Unmanip,Unmanip_3,SemiBin_10453,inactive
Unmanip,Unmanip_3,SemiBin_1078,active-unknown
Unmanip,Unmanip_3,SemiBin_108,inactive
Unmanip,Unmanip_3,SemiBin_109,inactive
Unmanip,Unmanip_3,SemiBin_10920,inactive
Unmanip,Unmanip_3,SemiBin_11521,inactive
Unmanip,Unmanip_3,SemiBin_12011,inactive
Unmanip,Unmanip_3,SemiBin_1222,inactive
Unmanip,Unmanip_3,SemiBin_12234,inactive
Unmanip,Unmanip_3,SemiBin_1238,inactive
Unmanip,Unmanip_3,SemiBin_1239,inactive
Unmanip,Unmanip_3,SemiBin_1246,inactive
Unmanip,Unmanip_3,SemiBin_1317,inactive
Unmanip,Unmanip_3,SemiBin_1346,inactive
Unmanip,Unmanip_3,SemiBin_1403,inactive
Unmanip,Unmanip_3,SemiBin_14189,inactive
Unmanip,Unmanip_3,SemiBin_1431,inactive
Unmanip,Unmanip_3,SemiBin_1436,inactive
Unmanip,Unmanip_3,SemiBin_1478,active-unknown
Unmanip,Unmanip_3,SemiBin_1479,inactive
Unmanip,Unmanip_3,SemiBin_1480,inactive
Unmanip,Unmanip_3,SemiBin_1494,inactive
Unmanip,Unmanip_3,SemiBin_1503,inactive
Unmanip,Unmanip_3,SemiBin_1518,active-unknown
Unmanip,Unmanip_3,SemiBin_15338,inactive
Unmanip,Unmanip_3,SemiBin_1558,active-unknown
Unmanip,Unmanip_3,SemiBin_1560,inactive
Unmanip,Unmanip_3,SemiBin_1595,inactive
Unmanip,Unmanip_3,SemiBin_1643,active-unknown
Unmanip,Unmanip_3,SemiBin_1668,inactive
Unmanip,Unmanip_3,SemiBin_1699,inactive
Unmanip,Unmanip_3,SemiBin_1703,inactive
Unmanip,Unmanip_3,SemiBin_1709,inactive
Unmanip,Unmanip_3,SemiBin_1799,inactive
Unmanip,Unmanip_3,SemiBin_1854,inactive
Unmanip,Unmanip_3,SemiBin_1908,inactive
Unmanip,Unmanip_3,SemiBin_1938,inactive
Unmanip,Unmanip_3,SemiBin_1997,active-unknown
Unmanip,Unmanip_3,SemiBin_2003,inactive
Unmanip,Unmanip_3,SemiBin_2006,inactive
Unmanip,Unmanip_3,SemiBin_20296,inactive
Unmanip,Unmanip_3,SemiBin_2031,inactive
Unmanip,Unmanip_3,SemiBin_2089,active-unknown
Unmanip,Unmanip_3,SemiBin_21029,inactive
Unmanip,Unmanip_3,SemiBin_2115,inactive
Unmanip,Unmanip_3,SemiBin_2123,inactive
Unmanip,Unmanip_3,SemiBin_2178,inactive
Unmanip,Unmanip_3,SemiBin_2180,inactive
Unmanip,Unmanip_3,SemiBin_2254,inactive
Unmanip,Unmanip_3,SemiBin_2265,inactive
Unmanip,Unmanip_3,SemiBin_2289,inactive
Unmanip,Unmanip_3,SemiBin_2297,inactive
Unmanip,Unmanip_3,SemiBin_237,inactive
Unmanip,Unmanip_3,SemiBin_240,active-unknown
Unmanip,Unmanip_3,SemiBin_2469,inactive
Unmanip,Unmanip_3,SemiBin_259,inactive
Unmanip,Unmanip_3,SemiBin_2636,inactive
Unmanip,Unmanip_3,SemiBin_2737,inactive
Unmanip,Unmanip_3,SemiBin_2756,active-unknown
Unmanip,Unmanip_3,SemiBin_279,active-unknown
Unmanip,Unmanip_3,SemiBin_2831,inactive
Unmanip,Unmanip_3,SemiBin_2924,active-unknown
Unmanip,Unmanip_3,SemiBin_2941,inactive
Unmanip,Unmanip_3,SemiBin_2970,inactive
Unmanip,Unmanip_3,SemiBin_301,inactive
Unmanip,Unmanip_3,SemiBin_3078,inactive
Unmanip,Unmanip_3,SemiBin_3109,inactive
Unmanip,Unmanip_3,SemiBin_3136,inactive
Unmanip,Unmanip_3,SemiBin_3186,inactive
Unmanip,Unmanip_3,SemiBin_3211,inactive
Unmanip,Unmanip_3,SemiBin_32124,inactive
Unmanip,Unmanip_3,SemiBin_32143,inactive
Unmanip,Unmanip_3,SemiBin_3228,active-unknown
Unmanip,Unmanip_3,SemiBin_3288,inactive
Unmanip,Unmanip_3,SemiBin_336,active-unknown
Unmanip,Unmanip_3,SemiBin_3525,inactive
Unmanip,Unmanip_3,SemiBin_3662,active-unknown
Unmanip,Unmanip_3,SemiBin_3769,active-unknown
Unmanip,Unmanip_3,SemiBin_3866,active-unknown
Unmanip,Unmanip_3,SemiBin_3971,inactive
Unmanip,Unmanip_3,SemiBin_3999,inactive
Unmanip,Unmanip_3,SemiBin_4021,active-unknown
Unmanip,Unmanip_3,SemiBin_408,inactive
Unmanip,Unmanip_3,SemiBin_4095,inactive
Unmanip,Unmanip_3,SemiBin_4097,inactive
Unmanip,Unmanip_3,SemiBin_4319,inactive
Unmanip,Unmanip_3,SemiBin_4559,inactive
Unmanip,Unmanip_3,SemiBin_4716,inactive
Unmanip,Unmanip_3,SemiBin_4748,inactive
Unmanip,Unmanip_3,SemiBin_4842,inactive
Unmanip,Unmanip_3,SemiBin_4884,inactive
Unmanip,Unmanip_3,SemiBin_4964,inactive
Unmanip,Unmanip_3,SemiBin_4995,inactive
Unmanip,Unmanip_3,SemiBin_5100,inactive
Unmanip,Unmanip_3,SemiBin_520,inactive
Unmanip,Unmanip_3,SemiBin_5322,inactive
Unmanip,Unmanip_3,SemiBin_5387,inactive
Unmanip,Unmanip_3,SemiBin_540,inactive
Unmanip,Unmanip_3,SemiBin_548,inactive
Unmanip,Unmanip_3,SemiBin_5911,active-unknown
Unmanip,Unmanip_3,SemiBin_5993,inactive
Unmanip,Unmanip_3,SemiBin_6044,inactive
Unmanip,Unmanip_3,SemiBin_6168,inactive
Unmanip,Unmanip_3,SemiBin_643,inactive
Unmanip,Unmanip_3,SemiBin_656,inactive
Unmanip,Unmanip_3,SemiBin_6560,active-unknown
Unmanip,Unmanip_3,SemiBin_6572,inactive
Unmanip,Unmanip_3,SemiBin_6645,inactive
Unmanip,Unmanip_3,SemiBin_6682,inactive
Unmanip,Unmanip_3,SemiBin_672,inactive
Unmanip,Unmanip_3,SemiBin_6772,active-unknown
Unmanip,Unmanip_3,SemiBin_6819,inactive
Unmanip,Unmanip_3,SemiBin_687,active-unknown
Unmanip,Unmanip_3,SemiBin_6939,inactive
Unmanip,Unmanip_3,SemiBin_7118,active-unknown
Unmanip,Unmanip_3,SemiBin_715,active-unknown
Unmanip,Unmanip_3,SemiBin_7304,inactive
Unmanip,Unmanip_3,SemiBin_754,lytic-active
Unmanip,Unmanip_3,SemiBin_756,active-unknown
Unmanip,Unmanip_3,SemiBin_761,inactive
Unmanip,Unmanip_3,SemiBin_7928,inactive
Unmanip,Unmanip_3,SemiBin_805,inactive
Unmanip,Unmanip_3,SemiBin_8103,inactive
Unmanip,Unmanip_3,SemiBin_8199,inactive
Unmanip,Unmanip_3,SemiBin_843,active-unknown
Unmanip,Unmanip_3,SemiBin_8467,inactive
Unmanip,Unmanip_3,SemiBin_8530,inactive
Unmanip,Unmanip_3,SemiBin_882,inactive
Unmanip,Unmanip_3,SemiBin_8872,inactive
Unmanip,Unmanip_3,SemiBin_904,inactive
Unmanip,Unmanip_3,SemiBin_9129,inactive
Unmanip,Unmanip_3,SemiBin_926,inactive
Unmanip,Unmanip_3,SemiBin_9281,inactive
Unmanip,Unmanip_3,SemiBin_9320,inactive
Unmanip,Unmanip_3,SemiBin_974,active-unknown
Unmanip,Unmanip_3,SemiBin_985,inactive
Unmanip,Unmanip_3,SemiBin_9930,inactive
Unmanip,Unmanip_4,SemiBin_1005,inactive
Unmanip,Unmanip_4,SemiBin_10059,inactive
Unmanip,Unmanip_4,SemiBin_10326,inactive
Unmanip,Unmanip_4,SemiBin_10392,inactive
Unmanip,Unmanip_4,SemiBin_10453,active-unknown
Unmanip,Unmanip_4,SemiBin_1078,active-unknown
Unmanip,Unmanip_4,SemiBin_108,inactive
Unmanip,Unmanip_4,SemiBin_109,inactive
Unmanip,Unmanip_4,SemiBin_10920,inactive
Unmanip,Unmanip_4,SemiBin_11521,inactive
Unmanip,Unmanip_4,SemiBin_12011,inactive
Unmanip,Unmanip_4,SemiBin_1222,inactive
Unmanip,Unmanip_4,SemiBin_12234,inactive
Unmanip,Unmanip_4,SemiBin_1238,inactive
Unmanip,Unmanip_4,SemiBin_1239,inactive
Unmanip,Unmanip_4,SemiBin_1246,inactive
Unmanip,Unmanip_4,SemiBin_1317,inactive
Unmanip,Unmanip_4,SemiBin_1346,inactive
Unmanip,Unmanip_4,SemiBin_1403,inactive
Unmanip,Unmanip_4,SemiBin_14189,inactive
Unmanip,Unmanip_4,SemiBin_1431,inactive
Unmanip,Unmanip_4,SemiBin_1436,active-unknown
Unmanip,Unmanip_4,SemiBin_1478,inactive
Unmanip,Unmanip_4,SemiBin_1479,inactive
Unmanip,Unmanip_4,SemiBin_1480,inactive
Unmanip,Unmanip_4,SemiBin_1494,inactive
Unmanip,Unmanip_4,SemiBin_1503,inactive
Unmanip,Unmanip_4,SemiBin_1518,inactive
Unmanip,Unmanip_4,SemiBin_15338,inactive
Unmanip,Unmanip_4,SemiBin_1558,active-unknown
Unmanip,Unmanip_4,SemiBin_1560,inactive
Unmanip,Unmanip_4,SemiBin_1595,inactive
Unmanip,Unmanip_4,SemiBin_1643,inactive
Unmanip,Unmanip_4,SemiBin_1668,inactive
Unmanip,Unmanip_4,SemiBin_1699,inactive
Unmanip,Unmanip_4,SemiBin_1703,active-unknown
Unmanip,Unmanip_4,SemiBin_1709,inactive
Unmanip,Unmanip_4,SemiBin_1799,inactive
Unmanip,Unmanip_4,SemiBin_1854,inactive
Unmanip,Unmanip_4,SemiBin_1908,inactive
Unmanip,Unmanip_4,SemiBin_1938,active-unknown
Unmanip,Unmanip_4,SemiBin_1997,active-unknown
Unmanip,Unmanip_4,SemiBin_2003,active-unknown
Unmanip,Unmanip_4,SemiBin_2006,inactive
Unmanip,Unmanip_4,SemiBin_20296,inactive
Unmanip,Unmanip_4,SemiBin_2031,inactive
Unmanip,Unmanip_4,SemiBin_2089,active-unknown
Unmanip,Unmanip_4,SemiBin_21029,inactive
Unmanip,Unmanip_4,SemiBin_2115,inactive
Unmanip,Unmanip_4,SemiBin_2123,inactive
Unmanip,Unmanip_4,SemiBin_2178,active-unknown
Unmanip,Unmanip_4,SemiBin_2180,active-unknown
Unmanip,Unmanip_4,SemiBin_2254,inactive
Unmanip,Unmanip_4,SemiBin_2265,inactive
Unmanip,Unmanip_4,SemiBin_2289,inactive
Unmanip,Unmanip_4,SemiBin_2297,active-unknown
Unmanip,Unmanip_4,SemiBin_237,inactive
Unmanip,Unmanip_4,SemiBin_240,active-unknown
Unmanip,Unmanip_4,SemiBin_2469,active-unknown
Unmanip,Unmanip_4,SemiBin_259,inactive
Unmanip,Unmanip_4,SemiBin_2636,inactive
Unmanip,Unmanip_4,SemiBin_2737,inactive
Unmanip,Unmanip_4,SemiBin_2756,lytic-active
Unmanip,Unmanip_4,SemiBin_279,active-unknown
Unmanip,Unmanip_4,SemiBin_2831,active-unknown
Unmanip,Unmanip_4,SemiBin_2924,active-unknown
Unmanip,Unmanip_4,SemiBin_2941,inactive
Unmanip,Unmanip_4,SemiBin_2970,active-unknown
Unmanip,Unmanip_4,SemiBin_301,inactive
Unmanip,Unmanip_4,SemiBin_3078,inactive
Unmanip,Unmanip_4,SemiBin_3109,inactive
Unmanip,Unmanip_4,SemiBin_3136,inactive
Unmanip,Unmanip_4,SemiBin_3186,inactive
Unmanip,Unmanip_4,SemiBin_3211,inactive
Unmanip,Unmanip_4,SemiBin_32124,inactive
Unmanip,Unmanip_4,SemiBin_32143,inactive
Unmanip,Unmanip_4,SemiBin_3228,inactive
Unmanip,Unmanip_4,SemiBin_3288,inactive
Unmanip,Unmanip_4,SemiBin_336,active-unknown
Unmanip,Unmanip_4,SemiBin_3525,inactive
Unmanip,Unmanip_4,SemiBin_3662,active-unknown
Unmanip,Unmanip_4,SemiBin_3769,active-unknown
Unmanip,Unmanip_4,SemiBin_3866,active-unknown
Unmanip,Unmanip_4,SemiBin_3971,inactive
Unmanip,Unmanip_4,SemiBin_3999,inactive
Unmanip,Unmanip_4,SemiBin_4021,active-unknown
Unmanip,Unmanip_4,SemiBin_408,inactive
Unmanip,Unmanip_4,SemiBin_4095,inactive
Unmanip,Unmanip_4,SemiBin_4097,inactive
Unmanip,Unmanip_4,SemiBin_4319,inactive
Unmanip,Unmanip_4,SemiBin_4559,inactive
Unmanip,Unmanip_4,SemiBin_4716,inactive
Unmanip,Unmanip_4,SemiBin_4748,active-unknown
Unmanip,Unmanip_4,SemiBin_4842,inactive
Unmanip,Unmanip_4,SemiBin_4884,inactive
Unmanip,Unmanip_4,SemiBin_4964,active-unknown
Unmanip,Unmanip_4,SemiBin_4995,inactive
Unmanip,Unmanip_4,SemiBin_5100,inactive
Unmanip,Unmanip_4,SemiBin_520,inactive
Unmanip,Unmanip_4,SemiBin_5322,inactive
Unmanip,Unmanip_4,SemiBin_5387,inactive
Unmanip,Unmanip_4,SemiBin_540,inactive
Unmanip,Unmanip_4,SemiBin_548,active-unknown
Unmanip,Unmanip_4,SemiBin_5911,inactive
Unmanip,Unmanip_4,SemiBin_5993,inactive
Unmanip,Unmanip_4,SemiBin_6044,inactive
Unmanip,Unmanip_4,SemiBin_6168,inactive
Unmanip,Unmanip_4,SemiBin_643,inactive
Unmanip,Unmanip_4,SemiBin_656,inactive
Unmanip,Unmanip_4,SemiBin_6560,active-unknown
Unmanip,Unmanip_4,SemiBin_6572,inactive
Unmanip,Unmanip_4,SemiBin_6645,inactive
Unmanip,Unmanip_4,SemiBin_6682,inactive
Unmanip,Unmanip_4,SemiBin_672,inactive
Unmanip,Unmanip_4,SemiBin_6772,active-unknown
Unmanip,Unmanip_4,SemiBin_6819,inactive
Unmanip,Unmanip_4,SemiBin_687,active-unknown
Unmanip,Unmanip_4,SemiBin_6939,inactive
Unmanip,Unmanip_4,SemiBin_7118,inactive
Unmanip,Unmanip_4,SemiBin_715,active-unknown
Unmanip,Unmanip_4,SemiBin_7304,inactive
Unmanip,Unmanip_4,SemiBin_754,inactive
Unmanip,Unmanip_4,SemiBin_756,inactive
Unmanip,Unmanip_4,SemiBin_761,inactive
Unmanip,Unmanip_4,SemiBin_7928,inactive
Unmanip,Unmanip_4,SemiBin_805,inactive
Unmanip,Unmanip_4,SemiBin_8103,inactive
Unmanip,Unmanip_4,SemiBin_8199,inactive
Unmanip,Unmanip_4,SemiBin_843,active-unknown
Unmanip,Unmanip_4,SemiBin_8467,inactive
Unmanip,Unmanip_4,SemiBin_8530,inactive
Unmanip,Unmanip_4,SemiBin_882,inactive
Unmanip,Unmanip_4,SemiBin_8872,inactive
Unmanip,Unmanip_4,SemiBin_904,inactive
Unmanip,Unmanip_4,SemiBin_9129,lytic-active
Unmanip,Unmanip_4,SemiBin_926,inactive
Unmanip,Unmanip_4,SemiBin_9281,inactive
Unmanip,Unmanip_4,SemiBin_9320,inactive
Unmanip,Unmanip_4,SemiBin_974,active-unknown
Unmanip,Unmanip_4,SemiBin_985,inactive
Unmanip,Unmanip_4,SemiBin_9930,inactive
Unmanip,Unmanip_5,SemiBin_1005,inactive
Unmanip,Unmanip_5,SemiBin_10059,inactive
Unmanip,Unmanip_5,SemiBin_10326,inactive
Unmanip,Unmanip_5,SemiBin_10392,inactive
Unmanip,Unmanip_5,SemiBin_10453,inactive
Unmanip,Unmanip_5,SemiBin_1078,active-unknown
Unmanip,Unmanip_5,SemiBin_108,inactive
Unmanip,Unmanip_5,SemiBin_109,inactive
Unmanip,Unmanip_5,SemiBin_10920,inactive
Unmanip,Unmanip_5,SemiBin_11521,inactive
Unmanip,Unmanip_5,SemiBin_12011,inactive
Unmanip,Unmanip_5,SemiBin_1222,active-unknown
Unmanip,Unmanip_5,SemiBin_12234,inactive
Unmanip,Unmanip_5,SemiBin_1238,inactive
Unmanip,Unmanip_5,SemiBin_1239,inactive
Unmanip,Unmanip_5,SemiBin_1246,inactive
Unmanip,Unmanip_5,SemiBin_1317,inactive
Unmanip,Unmanip_5,SemiBin_1346,inactive
Unmanip,Unmanip_5,SemiBin_1403,inactive
Unmanip,Unmanip_5,SemiBin_14189,inactive
Unmanip,Unmanip_5,SemiBin_1431,inactive
Unmanip,Unmanip_5,SemiBin_1436,active-unknown
Unmanip,Unmanip_5,SemiBin_1478,inactive
Unmanip,Unmanip_5,SemiBin_1479,inactive
Unmanip,Unmanip_5,SemiBin_1480,active-unknown
Unmanip,Unmanip_5,SemiBin_1494,inactive
Unmanip,Unmanip_5,SemiBin_1503,inactive
Unmanip,Unmanip_5,SemiBin_1518,inactive
Unmanip,Unmanip_5,SemiBin_15338,inactive
Unmanip,Unmanip_5,SemiBin_1558,active-unknown
Unmanip,Unmanip_5,SemiBin_1560,inactive
Unmanip,Unmanip_5,SemiBin_1595,inactive
Unmanip,Unmanip_5,SemiBin_1643,inactive
Unmanip,Unmanip_5,SemiBin_1668,inactive
Unmanip,Unmanip_5,SemiBin_1699,inactive
Unmanip,Unmanip_5,SemiBin_1703,inactive
Unmanip,Unmanip_5,SemiBin_1709,inactive
Unmanip,Unmanip_5,SemiBin_1799,inactive
Unmanip,Unmanip_5,SemiBin_1854,inactive
Unmanip,Unmanip_5,SemiBin_1908,inactive
Unmanip,Unmanip_5,SemiBin_1938,inactive
Unmanip,Unmanip_5,SemiBin_1997,active-unknown
Unmanip,Unmanip_5,SemiBin_2003,inactive
Unmanip,Unmanip_5,SemiBin_2006,inactive
Unmanip,Unmanip_5,SemiBin_20296,inactive
Unmanip,Unmanip_5,SemiBin_2031,active-unknown
Unmanip,Unmanip_5,SemiBin_2089,inactive
Unmanip,Unmanip_5,SemiBin_21029,inactive
Unmanip,Unmanip_5,SemiBin_2115,inactive
Unmanip,Unmanip_5,SemiBin_2123,inactive
Unmanip,Unmanip_5,SemiBin_2178,active-unknown
Unmanip,Unmanip_5,SemiBin_2180,active-unknown
Unmanip,Unmanip_5,SemiBin_2254,inactive
Unmanip,Unmanip_5,SemiBin_2265,inactive
Unmanip,Unmanip_5,SemiBin_2289,inactive
Unmanip,Unmanip_5,SemiBin_2297,active-unknown
Unmanip,Unmanip_5,SemiBin_237,inactive
Unmanip,Unmanip_5,SemiBin_240,active-unknown
Unmanip,Unmanip_5,SemiBin_2469,inactive
Unmanip,Unmanip_5,SemiBin_259,inactive
Unmanip,Unmanip_5,SemiBin_2636,inactive
Unmanip,Unmanip_5,SemiBin_2737,inactive
Unmanip,Unmanip_5,SemiBin_2756,active-unknown
Unmanip,Unmanip_5,SemiBin_279,active-unknown
Unmanip,Unmanip_5,SemiBin_2831,inactive
Unmanip,Unmanip_5,SemiBin_2924,active-unknown
Unmanip,Unmanip_5,SemiBin_2941,inactive
Unmanip,Unmanip_5,SemiBin_2970,inactive
Unmanip,Unmanip_5,SemiBin_301,inactive
Unmanip,Unmanip_5,SemiBin_3078,inactive
Unmanip,Unmanip_5,SemiBin_3109,inactive
Unmanip,Unmanip_5,SemiBin_3136,inactive
Unmanip,Unmanip_5,SemiBin_3186,inactive
Unmanip,Unmanip_5,SemiBin_3211,inactive
Unmanip,Unmanip_5,SemiBin_32124,inactive
Unmanip,Unmanip_5,SemiBin_32143,inactive
Unmanip,Unmanip_5,SemiBin_3228,inactive
Unmanip,Unmanip_5,SemiBin_3288,active-unknown
Unmanip,Unmanip_5,SemiBin_336,active-unknown
Unmanip,Unmanip_5,SemiBin_3525,inactive
Unmanip,Unmanip_5,SemiBin_3662,active-unknown
Unmanip,Unmanip_5,SemiBin_3769,inactive
Unmanip,Unmanip_5,SemiBin_3866,active-unknown
Unmanip,Unmanip_5,SemiBin_3971,active-unknown
Unmanip,Unmanip_5,SemiBin_3999,inactive
Unmanip,Unmanip_5,SemiBin_4021,inactive
Unmanip,Unmanip_5,SemiBin_408,inactive
Unmanip,Unmanip_5,SemiBin_4095,active-unknown
Unmanip,Unmanip_5,SemiBin_4097,inactive
Unmanip,Unmanip_5,SemiBin_4319,inactive
Unmanip,Unmanip_5,SemiBin_4559,inactive
Unmanip,Unmanip_5,SemiBin_4716,inactive
Unmanip,Unmanip_5,SemiBin_4748,inactive
Unmanip,Unmanip_5,SemiBin_4842,inactive
Unmanip,Unmanip_5,SemiBin_4884,inactive
Unmanip,Unmanip_5,SemiBin_4964,inactive
Unmanip,Unmanip_5,SemiBin_4995,inactive
Unmanip,Unmanip_5,SemiBin_5100,inactive
Unmanip,Unmanip_5,SemiBin_520,inactive
Unmanip,Unmanip_5,SemiBin_5322,inactive
Unmanip,Unmanip_5,SemiBin_5387,inactive
Unmanip,Unmanip_5,SemiBin_540,inactive
Unmanip,Unmanip_5,SemiBin_548,inactive
Unmanip,Unmanip_5,SemiBin_5911,inactive
Unmanip,Unmanip_5,SemiBin_5993,inactive
Unmanip,Unmanip_5,SemiBin_6044,inactive
Unmanip,Unmanip_5,SemiBin_6168,inactive
Unmanip,Unmanip_5,SemiBin_643,inactive
Unmanip,Unmanip_5,SemiBin_656,inactive
Unmanip,Unmanip_5,SemiBin_6560,inactive
Unmanip,Unmanip_5,SemiBin_6572,inactive
Unmanip,Unmanip_5,SemiBin_6645,inactive
Unmanip,Unmanip_5,SemiBin_6682,inactive
Unmanip,Unmanip_5,SemiBin_672,inactive
Unmanip,Unmanip_5,SemiBin_6772,active-unknown
Unmanip,Unmanip_5,SemiBin_6819,inactive
Unmanip,Unmanip_5,SemiBin_687,active-unknown
Unmanip,Unmanip_5,SemiBin_6939,inactive
Unmanip,Unmanip_5,SemiBin_7118,inactive
Unmanip,Unmanip_5,SemiBin_715,active-unknown
Unmanip,Unmanip_5,SemiBin_7304,inactive
Unmanip,Unmanip_5,SemiBin_754,active-unknown
Unmanip,Unmanip_5,SemiBin_756,inactive
Unmanip,Unmanip_5,SemiBin_761,inactive
Unmanip,Unmanip_5,SemiBin_7928,inactive
Unmanip,Unmanip_5,SemiBin_805,inactive
Unmanip,Unmanip_5,SemiBin_8103,inactive
Unmanip,Unmanip_5,SemiBin_8199,inactive
Unmanip,Unmanip_5,SemiBin_843,inactive
Unmanip,Unmanip_5,SemiBin_8467,inactive
Unmanip,Unmanip_5,SemiBin_8530,inactive
Unmanip,Unmanip_5,SemiBin_882,inactive
Unmanip,Unmanip_5,SemiBin_8872,inactive
Unmanip,Unmanip_5,SemiBin_904,inactive
Unmanip,Unmanip_5,SemiBin_9129,inactive
Unmanip,Unmanip_5,SemiBin_926,inactive
Unmanip,Unmanip_5,SemiBin_9281,inactive
Unmanip,Unmanip_5,SemiBin_9320,inactive
Unmanip,Unmanip_5,SemiBin_974,active-unknown
Unmanip,Unmanip_5,SemiBin_985,inactive
Unmanip,Unmanip_5,SemiBin_9930,inactive
Unmanip,Unmanip_6,SemiBin_1005,inactive
Unmanip,Unmanip_6,SemiBin_10059,inactive
Unmanip,Unmanip_6,SemiBin_10326,inactive
Unmanip,Unmanip_6,SemiBin_10392,inactive
Unmanip,Unmanip_6,SemiBin_10453,inactive
Unmanip,Unmanip_6,SemiBin_1078,active-unknown
Unmanip,Unmanip_6,SemiBin_108,active-unknown
Unmanip,Unmanip_6,SemiBin_109,inactive
Unmanip,Unmanip_6,SemiBin_10920,inactive
Unmanip,Unmanip_6,SemiBin_11521,inactive
Unmanip,Unmanip_6,SemiBin_12011,inactive
Unmanip,Unmanip_6,SemiBin_1222,inactive
Unmanip,Unmanip_6,SemiBin_12234,inactive
Unmanip,Unmanip_6,SemiBin_1238,inactive
Unmanip,Unmanip_6,SemiBin_1239,inactive
Unmanip,Unmanip_6,SemiBin_1246,active-unknown
Unmanip,Unmanip_6,SemiBin_1317,inactive
Unmanip,Unmanip_6,SemiBin_1346,inactive
Unmanip,Unmanip_6,SemiBin_1403,inactive
Unmanip,Unmanip_6,SemiBin_14189,inactive
Unmanip,Unmanip_6,SemiBin_1431,inactive
Unmanip,Unmanip_6,SemiBin_1436,active-unknown
Unmanip,Unmanip_6,SemiBin_1478,inactive
Unmanip,Unmanip_6,SemiBin_1479,inactive
Unmanip,Unmanip_6,SemiBin_1480,inactive
Unmanip,Unmanip_6,SemiBin_1494,inactive
Unmanip,Unmanip_6,SemiBin_1503,inactive
Unmanip,Unmanip_6,SemiBin_1518,active-unknown
Unmanip,Unmanip_6,SemiBin_15338,inactive
Unmanip,Unmanip_6,SemiBin_1558,active-unknown
Unmanip,Unmanip_6,SemiBin_1560,inactive
Unmanip,Unmanip_6,SemiBin_1595,inactive
Unmanip,Unmanip_6,SemiBin_1643,inactive
Unmanip,Unmanip_6,SemiBin_1668,inactive
Unmanip,Unmanip_6,SemiBin_1699,inactive
Unmanip,Unmanip_6,SemiBin_1703,inactive
Unmanip,Unmanip_6,SemiBin_1709,inactive
Unmanip,Unmanip_6,SemiBin_1799,inactive
Unmanip,Unmanip_6,SemiBin_1854,inactive
Unmanip,Unmanip_6,SemiBin_1908,inactive
Unmanip,Unmanip_6,SemiBin_1938,inactive
Unmanip,Unmanip_6,SemiBin_1997,active-unknown
Unmanip,Unmanip_6,SemiBin_2003,active-unknown
Unmanip,Unmanip_6,SemiBin_2006,inactive
Unmanip,Unmanip_6,SemiBin_20296,inactive
Unmanip,Unmanip_6,SemiBin_2031,inactive
Unmanip,Unmanip_6,SemiBin_2089,inactive
Unmanip,Unmanip_6,SemiBin_21029,inactive
Unmanip,Unmanip_6,SemiBin_2115,inactive
Unmanip,Unmanip_6,SemiBin_2123,inactive
Unmanip,Unmanip_6,SemiBin_2178,active-unknown
Unmanip,Unmanip_6,SemiBin_2180,inactive
Unmanip,Unmanip_6,SemiBin_2254,inactive
Unmanip,Unmanip_6,SemiBin_2265,inactive
Unmanip,Unmanip_6,SemiBin_2289,inactive
Unmanip,Unmanip_6,SemiBin_2297,inactive
Unmanip,Unmanip_6,SemiBin_237,inactive
Unmanip,Unmanip_6,SemiBin_240,active-unknown
Unmanip,Unmanip_6,SemiBin_2469,active-unknown
Unmanip,Unmanip_6,SemiBin_259,inactive
Unmanip,Unmanip_6,SemiBin_2636,inactive
Unmanip,Unmanip_6,SemiBin_2737,inactive
Unmanip,Unmanip_6,SemiBin_2756,inactive
Unmanip,Unmanip_6,SemiBin_279,active-unknown
Unmanip,Unmanip_6,SemiBin_2831,active-unknown
Unmanip,Unmanip_6,SemiBin_2924,active-unknown
Unmanip,Unmanip_6,SemiBin_2941,inactive
Unmanip,Unmanip_6,SemiBin_2970,inactive
Unmanip,Unmanip_6,SemiBin_301,inactive
Unmanip,Unmanip_6,SemiBin_3078,inactive
Unmanip,Unmanip_6,SemiBin_3109,inactive
Unmanip,Unmanip_6,SemiBin_3136,inactive
Unmanip,Unmanip_6,SemiBin_3186,inactive
Unmanip,Unmanip_6,SemiBin_3211,inactive
Unmanip,Unmanip_6,SemiBin_32124,inactive
Unmanip,Unmanip_6,SemiBin_32143,inactive
Unmanip,Unmanip_6,SemiBin_3228,inactive
Unmanip,Unmanip_6,SemiBin_3288,inactive
Unmanip,Unmanip_6,SemiBin_336,active-unknown
Unmanip,Unmanip_6,SemiBin_3525,inactive
Unmanip,Unmanip_6,SemiBin_3662,active-unknown
Unmanip,Unmanip_6,SemiBin_3769,inactive
Unmanip,Unmanip_6,SemiBin_3866,active-unknown
Unmanip,Unmanip_6,SemiBin_3971,inactive
Unmanip,Unmanip_6,SemiBin_3999,inactive
Unmanip,Unmanip_6,SemiBin_4021,inactive
Unmanip,Unmanip_6,SemiBin_408,inactive
Unmanip,Unmanip_6,SemiBin_4095,active-unknown
Unmanip,Unmanip_6,SemiBin_4097,inactive
Unmanip,Unmanip_6,SemiBin_4319,inactive
Unmanip,Unmanip_6,SemiBin_4559,inactive
Unmanip,Unmanip_6,SemiBin_4716,inactive
Unmanip,Unmanip_6,SemiBin_4748,inactive
Unmanip,Unmanip_6,SemiBin_4842,inactive
Unmanip,Unmanip_6,SemiBin_4884,inactive
Unmanip,Unmanip_6,SemiBin_4964,active-unknown
Unmanip,Unmanip_6,SemiBin_4995,inactive
Unmanip,Unmanip_6,SemiBin_5100,inactive
Unmanip,Unmanip_6,SemiBin_520,inactive
Unmanip,Unmanip_6,SemiBin_5322,inactive
Unmanip,Unmanip_6,SemiBin_5387,inactive
Unmanip,Unmanip_6,SemiBin_540,inactive
Unmanip,Unmanip_6,SemiBin_548,active-unknown
Unmanip,Unmanip_6,SemiBin_5911,inactive
Unmanip,Unmanip_6,SemiBin_5993,inactive
Unmanip,Unmanip_6,SemiBin_6044,active-unknown
Unmanip,Unmanip_6,SemiBin_6168,inactive
Unmanip,Unmanip_6,SemiBin_643,inactive
Unmanip,Unmanip_6,SemiBin_656,active-unknown
Unmanip,Unmanip_6,SemiBin_6560,inactive
Unmanip,Unmanip_6,SemiBin_6572,inactive
Unmanip,Unmanip_6,SemiBin_6645,inactive
Unmanip,Unmanip_6,SemiBin_6682,inactive
Unmanip,Unmanip_6,SemiBin_672,inactive
Unmanip,Unmanip_6,SemiBin_6772,active-unknown
Unmanip,Unmanip_6,SemiBin_6819,inactive
Unmanip,Unmanip_6,SemiBin_687,active-unknown
Unmanip,Unmanip_6,SemiBin_6939,inactive
Unmanip,Unmanip_6,SemiBin_7118,inactive
Unmanip,Unmanip_6,SemiBin_715,active-unknown
Unmanip,Unmanip_6,SemiBin_7304,inactive
Unmanip,Unmanip_6,SemiBin_754,active-unknown
Unmanip,Unmanip_6,SemiBin_756,inactive
Unmanip,Unmanip_6,SemiBin_761,inactive
Unmanip,Unmanip_6,SemiBin_7928,inactive
Unmanip,Unmanip_6,SemiBin_805,inactive
Unmanip,Unmanip_6,SemiBin_8103,inactive
Unmanip,Unmanip_6,SemiBin_8199,inactive
Unmanip,Unmanip_6,SemiBin_843,inactive
Unmanip,Unmanip_6,SemiBin_8467,inactive
Unmanip,Unmanip_6,SemiBin_8530,active-unknown
Unmanip,Unmanip_6,SemiBin_882,active-unknown
Unmanip,Unmanip_6,SemiBin_8872,inactive
Unmanip,Unmanip_6,SemiBin_904,inactive
Unmanip,Unmanip_6,SemiBin_9129,active-unknown
Unmanip,Unmanip_6,SemiBin_926,inactive
Unmanip,Unmanip_6,SemiBin_9281,inactive
Unmanip,Unmanip_6,SemiBin_9320,inactive
Unmanip,Unmanip_6,SemiBin_974,active-unknown
Unmanip,Unmanip_6,SemiBin_985,inactive
Unmanip,Unmanip_6,SemiBin_9930,inactive
Unmanip,Unmanip_7,SemiBin_1005,inactive
Unmanip,Unmanip_7,SemiBin_10059,inactive
Unmanip,Unmanip_7,SemiBin_10326,inactive
Unmanip,Unmanip_7,SemiBin_10392,inactive
Unmanip,Unmanip_7,SemiBin_10453,inactive
Unmanip,Unmanip_7,SemiBin_1078,active-unknown
Unmanip,Unmanip_7,SemiBin_108,active-unknown
Unmanip,Unmanip_7,SemiBin_109,inactive
Unmanip,Unmanip_7,SemiBin_10920,inactive
Unmanip,Unmanip_7,SemiBin_11521,inactive
Unmanip,Unmanip_7,SemiBin_12011,inactive
Unmanip,Unmanip_7,SemiBin_1222,active-unknown
Unmanip,Unmanip_7,SemiBin_12234,inactive
Unmanip,Unmanip_7,SemiBin_1238,inactive
Unmanip,Unmanip_7,SemiBin_1239,inactive
Unmanip,Unmanip_7,SemiBin_1246,inactive
Unmanip,Unmanip_7,SemiBin_1317,inactive
Unmanip,Unmanip_7,SemiBin_1346,inactive
Unmanip,Unmanip_7,SemiBin_1403,inactive
Unmanip,Unmanip_7,SemiBin_14189,inactive
Unmanip,Unmanip_7,SemiBin_1431,inactive
Unmanip,Unmanip_7,SemiBin_1436,inactive
Unmanip,Unmanip_7,SemiBin_1478,inactive
Unmanip,Unmanip_7,SemiBin_1479,inactive
Unmanip,Unmanip_7,SemiBin_1480,inactive
Unmanip,Unmanip_7,SemiBin_1494,inactive
Unmanip,Unmanip_7,SemiBin_1503,inactive
Unmanip,Unmanip_7,SemiBin_1518,active-unknown
Unmanip,Unmanip_7,SemiBin_15338,inactive
Unmanip,Unmanip_7,SemiBin_1558,active-unknown
Unmanip,Unmanip_7,SemiBin_1560,inactive
Unmanip,Unmanip_7,SemiBin_1595,inactive
Unmanip,Unmanip_7,SemiBin_1643,inactive
Unmanip,Unmanip_7,SemiBin_1668,inactive
Unmanip,Unmanip_7,SemiBin_1699,inactive
Unmanip,Unmanip_7,SemiBin_1703,inactive
Unmanip,Unmanip_7,SemiBin_1709,inactive
Unmanip,Unmanip_7,SemiBin_1799,inactive
Unmanip,Unmanip_7,SemiBin_1854,inactive
Unmanip,Unmanip_7,SemiBin_1908,inactive
Unmanip,Unmanip_7,SemiBin_1938,active-unknown
Unmanip,Unmanip_7,SemiBin_1997,active-unknown
Unmanip,Unmanip_7,SemiBin_2003,inactive
Unmanip,Unmanip_7,SemiBin_2006,inactive
Unmanip,Unmanip_7,SemiBin_20296,inactive
Unmanip,Unmanip_7,SemiBin_2031,inactive
Unmanip,Unmanip_7,SemiBin_2089,active-unknown
Unmanip,Unmanip_7,SemiBin_21029,inactive
Unmanip,Unmanip_7,SemiBin_2115,inactive
Unmanip,Unmanip_7,SemiBin_2123,inactive
Unmanip,Unmanip_7,SemiBin_2178,active-unknown
Unmanip,Unmanip_7,SemiBin_2180,active-unknown
Unmanip,Unmanip_7,SemiBin_2254,inactive
Unmanip,Unmanip_7,SemiBin_2265,inactive
Unmanip,Unmanip_7,SemiBin_2289,inactive
Unmanip,Unmanip_7,SemiBin_2297,inactive
Unmanip,Unmanip_7,SemiBin_237,inactive
Unmanip,Unmanip_7,SemiBin_240,active-unknown
Unmanip,Unmanip_7,SemiBin_2469,inactive
Unmanip,Unmanip_7,SemiBin_259,inactive
Unmanip,Unmanip_7,SemiBin_2636,active-unknown
Unmanip,Unmanip_7,SemiBin_2737,inactive
Unmanip,Unmanip_7,SemiBin_2756,lytic-active
Unmanip,Unmanip_7,SemiBin_279,active-unknown
Unmanip,Unmanip_7,SemiBin_2831,active-unknown
Unmanip,Unmanip_7,SemiBin_2924,active-unknown
Unmanip,Unmanip_7,SemiBin_2941,inactive
Unmanip,Unmanip_7,SemiBin_2970,active-unknown
Unmanip,Unmanip_7,SemiBin_301,active-unknown
Unmanip,Unmanip_7,SemiBin_3078,inactive
Unmanip,Unmanip_7,SemiBin_3109,inactive
Unmanip,Unmanip_7,SemiBin_3136,inactive
Unmanip,Unmanip_7,SemiBin_3186,inactive
Unmanip,Unmanip_7,SemiBin_3211,inactive
Unmanip,Unmanip_7,SemiBin_32124,inactive
Unmanip,Unmanip_7,SemiBin_32143,inactive
Unmanip,Unmanip_7,SemiBin_3228,inactive
Unmanip,Unmanip_7,SemiBin_3288,inactive
Unmanip,Unmanip_7,SemiBin_336,active-unknown
Unmanip,Unmanip_7,SemiBin_3525,inactive
Unmanip,Unmanip_7,SemiBin_3662,active-unknown
Unmanip,Unmanip_7,SemiBin_3769,inactive
Unmanip,Unmanip_7,SemiBin_3866,active-unknown
Unmanip,Unmanip_7,SemiBin_3971,inactive
Unmanip,Unmanip_7,SemiBin_3999,inactive
Unmanip,Unmanip_7,SemiBin_4021,inactive
Unmanip,Unmanip_7,SemiBin_408,inactive
Unmanip,Unmanip_7,SemiBin_4095,inactive
Unmanip,Unmanip_7,SemiBin_4097,inactive
Unmanip,Unmanip_7,SemiBin_4319,inactive
Unmanip,Unmanip_7,SemiBin_4559,inactive
Unmanip,Unmanip_7,SemiBin_4716,inactive
Unmanip,Unmanip_7,SemiBin_4748,inactive
Unmanip,Unmanip_7,SemiBin_4842,inactive
Unmanip,Unmanip_7,SemiBin_4884,inactive
Unmanip,Unmanip_7,SemiBin_4964,inactive
Unmanip,Unmanip_7,SemiBin_4995,inactive
Unmanip,Unmanip_7,SemiBin_5100,inactive
Unmanip,Unmanip_7,SemiBin_520,active-unknown
Unmanip,Unmanip_7,SemiBin_5322,inactive
Unmanip,Unmanip_7,SemiBin_5387,inactive
Unmanip,Unmanip_7,SemiBin_540,inactive
Unmanip,Unmanip_7,SemiBin_548,active-unknown
Unmanip,Unmanip_7,SemiBin_5911,inactive
Unmanip,Unmanip_7,SemiBin_5993,inactive
Unmanip,Unmanip_7,SemiBin_6044,inactive
Unmanip,Unmanip_7,SemiBin_6168,active-unknown
Unmanip,Unmanip_7,SemiBin_643,inactive
Unmanip,Unmanip_7,SemiBin_656,inactive
Unmanip,Unmanip_7,SemiBin_6560,active-unknown
Unmanip,Unmanip_7,SemiBin_6572,inactive
Unmanip,Unmanip_7,SemiBin_6645,inactive
Unmanip,Unmanip_7,SemiBin_6682,inactive
Unmanip,Unmanip_7,SemiBin_672,inactive
Unmanip,Unmanip_7,SemiBin_6772,active-unknown
Unmanip,Unmanip_7,SemiBin_6819,inactive
Unmanip,Unmanip_7,SemiBin_687,active-unknown
Unmanip,Unmanip_7,SemiBin_6939,inactive
Unmanip,Unmanip_7,SemiBin_7118,active-unknown
Unmanip,Unmanip_7,SemiBin_715,active-unknown
Unmanip,Unmanip_7,SemiBin_7304,inactive
Unmanip,Unmanip_7,SemiBin_754,active-unknown
Unmanip,Unmanip_7,SemiBin_756,inactive
Unmanip,Unmanip_7,SemiBin_761,active-unknown
Unmanip,Unmanip_7,SemiBin_7928,inactive
Unmanip,Unmanip_7,SemiBin_805,inactive
Unmanip,Unmanip_7,SemiBin_8103,inactive
Unmanip,Unmanip_7,SemiBin_8199,inactive
Unmanip,Unmanip_7,SemiBin_843,inactive
Unmanip,Unmanip_7,SemiBin_8467,active-unknown
Unmanip,Unmanip_7,SemiBin_8530,inactive
Unmanip,Unmanip_7,SemiBin_882,inactive
Unmanip,Unmanip_7,SemiBin_8872,inactive
Unmanip,Unmanip_7,SemiBin_904,inactive
Unmanip,Unmanip_7,SemiBin_9129,active-unknown
Unmanip,Unmanip_7,SemiBin_926,inactive
Unmanip,Unmanip_7,SemiBin_9281,inactive
Unmanip,Unmanip_7,SemiBin_9320,inactive
Unmanip,Unmanip_7,SemiBin_974,active-unknown
Unmanip,Unmanip_7,SemiBin_985,inactive
Unmanip,Unmanip_7,SemiBin_9930,active-unknown
Unmanip,Unmanip_8,SemiBin_1005,inactive
Unmanip,Unmanip_8,SemiBin_10059,inactive
Unmanip,Unmanip_8,SemiBin_10326,inactive
Unmanip,Unmanip_8,SemiBin_10392,inactive
Unmanip,Unmanip_8,SemiBin_10453,inactive
Unmanip,Unmanip_8,SemiBin_1078,active-unknown
Unmanip,Unmanip_8,SemiBin_108,inactive
Unmanip,Unmanip_8,SemiBin_109,inactive
Unmanip,Unmanip_8,SemiBin_10920,inactive
Unmanip,Unmanip_8,SemiBin_11521,inactive
Unmanip,Unmanip_8,SemiBin_12011,inactive
Unmanip,Unmanip_8,SemiBin_1222,inactive
Unmanip,Unmanip_8,SemiBin_12234,inactive
Unmanip,Unmanip_8,SemiBin_1238,inactive
Unmanip,Unmanip_8,SemiBin_1239,inactive
Unmanip,Unmanip_8,SemiBin_1246,inactive
Unmanip,Unmanip_8,SemiBin_1317,inactive
Unmanip,Unmanip_8,SemiBin_1346,inactive
Unmanip,Unmanip_8,SemiBin_1403,inactive
Unmanip,Unmanip_8,SemiBin_14189,inactive
Unmanip,Unmanip_8,SemiBin_1431,inactive
Unmanip,Unmanip_8,SemiBin_1436,inactive
Unmanip,Unmanip_8,SemiBin_1478,inactive
Unmanip,Unmanip_8,SemiBin_1479,inactive
Unmanip,Unmanip_8,SemiBin_1480,inactive
Unmanip,Unmanip_8,SemiBin_1494,active-unknown
Unmanip,Unmanip_8,SemiBin_1503,inactive
Unmanip,Unmanip_8,SemiBin_1518,inactive
Unmanip,Unmanip_8,SemiBin_15338,inactive
Unmanip,Unmanip_8,SemiBin_1558,active-unknown
Unmanip,Unmanip_8,SemiBin_1560,active-unknown
Unmanip,Unmanip_8,SemiBin_1595,inactive
Unmanip,Unmanip_8,SemiBin_1643,inactive
Unmanip,Unmanip_8,SemiBin_1668,inactive
Unmanip,Unmanip_8,SemiBin_1699,inactive
Unmanip,Unmanip_8,SemiBin_1703,inactive
Unmanip,Unmanip_8,SemiBin_1709,inactive
Unmanip,Unmanip_8,SemiBin_1799,inactive
Unmanip,Unmanip_8,SemiBin_1854,inactive
Unmanip,Unmanip_8,SemiBin_1908,inactive
Unmanip,Unmanip_8,SemiBin_1938,inactive
Unmanip,Unmanip_8,SemiBin_1997,active-unknown
Unmanip,Unmanip_8,SemiBin_2003,inactive
Unmanip,Unmanip_8,SemiBin_2006,inactive
Unmanip,Unmanip_8,SemiBin_20296,inactive
Unmanip,Unmanip_8,SemiBin_2031,inactive
Unmanip,Unmanip_8,SemiBin_2089,inactive
Unmanip,Unmanip_8,SemiBin_21029,inactive
Unmanip,Unmanip_8,SemiBin_2115,inactive
Unmanip,Unmanip_8,SemiBin_2123,inactive
Unmanip,Unmanip_8,SemiBin_2178,active-unknown
Unmanip,Unmanip_8,SemiBin_2180,inactive
Unmanip,Unmanip_8,SemiBin_2254,inactive
Unmanip,Unmanip_8,SemiBin_2265,inactive
Unmanip,Unmanip_8,SemiBin_2289,inactive
Unmanip,Unmanip_8,SemiBin_2297,inactive
Unmanip,Unmanip_8,SemiBin_237,inactive
Unmanip,Unmanip_8,SemiBin_240,active-unknown
Unmanip,Unmanip_8,SemiBin_2469,inactive
Unmanip,Unmanip_8,SemiBin_259,inactive
Unmanip,Unmanip_8,SemiBin_2636,inactive
Unmanip,Unmanip_8,SemiBin_2737,inactive
Unmanip,Unmanip_8,SemiBin_2756,inactive
Unmanip,Unmanip_8,SemiBin_279,inactive
Unmanip,Unmanip_8,SemiBin_2831,inactive
Unmanip,Unmanip_8,SemiBin_2924,active-unknown
Unmanip,Unmanip_8,SemiBin_2941,inactive
Unmanip,Unmanip_8,SemiBin_2970,inactive
Unmanip,Unmanip_8,SemiBin_301,inactive
Unmanip,Unmanip_8,SemiBin_3078,inactive
Unmanip,Unmanip_8,SemiBin_3109,inactive
Unmanip,Unmanip_8,SemiBin_3136,inactive
Unmanip,Unmanip_8,SemiBin_3186,inactive
Unmanip,Unmanip_8,SemiBin_3211,inactive
Unmanip,Unmanip_8,SemiBin_32124,inactive
Unmanip,Unmanip_8,SemiBin_32143,inactive
Unmanip,Unmanip_8,SemiBin_3228,inactive
Unmanip,Unmanip_8,SemiBin_3288,inactive
Unmanip,Unmanip_8,SemiBin_336,active-unknown
Unmanip,Unmanip_8,SemiBin_3525,inactive
Unmanip,Unmanip_8,SemiBin_3662,active-unknown
Unmanip,Unmanip_8,SemiBin_3769,inactive
Unmanip,Unmanip_8,SemiBin_3866,active-unknown
Unmanip,Unmanip_8,SemiBin_3971,inactive
Unmanip,Unmanip_8,SemiBin_3999,inactive
Unmanip,Unmanip_8,SemiBin_4021,active-unknown
Unmanip,Unmanip_8,SemiBin_408,inactive
Unmanip,Unmanip_8,SemiBin_4095,active-unknown
Unmanip,Unmanip_8,SemiBin_4097,inactive
Unmanip,Unmanip_8,SemiBin_4319,inactive
Unmanip,Unmanip_8,SemiBin_4559,active-unknown
Unmanip,Unmanip_8,SemiBin_4716,inactive
Unmanip,Unmanip_8,SemiBin_4748,active-unknown
Unmanip,Unmanip_8,SemiBin_4842,inactive
Unmanip,Unmanip_8,SemiBin_4884,inactive
Unmanip,Unmanip_8,SemiBin_4964,inactive
Unmanip,Unmanip_8,SemiBin_4995,inactive
Unmanip,Unmanip_8,SemiBin_5100,inactive
Unmanip,Unmanip_8,SemiBin_520,inactive
Unmanip,Unmanip_8,SemiBin_5322,inactive
Unmanip,Unmanip_8,SemiBin_5387,inactive
Unmanip,Unmanip_8,SemiBin_540,active-unknown
Unmanip,Unmanip_8,SemiBin_548,active-unknown
Unmanip,Unmanip_8,SemiBin_5911,inactive
Unmanip,Unmanip_8,SemiBin_5993,inactive
Unmanip,Unmanip_8,SemiBin_6044,active-unknown
Unmanip,Unmanip_8,SemiBin_6168,inactive
Unmanip,Unmanip_8,SemiBin_643,inactive
Unmanip,Unmanip_8,SemiBin_656,inactive
Unmanip,Unmanip_8,SemiBin_6560,inactive
Unmanip,Unmanip_8,SemiBin_6572,inactive
Unmanip,Unmanip_8,SemiBin_6645,inactive
Unmanip,Unmanip_8,SemiBin_6682,inactive
Unmanip,Unmanip_8,SemiBin_672,inactive
Unmanip,Unmanip_8,SemiBin_6772,active-unknown
Unmanip,Unmanip_8,SemiBin_6819,inactive
Unmanip,Unmanip_8,SemiBin_687,active-unknown
Unmanip,Unmanip_8,SemiBin_6939,inactive
Unmanip,Unmanip_8,SemiBin_7118,active-unknown
Unmanip,Unmanip_8,SemiBin_715,active-unknown
Unmanip,Unmanip_8,SemiBin_7304,inactive
Unmanip,Unmanip_8,SemiBin_754,active-unknown
Unmanip,Unmanip_8,SemiBin_756,inactive
Unmanip,Unmanip_8,SemiBin_761,inactive
Unmanip,Unmanip_8,SemiBin_7928,inactive
Unmanip,Unmanip_8,SemiBin_805,inactive
Unmanip,Unmanip_8,SemiBin_8103,inactive
Unmanip,Unmanip_8,SemiBin_8199,inactive
Unmanip,Unmanip_8,SemiBin_843,inactive
Unmanip,Unmanip_8,SemiBin_8467,inactive
Unmanip,Unmanip_8,SemiBin_8530,inactive
Unmanip,Unmanip_8,SemiBin_882,active-unknown
Unmanip,Unmanip_8,SemiBin_8872,inactive
Unmanip,Unmanip_8,SemiBin_904,inactive
Unmanip,Unmanip_8,SemiBin_9129,lytic-active
Unmanip,Unmanip_8,SemiBin_926,inactive
Unmanip,Unmanip_8,SemiBin_9281,inactive
Unmanip,Unmanip_8,SemiBin_9320,inactive
Unmanip,Unmanip_8,SemiBin_974,active-unknown
Unmanip,Unmanip_8,SemiBin_985,inactive
Unmanip,Unmanip_8,SemiBin_9930,inactive
HMM,HMM_1,SemiBin_1005,inactive
HMM,HMM_1,SemiBin_10059,inactive
HMM,HMM_1,SemiBin_10326,inactive
HMM,HMM_1,SemiBin_10392,inactive
HMM,HMM_1,SemiBin_10453,inactive
HMM,HMM_1,SemiBin_1078,active-unknown
HMM,HMM_1,SemiBin_108,inactive
HMM,HMM_1,SemiBin_109,active-unknown
HMM,HMM_1,SemiBin_10920,inactive
HMM,HMM_1,SemiBin_11521,inactive
HMM,HMM_1,SemiBin_12011,inactive
HMM,HMM_1,SemiBin_1222,inactive
HMM,HMM_1,SemiBin_12234,inactive
HMM,HMM_1,SemiBin_1238,inactive
HMM,HMM_1,SemiBin_1239,active-unknown
HMM,HMM_1,SemiBin_1246,inactive
HMM,HMM_1,SemiBin_1317,inactive
HMM,HMM_1,SemiBin_1346,inactive
HMM,HMM_1,SemiBin_1403,inactive
HMM,HMM_1,SemiBin_14189,inactive
HMM,HMM_1,SemiBin_1431,inactive
HMM,HMM_1,SemiBin_1436,active-unknown
HMM,HMM_1,SemiBin_1478,inactive
HMM,HMM_1,SemiBin_1479,inactive
HMM,HMM_1,SemiBin_1480,active-unknown
HMM,HMM_1,SemiBin_1494,inactive
HMM,HMM_1,SemiBin_1503,inactive
HMM,HMM_1,SemiBin_1518,inactive
HMM,HMM_1,SemiBin_15338,inactive
HMM,HMM_1,SemiBin_1558,active-unknown
HMM,HMM_1,SemiBin_1560,inactive
HMM,HMM_1,SemiBin_1595,inactive
HMM,HMM_1,SemiBin_1643,inactive
HMM,HMM_1,SemiBin_1668,inactive
HMM,HMM_1,SemiBin_1699,inactive
HMM,HMM_1,SemiBin_1703,inactive
HMM,HMM_1,SemiBin_1709,inactive
HMM,HMM_1,SemiBin_1799,inactive
HMM,HMM_1,SemiBin_1854,inactive
HMM,HMM_1,SemiBin_1908,active-unknown
HMM,HMM_1,SemiBin_1938,active-unknown
HMM,HMM_1,SemiBin_1997,active-unknown
HMM,HMM_1,SemiBin_2003,inactive
HMM,HMM_1,SemiBin_2006,inactive
HMM,HMM_1,SemiBin_20296,inactive
HMM,HMM_1,SemiBin_2031,inactive
HMM,HMM_1,SemiBin_2089,active-unknown
HMM,HMM_1,SemiBin_21029,inactive
HMM,HMM_1,SemiBin_2115,inactive
HMM,HMM_1,SemiBin_2123,inactive
HMM,HMM_1,SemiBin_2178,active-unknown
HMM,HMM_1,SemiBin_2180,active-unknown
HMM,HMM_1,SemiBin_2254,inactive
HMM,HMM_1,SemiBin_2265,inactive
HMM,HMM_1,SemiBin_2289,active-unknown
HMM,HMM_1,SemiBin_2297,active-unknown
HMM,HMM_1,SemiBin_237,inactive
HMM,HMM_1,SemiBin_240,active-unknown
HMM,HMM_1,SemiBin_2469,inactive
HMM,HMM_1,SemiBin_259,active-unknown
HMM,HMM_1,SemiBin_2636,inactive
HMM,HMM_1,SemiBin_2737,inactive
HMM,HMM_1,SemiBin_2756,lytic-active
HMM,HMM_1,SemiBin_279,active-unknown
HMM,HMM_1,SemiBin_2831,inactive
HMM,HMM_1,SemiBin_2924,active-unknown
HMM,HMM_1,SemiBin_2941,inactive
HMM,HMM_1,SemiBin_2970,inactive
HMM,HMM_1,SemiBin_301,inactive
HMM,HMM_1,SemiBin_3078,inactive
HMM,HMM_1,SemiBin_3109,inactive
HMM,HMM_1,SemiBin_3136,inactive
HMM,HMM_1,SemiBin_3186,inactive
HMM,HMM_1,SemiBin_3211,inactive
HMM,HMM_1,SemiBin_32124,inactive
HMM,HMM_1,SemiBin_32143,inactive
HMM,HMM_1,SemiBin_3228,inactive
HMM,HMM_1,SemiBin_3288,active-unknown
HMM,HMM_1,SemiBin_336,active-unknown
HMM,HMM_1,SemiBin_3525,inactive
HMM,HMM_1,SemiBin_3662,active-unknown
HMM,HMM_1,SemiBin_3769,inactive
HMM,HMM_1,SemiBin_3866,active-unknown
HMM,HMM_1,SemiBin_3971,inactive
HMM,HMM_1,SemiBin_3999,inactive
HMM,HMM_1,SemiBin_4021,active-unknown
HMM,HMM_1,SemiBin_408,inactive
HMM,HMM_1,SemiBin_4095,inactive
HMM,HMM_1,SemiBin_4097,inactive
HMM,HMM_1,SemiBin_4319,active-unknown
HMM,HMM_1,SemiBin_4559,inactive
HMM,HMM_1,SemiBin_4716,inactive
HMM,HMM_1,SemiBin_4748,active-unknown
HMM,HMM_1,SemiBin_4842,inactive
HMM,HMM_1,SemiBin_4884,inactive
HMM,HMM_1,SemiBin_4964,active-unknown
HMM,HMM_1,SemiBin_4995,active-unknown
HMM,HMM_1,SemiBin_5100,inactive
HMM,HMM_1,SemiBin_520,active-unknown
HMM,HMM_1,SemiBin_5322,active-unknown
HMM,HMM_1,SemiBin_5387,inactive
HMM,HMM_1,SemiBin_540,active-unknown
HMM,HMM_1,SemiBin_548,active-unknown
HMM,HMM_1,SemiBin_5911,active-unknown
HMM,HMM_1,SemiBin_5993,active-unknown
HMM,HMM_1,SemiBin_6044,inactive
HMM,HMM_1,SemiBin_6168,inactive
HMM,HMM_1,SemiBin_643,inactive
HMM,HMM_1,SemiBin_656,inactive
HMM,HMM_1,SemiBin_6560,lytic-active
HMM,HMM_1,SemiBin_6572,inactive
HMM,HMM_1,SemiBin_6645,inactive
HMM,HMM_1,SemiBin_6682,active-unknown
HMM,HMM_1,SemiBin_672,inactive
HMM,HMM_1,SemiBin_6772,active-unknown
HMM,HMM_1,SemiBin_6819,inactive
HMM,HMM_1,SemiBin_687,active-unknown
HMM,HMM_1,SemiBin_6939,inactive
HMM,HMM_1,SemiBin_7118,inactive
HMM,HMM_1,SemiBin_715,active-unknown
HMM,HMM_1,SemiBin_7304,inactive
HMM,HMM_1,SemiBin_754,active-unknown
HMM,HMM_1,SemiBin_756,active-unknown
HMM,HMM_1,SemiBin_761,active-unknown
HMM,HMM_1,SemiBin_7928,inactive
HMM,HMM_1,SemiBin_805,inactive
HMM,HMM_1,SemiBin_8103,inactive
HMM,HMM_1,SemiBin_8199,inactive
HMM,HMM_1,SemiBin_843,active-unknown
HMM,HMM_1,SemiBin_8467,inactive
HMM,HMM_1,SemiBin_8530,inactive
HMM,HMM_1,SemiBin_882,inactive
HMM,HMM_1,SemiBin_8872,inactive
HMM,HMM_1,SemiBin_904,inactive
HMM,HMM_1,SemiBin_9129,inactive
HMM,HMM_1,SemiBin_926,inactive
HMM,HMM_1,SemiBin_9281,inactive
HMM,HMM_1,SemiBin_9320,inactive
HMM,HMM_1,SemiBin_974,active-unknown
HMM,HMM_1,SemiBin_985,inactive
HMM,HMM_1,SemiBin_9930,inactive
HMM,HMM_2,SemiBin_1005,inactive
HMM,HMM_2,SemiBin_10059,inactive
HMM,HMM_2,SemiBin_10326,inactive
HMM,HMM_2,SemiBin_10392,inactive
HMM,HMM_2,SemiBin_10453,inactive
HMM,HMM_2,SemiBin_1078,active-unknown
HMM,HMM_2,SemiBin_108,active-unknown
HMM,HMM_2,SemiBin_109,active-unknown
HMM,HMM_2,SemiBin_10920,inactive
HMM,HMM_2,SemiBin_11521,inactive
HMM,HMM_2,SemiBin_12011,inactive
HMM,HMM_2,SemiBin_1222,inactive
HMM,HMM_2,SemiBin_12234,inactive
HMM,HMM_2,SemiBin_1238,inactive
HMM,HMM_2,SemiBin_1239,inactive
HMM,HMM_2,SemiBin_1246,inactive
HMM,HMM_2,SemiBin_1317,inactive
HMM,HMM_2,SemiBin_1346,inactive
HMM,HMM_2,SemiBin_1403,inactive
HMM,HMM_2,SemiBin_14189,inactive
HMM,HMM_2,SemiBin_1431,inactive
HMM,HMM_2,SemiBin_1436,inactive
HMM,HMM_2,SemiBin_1478,inactive
HMM,HMM_2,SemiBin_1479,active-unknown
HMM,HMM_2,SemiBin_1480,inactive
HMM,HMM_2,SemiBin_1494,inactive
HMM,HMM_2,SemiBin_1503,inactive
HMM,HMM_2,SemiBin_1518,inactive
HMM,HMM_2,SemiBin_15338,inactive
HMM,HMM_2,SemiBin_1558,active-unknown
HMM,HMM_2,SemiBin_1560,inactive
HMM,HMM_2,SemiBin_1595,inactive
HMM,HMM_2,SemiBin_1643,inactive
HMM,HMM_2,SemiBin_1668,inactive
HMM,HMM_2,SemiBin_1699,inactive
HMM,HMM_2,SemiBin_1703,active-unknown
HMM,HMM_2,SemiBin_1709,active-unknown
HMM,HMM_2,SemiBin_1799,inactive
HMM,HMM_2,SemiBin_1854,inactive
HMM,HMM_2,SemiBin_1908,inactive
HMM,HMM_2,SemiBin_1938,active-unknown
HMM,HMM_2,SemiBin_1997,active-unknown
HMM,HMM_2,SemiBin_2003,inactive
HMM,HMM_2,SemiBin_2006,inactive
HMM,HMM_2,SemiBin_20296,inactive
HMM,HMM_2,SemiBin_2031,inactive
HMM,HMM_2,SemiBin_2089,active-unknown
HMM,HMM_2,SemiBin_21029,inactive
HMM,HMM_2,SemiBin_2115,inactive
HMM,HMM_2,SemiBin_2123,inactive
HMM,HMM_2,SemiBin_2178,active-unknown
HMM,HMM_2,SemiBin_2180,inactive
HMM,HMM_2,SemiBin_2254,inactive
HMM,HMM_2,SemiBin_2265,inactive
HMM,HMM_2,SemiBin_2289,inactive
HMM,HMM_2,SemiBin_2297,inactive
HMM,HMM_2,SemiBin_237,inactive
HMM,HMM_2,SemiBin_240,active-unknown
HMM,HMM_2,SemiBin_2469,inactive
HMM,HMM_2,SemiBin_259,inactive
HMM,HMM_2,SemiBin_2636,inactive
HMM,HMM_2,SemiBin_2737,inactive
HMM,HMM_2,SemiBin_2756,active-unknown
HMM,HMM_2,SemiBin_279,active-unknown
HMM,HMM_2,SemiBin_2831,inactive
HMM,HMM_2,SemiBin_2924,active-unknown
HMM,HMM_2,SemiBin_2941,inactive
HMM,HMM_2,SemiBin_2970,active-unknown
HMM,HMM_2,SemiBin_301,inactive
HMM,HMM_2,SemiBin_3078,inactive
HMM,HMM_2,SemiBin_3109,inactive
HMM,HMM_2,SemiBin_3136,inactive
HMM,HMM_2,SemiBin_3186,inactive
HMM,HMM_2,SemiBin_3211,inactive
HMM,HMM_2,SemiBin_32124,inactive
HMM,HMM_2,SemiBin_32143,inactive
HMM,HMM_2,SemiBin_3228,inactive
HMM,HMM_2,SemiBin_3288,inactive
HMM,HMM_2,SemiBin_336,active-unknown
HMM,HMM_2,SemiBin_3525,inactive
HMM,HMM_2,SemiBin_3662,active-unknown
HMM,HMM_2,SemiBin_3769,inactive
HMM,HMM_2,SemiBin_3866,active-unknown
HMM,HMM_2,SemiBin_3971,inactive
HMM,HMM_2,SemiBin_3999,inactive
HMM,HMM_2,SemiBin_4021,active-unknown
HMM,HMM_2,SemiBin_408,inactive
HMM,HMM_2,SemiBin_4095,inactive
HMM,HMM_2,SemiBin_4097,inactive
HMM,HMM_2,SemiBin_4319,inactive
HMM,HMM_2,SemiBin_4559,inactive
HMM,HMM_2,SemiBin_4716,inactive
HMM,HMM_2,SemiBin_4748,inactive
HMM,HMM_2,SemiBin_4842,inactive
HMM,HMM_2,SemiBin_4884,inactive
HMM,HMM_2,SemiBin_4964,inactive
HMM,HMM_2,SemiBin_4995,active-unknown
HMM,HMM_2,SemiBin_5100,inactive
HMM,HMM_2,SemiBin_520,inactive
HMM,HMM_2,SemiBin_5322,inactive
HMM,HMM_2,SemiBin_5387,inactive
HMM,HMM_2,SemiBin_540,inactive
HMM,HMM_2,SemiBin_548,inactive
HMM,HMM_2,SemiBin_5911,inactive
HMM,HMM_2,SemiBin_5993,inactive
HMM,HMM_2,SemiBin_6044,inactive
HMM,HMM_2,SemiBin_6168,inactive
HMM,HMM_2,SemiBin_643,inactive
HMM,HMM_2,SemiBin_656,inactive
HMM,HMM_2,SemiBin_6560,inactive
HMM,HMM_2,SemiBin_6572,inactive
HMM,HMM_2,SemiBin_6645,inactive
HMM,HMM_2,SemiBin_6682,inactive
HMM,HMM_2,SemiBin_672,inactive
HMM,HMM_2,SemiBin_6772,inactive
HMM,HMM_2,SemiBin_6819,inactive
HMM,HMM_2,SemiBin_687,active-unknown
HMM,HMM_2,SemiBin_6939,inactive
HMM,HMM_2,SemiBin_7118,active-unknown
HMM,HMM_2,SemiBin_715,active-unknown
HMM,HMM_2,SemiBin_7304,inactive
HMM,HMM_2,SemiBin_754,lytic-active
HMM,HMM_2,SemiBin_756,inactive
HMM,HMM_2,SemiBin_761,inactive
HMM,HMM_2,SemiBin_7928,inactive
HMM,HMM_2,SemiBin_805,inactive
HMM,HMM_2,SemiBin_8103,inactive
HMM,HMM_2,SemiBin_8199,inactive
HMM,HMM_2,SemiBin_843,inactive
HMM,HMM_2,SemiBin_8467,inactive
HMM,HMM_2,SemiBin_8530,inactive
HMM,HMM_2,SemiBin_882,active-unknown
HMM,HMM_2,SemiBin_8872,inactive
HMM,HMM_2,SemiBin_904,inactive
HMM,HMM_2,SemiBin_9129,inactive
HMM,HMM_2,SemiBin_926,inactive
HMM,HMM_2,SemiBin_9281,inactive
HMM,HMM_2,SemiBin_9320,inactive
HMM,HMM_2,SemiBin_974,active-unknown
HMM,HMM_2,SemiBin_985,inactive
HMM,HMM_2,SemiBin_9930,active-unknown
HMM,HMM_3,SemiBin_1005,inactive
HMM,HMM_3,SemiBin_10059,inactive
HMM,HMM_3,SemiBin_10326,inactive
HMM,HMM_3,SemiBin_10392,inactive
HMM,HMM_3,SemiBin_10453,inactive
HMM,HMM_3,SemiBin_1078,active-unknown
HMM,HMM_3,SemiBin_108,active-unknown
HMM,HMM_3,SemiBin_109,active-unknown
HMM,HMM_3,SemiBin_10920,inactive
HMM,HMM_3,SemiBin_11521,inactive
HMM,HMM_3,SemiBin_12011,inactive
HMM,HMM_3,SemiBin_1222,active-unknown
HMM,HMM_3,SemiBin_12234,inactive
HMM,HMM_3,SemiBin_1238,inactive
HMM,HMM_3,SemiBin_1239,inactive
HMM,HMM_3,SemiBin_1246,inactive
HMM,HMM_3,SemiBin_1317,inactive
HMM,HMM_3,SemiBin_1346,inactive
HMM,HMM_3,SemiBin_1403,inactive
HMM,HMM_3,SemiBin_14189,inactive
HMM,HMM_3,SemiBin_1431,inactive
HMM,HMM_3,SemiBin_1436,inactive
HMM,HMM_3,SemiBin_1478,inactive
HMM,HMM_3,SemiBin_1479,inactive
HMM,HMM_3,SemiBin_1480,inactive
HMM,HMM_3,SemiBin_1494,inactive
HMM,HMM_3,SemiBin_1503,inactive
HMM,HMM_3,SemiBin_1518,inactive
HMM,HMM_3,SemiBin_15338,inactive
HMM,HMM_3,SemiBin_1558,active-unknown
HMM,HMM_3,SemiBin_1560,inactive
HMM,HMM_3,SemiBin_1595,inactive
HMM,HMM_3,SemiBin_1643,inactive
HMM,HMM_3,SemiBin_1668,inactive
HMM,HMM_3,SemiBin_1699,inactive
HMM,HMM_3,SemiBin_1703,active-unknown
HMM,HMM_3,SemiBin_1709,inactive
HMM,HMM_3,SemiBin_1799,inactive
HMM,HMM_3,SemiBin_1854,inactive
HMM,HMM_3,SemiBin_1908,inactive
HMM,HMM_3,SemiBin_1938,inactive
HMM,HMM_3,SemiBin_1997,active-unknown
HMM,HMM_3,SemiBin_2003,inactive
HMM,HMM_3,SemiBin_2006,inactive
HMM,HMM_3,SemiBin_20296,inactive
HMM,HMM_3,SemiBin_2031,inactive
HMM,HMM_3,SemiBin_2089,active-unknown
HMM,HMM_3,SemiBin_21029,inactive
HMM,HMM_3,SemiBin_2115,inactive
HMM,HMM_3,SemiBin_2123,inactive
HMM,HMM_3,SemiBin_2178,inactive
HMM,HMM_3,SemiBin_2180,inactive
HMM,HMM_3,SemiBin_2254,inactive
HMM,HMM_3,SemiBin_2265,inactive
HMM,HMM_3,SemiBin_2289,inactive
HMM,HMM_3,SemiBin_2297,inactive
HMM,HMM_3,SemiBin_237,inactive
HMM,HMM_3,SemiBin_240,active-unknown
HMM,HMM_3,SemiBin_2469,inactive
HMM,HMM_3,SemiBin_259,inactive
HMM,HMM_3,SemiBin_2636,inactive
HMM,HMM_3,SemiBin_2737,inactive
HMM,HMM_3,SemiBin_2756,lytic-active
HMM,HMM_3,SemiBin_279,lytic-active
HMM,HMM_3,SemiBin_2831,inactive
HMM,HMM_3,SemiBin_2924,inactive
HMM,HMM_3,SemiBin_2941,inactive
HMM,HMM_3,SemiBin_2970,active-unknown
HMM,HMM_3,SemiBin_301,inactive
HMM,HMM_3,SemiBin_3078,inactive
HMM,HMM_3,SemiBin_3109,active-unknown
HMM,HMM_3,SemiBin_3136,active-unknown
HMM,HMM_3,SemiBin_3186,inactive
HMM,HMM_3,SemiBin_3211,inactive
HMM,HMM_3,SemiBin_32124,inactive
HMM,HMM_3,SemiBin_32143,inactive
HMM,HMM_3,SemiBin_3228,inactive
HMM,HMM_3,SemiBin_3288,inactive
HMM,HMM_3,SemiBin_336,active-unknown
HMM,HMM_3,SemiBin_3525,inactive
HMM,HMM_3,SemiBin_3662,active-unknown
HMM,HMM_3,SemiBin_3769,inactive
HMM,HMM_3,SemiBin_3866,active-unknown
HMM,HMM_3,SemiBin_3971,inactive
HMM,HMM_3,SemiBin_3999,inactive
HMM,HMM_3,SemiBin_4021,active-unknown
HMM,HMM_3,SemiBin_408,inactive
HMM,HMM_3,SemiBin_4095,inactive
HMM,HMM_3,SemiBin_4097,inactive
HMM,HMM_3,SemiBin_4319,inactive
HMM,HMM_3,SemiBin_4559,inactive
HMM,HMM_3,SemiBin_4716,inactive
HMM,HMM_3,SemiBin_4748,active-unknown
HMM,HMM_3,SemiBin_4842,inactive
HMM,HMM_3,SemiBin_4884,inactive
HMM,HMM_3,SemiBin_4964,inactive
HMM,HMM_3,SemiBin_4995,inactive
HMM,HMM_3,SemiBin_5100,inactive
HMM,HMM_3,SemiBin_520,inactive
HMM,HMM_3,SemiBin_5322,inactive
HMM,HMM_3,SemiBin_5387,inactive
HMM,HMM_3,SemiBin_540,active-unknown
HMM,HMM_3,SemiBin_548,active-unknown
HMM,HMM_3,SemiBin_5911,inactive
HMM,HMM_3,SemiBin_5993,inactive
HMM,HMM_3,SemiBin_6044,inactive
HMM,HMM_3,SemiBin_6168,inactive
HMM,HMM_3,SemiBin_643,active-unknown
HMM,HMM_3,SemiBin_656,inactive
HMM,HMM_3,SemiBin_6560,active-unknown
HMM,HMM_3,SemiBin_6572,inactive
HMM,HMM_3,SemiBin_6645,inactive
HMM,HMM_3,SemiBin_6682,inactive
HMM,HMM_3,SemiBin_672,inactive
HMM,HMM_3,SemiBin_6772,active-unknown
HMM,HMM_3,SemiBin_6819,inactive
HMM,HMM_3,SemiBin_687,active-unknown
HMM,HMM_3,SemiBin_6939,inactive
HMM,HMM_3,SemiBin_7118,inactive
HMM,HMM_3,SemiBin_715,active-unknown
HMM,HMM_3,SemiBin_7304,inactive
HMM,HMM_3,SemiBin_754,active-unknown
HMM,HMM_3,SemiBin_756,inactive
HMM,HMM_3,SemiBin_761,active-unknown
HMM,HMM_3,SemiBin_7928,inactive
HMM,HMM_3,SemiBin_805,inactive
HMM,HMM_3,SemiBin_8103,inactive
HMM,HMM_3,SemiBin_8199,inactive
HMM,HMM_3,SemiBin_843,inactive
HMM,HMM_3,SemiBin_8467,inactive
HMM,HMM_3,SemiBin_8530,inactive
HMM,HMM_3,SemiBin_882,active-unknown
HMM,HMM_3,SemiBin_8872,inactive
HMM,HMM_3,SemiBin_904,inactive
HMM,HMM_3,SemiBin_9129,inactive
HMM,HMM_3,SemiBin_926,inactive
HMM,HMM_3,SemiBin_9281,inactive
HMM,HMM_3,SemiBin_9320,inactive
HMM,HMM_3,SemiBin_974,active-unknown
HMM,HMM_3,SemiBin_985,inactive
HMM,HMM_3,SemiBin_9930,inactive
HMM,HMM_4,SemiBin_1005,inactive
HMM,HMM_4,SemiBin_10059,inactive
HMM,HMM_4,SemiBin_10326,inactive
HMM,HMM_4,SemiBin_10392,inactive
HMM,HMM_4,SemiBin_10453,inactive
HMM,HMM_4,SemiBin_1078,active-unknown
HMM,HMM_4,SemiBin_108,active-unknown
HMM,HMM_4,SemiBin_109,inactive
HMM,HMM_4,SemiBin_10920,inactive
HMM,HMM_4,SemiBin_11521,inactive
HMM,HMM_4,SemiBin_12011,inactive
HMM,HMM_4,SemiBin_1222,active-unknown
HMM,HMM_4,SemiBin_12234,inactive
HMM,HMM_4,SemiBin_1238,inactive
HMM,HMM_4,SemiBin_1239,inactive
HMM,HMM_4,SemiBin_1246,inactive
HMM,HMM_4,SemiBin_1317,inactive
HMM,HMM_4,SemiBin_1346,inactive
HMM,HMM_4,SemiBin_1403,inactive
HMM,HMM_4,SemiBin_14189,inactive
HMM,HMM_4,SemiBin_1431,inactive
HMM,HMM_4,SemiBin_1436,active-unknown
HMM,HMM_4,SemiBin_1478,inactive
HMM,HMM_4,SemiBin_1479,active-unknown
HMM,HMM_4,SemiBin_1480,inactive
HMM,HMM_4,SemiBin_1494,active-unknown
HMM,HMM_4,SemiBin_1503,inactive
HMM,HMM_4,SemiBin_1518,inactive
HMM,HMM_4,SemiBin_15338,inactive
HMM,HMM_4,SemiBin_1558,active-unknown
HMM,HMM_4,SemiBin_1560,inactive
HMM,HMM_4,SemiBin_1595,inactive
HMM,HMM_4,SemiBin_1643,inactive
HMM,HMM_4,SemiBin_1668,active-unknown
HMM,HMM_4,SemiBin_1699,inactive
HMM,HMM_4,SemiBin_1703,inactive
HMM,HMM_4,SemiBin_1709,inactive
HMM,HMM_4,SemiBin_1799,inactive
HMM,HMM_4,SemiBin_1854,inactive
HMM,HMM_4,SemiBin_1908,inactive
HMM,HMM_4,SemiBin_1938,inactive
HMM,HMM_4,SemiBin_1997,active-unknown
HMM,HMM_4,SemiBin_2003,active-unknown
HMM,HMM_4,SemiBin_2006,inactive
HMM,HMM_4,SemiBin_20296,inactive
HMM,HMM_4,SemiBin_2031,inactive
HMM,HMM_4,SemiBin_2089,active-unknown
HMM,HMM_4,SemiBin_21029,inactive
HMM,HMM_4,SemiBin_2115,inactive
HMM,HMM_4,SemiBin_2123,inactive
HMM,HMM_4,SemiBin_2178,inactive
HMM,HMM_4,SemiBin_2180,active-unknown
HMM,HMM_4,SemiBin_2254,active-unknown
HMM,HMM_4,SemiBin_2265,inactive
HMM,HMM_4,SemiBin_2289,inactive
HMM,HMM_4,SemiBin_2297,active-unknown
HMM,HMM_4,SemiBin_237,inactive
HMM,HMM_4,SemiBin_240,active-unknown
HMM,HMM_4,SemiBin_2469,active-unknown
HMM,HMM_4,SemiBin_259,active-unknown
HMM,HMM_4,SemiBin_2636,inactive
HMM,HMM_4,SemiBin_2737,inactive
HMM,HMM_4,SemiBin_2756,lytic-active
HMM,HMM_4,SemiBin_279,active-unknown
HMM,HMM_4,SemiBin_2831,inactive
HMM,HMM_4,SemiBin_2924,inactive
HMM,HMM_4,SemiBin_2941,inactive
HMM,HMM_4,SemiBin_2970,active-unknown
HMM,HMM_4,SemiBin_301,inactive
HMM,HMM_4,SemiBin_3078,inactive
HMM,HMM_4,SemiBin_3109,inactive
HMM,HMM_4,SemiBin_3136,inactive
HMM,HMM_4,SemiBin_3186,inactive
HMM,HMM_4,SemiBin_3211,active-unknown
HMM,HMM_4,SemiBin_32124,inactive
HMM,HMM_4,SemiBin_32143,inactive
HMM,HMM_4,SemiBin_3228,inactive
HMM,HMM_4,SemiBin_3288,inactive
HMM,HMM_4,SemiBin_336,active-unknown
HMM,HMM_4,SemiBin_3525,inactive
HMM,HMM_4,SemiBin_3662,active-unknown
HMM,HMM_4,SemiBin_3769,active-unknown
HMM,HMM_4,SemiBin_3866,active-unknown
HMM,HMM_4,SemiBin_3971,inactive
HMM,HMM_4,SemiBin_3999,inactive
HMM,HMM_4,SemiBin_4021,active-unknown
HMM,HMM_4,SemiBin_408,inactive
HMM,HMM_4,SemiBin_4095,active-unknown
HMM,HMM_4,SemiBin_4097,inactive
HMM,HMM_4,SemiBin_4319,inactive
HMM,HMM_4,SemiBin_4559,inactive
HMM,HMM_4,SemiBin_4716,inactive
HMM,HMM_4,SemiBin_4748,active-unknown
HMM,HMM_4,SemiBin_4842,inactive
HMM,HMM_4,SemiBin_4884,inactive
HMM,HMM_4,SemiBin_4964,inactive
HMM,HMM_4,SemiBin_4995,active-unknown
HMM,HMM_4,SemiBin_5100,inactive
HMM,HMM_4,SemiBin_520,inactive
HMM,HMM_4,SemiBin_5322,inactive
HMM,HMM_4,SemiBin_5387,inactive
HMM,HMM_4,SemiBin_540,inactive
HMM,HMM_4,SemiBin_548,active-unknown
HMM,HMM_4,SemiBin_5911,inactive
HMM,HMM_4,SemiBin_5993,inactive
HMM,HMM_4,SemiBin_6044,inactive
HMM,HMM_4,SemiBin_6168,inactive
HMM,HMM_4,SemiBin_643,inactive
HMM,HMM_4,SemiBin_656,active-unknown
HMM,HMM_4,SemiBin_6560,active-unknown
HMM,HMM_4,SemiBin_6572,inactive
HMM,HMM_4,SemiBin_6645,inactive
HMM,HMM_4,SemiBin_6682,inactive
HMM,HMM_4,SemiBin_672,inactive
HMM,HMM_4,SemiBin_6772,active-unknown
HMM,HMM_4,SemiBin_6819,inactive
HMM,HMM_4,SemiBin_687,active-unknown
HMM,HMM_4,SemiBin_6939,inactive
HMM,HMM_4,SemiBin_7118,inactive
HMM,HMM_4,SemiBin_715,active-unknown
HMM,HMM_4,SemiBin_7304,inactive
HMM,HMM_4,SemiBin_754,lytic-active
HMM,HMM_4,SemiBin_756,inactive
HMM,HMM_4,SemiBin_761,inactive
HMM,HMM_4,SemiBin_7928,inactive
HMM,HMM_4,SemiBin_805,inactive
HMM,HMM_4,SemiBin_8103,inactive
HMM,HMM_4,SemiBin_8199,inactive
HMM,HMM_4,SemiBin_843,active-unknown
HMM,HMM_4,SemiBin_8467,inactive
HMM,HMM_4,SemiBin_8530,inactive
HMM,HMM_4,SemiBin_882,active-unknown
HMM,HMM_4,SemiBin_8872,inactive
HMM,HMM_4,SemiBin_904,inactive
HMM,HMM_4,SemiBin_9129,active-unknown
HMM,HMM_4,SemiBin_926,inactive
HMM,HMM_4,SemiBin_9281,inactive
HMM,HMM_4,SemiBin_9320,inactive
HMM,HMM_4,SemiBin_974,active-unknown
HMM,HMM_4,SemiBin_985,inactive
HMM,HMM_4,SemiBin_9930,inactive
HMM,HMM_5,SemiBin_1005,inactive
HMM,HMM_5,SemiBin_10059,inactive
HMM,HMM_5,SemiBin_10326,inactive
HMM,HMM_5,SemiBin_10392,inactive
HMM,HMM_5,SemiBin_10453,inactive
HMM,HMM_5,SemiBin_1078,active-unknown
HMM,HMM_5,SemiBin_108,inactive
HMM,HMM_5,SemiBin_109,inactive
HMM,HMM_5,SemiBin_10920,inactive
HMM,HMM_5,SemiBin_11521,inactive
HMM,HMM_5,SemiBin_12011,inactive
HMM,HMM_5,SemiBin_1222,inactive
HMM,HMM_5,SemiBin_12234,inactive
HMM,HMM_5,SemiBin_1238,inactive
HMM,HMM_5,SemiBin_1239,inactive
HMM,HMM_5,SemiBin_1246,inactive
HMM,HMM_5,SemiBin_1317,inactive
HMM,HMM_5,SemiBin_1346,inactive
HMM,HMM_5,SemiBin_1403,inactive
HMM,HMM_5,SemiBin_14189,inactive
HMM,HMM_5,SemiBin_1431,inactive
HMM,HMM_5,SemiBin_1436,inactive
HMM,HMM_5,SemiBin_1478,inactive
HMM,HMM_5,SemiBin_1479,inactive
HMM,HMM_5,SemiBin_1480,inactive
HMM,HMM_5,SemiBin_1494,inactive
HMM,HMM_5,SemiBin_1503,inactive
HMM,HMM_5,SemiBin_1518,active-unknown
HMM,HMM_5,SemiBin_15338,inactive
HMM,HMM_5,SemiBin_1558,active-unknown
HMM,HMM_5,SemiBin_1560,inactive
HMM,HMM_5,SemiBin_1595,inactive
HMM,HMM_5,SemiBin_1643,inactive
HMM,HMM_5,SemiBin_1668,inactive
HMM,HMM_5,SemiBin_1699,inactive
HMM,HMM_5,SemiBin_1703,inactive
HMM,HMM_5,SemiBin_1709,inactive
HMM,HMM_5,SemiBin_1799,active-unknown
HMM,HMM_5,SemiBin_1854,inactive
HMM,HMM_5,SemiBin_1908,inactive
HMM,HMM_5,SemiBin_1938,inactive
HMM,HMM_5,SemiBin_1997,active-unknown
HMM,HMM_5,SemiBin_2003,active-unknown
HMM,HMM_5,SemiBin_2006,inactive
HMM,HMM_5,SemiBin_20296,inactive
HMM,HMM_5,SemiBin_2031,inactive
HMM,HMM_5,SemiBin_2089,inactive
HMM,HMM_5,SemiBin_21029,inactive
HMM,HMM_5,SemiBin_2115,inactive
HMM,HMM_5,SemiBin_2123,inactive
HMM,HMM_5,SemiBin_2178,active-unknown
HMM,HMM_5,SemiBin_2180,active-unknown
HMM,HMM_5,SemiBin_2254,inactive
HMM,HMM_5,SemiBin_2265,inactive
HMM,HMM_5,SemiBin_2289,inactive
HMM,HMM_5,SemiBin_2297,inactive
HMM,HMM_5,SemiBin_237,active-unknown
HMM,HMM_5,SemiBin_240,active-unknown
HMM,HMM_5,SemiBin_2469,active-unknown
HMM,HMM_5,SemiBin_259,inactive
HMM,HMM_5,SemiBin_2636,active-unknown
HMM,HMM_5,SemiBin_2737,inactive
HMM,HMM_5,SemiBin_2756,lytic-active
HMM,HMM_5,SemiBin_279,lytic-active
HMM,HMM_5,SemiBin_2831,inactive
HMM,HMM_5,SemiBin_2924,active-unknown
HMM,HMM_5,SemiBin_2941,inactive
HMM,HMM_5,SemiBin_2970,inactive
HMM,HMM_5,SemiBin_301,inactive
HMM,HMM_5,SemiBin_3078,inactive
HMM,HMM_5,SemiBin_3109,active-unknown
HMM,HMM_5,SemiBin_3136,inactive
HMM,HMM_5,SemiBin_3186,inactive
HMM,HMM_5,SemiBin_3211,inactive
HMM,HMM_5,SemiBin_32124,inactive
HMM,HMM_5,SemiBin_32143,inactive
HMM,HMM_5,SemiBin_3228,inactive
HMM,HMM_5,SemiBin_3288,inactive
HMM,HMM_5,SemiBin_336,active-unknown
HMM,HMM_5,SemiBin_3525,inactive
HMM,HMM_5,SemiBin_3662,active-unknown
HMM,HMM_5,SemiBin_3769,active-unknown
HMM,HMM_5,SemiBin_3866,active-unknown
HMM,HMM_5,SemiBin_3971,inactive
HMM,HMM_5,SemiBin_3999,inactive
HMM,HMM_5,SemiBin_4021,inactive
HMM,HMM_5,SemiBin_408,inactive
HMM,HMM_5,SemiBin_4095,inactive
HMM,HMM_5,SemiBin_4097,inactive
HMM,HMM_5,SemiBin_4319,inactive
HMM,HMM_5,SemiBin_4559,inactive
HMM,HMM_5,SemiBin_4716,inactive
HMM,HMM_5,SemiBin_4748,inactive
HMM,HMM_5,SemiBin_4842,inactive
HMM,HMM_5,SemiBin_4884,inactive
HMM,HMM_5,SemiBin_4964,inactive
HMM,HMM_5,SemiBin_4995,inactive
HMM,HMM_5,SemiBin_5100,inactive
HMM,HMM_5,SemiBin_520,inactive
HMM,HMM_5,SemiBin_5322,active-unknown
HMM,HMM_5,SemiBin_5387,inactive
HMM,HMM_5,SemiBin_540,inactive
HMM,HMM_5,SemiBin_548,inactive
HMM,HMM_5,SemiBin_5911,inactive
HMM,HMM_5,SemiBin_5993,inactive
HMM,HMM_5,SemiBin_6044,inactive
HMM,HMM_5,SemiBin_6168,inactive
HMM,HMM_5,SemiBin_643,inactive
HMM,HMM_5,SemiBin_656,inactive
HMM,HMM_5,SemiBin_6560,active-unknown
HMM,HMM_5,SemiBin_6572,inactive
HMM,HMM_5,SemiBin_6645,inactive
HMM,HMM_5,SemiBin_6682,inactive
HMM,HMM_5,SemiBin_672,inactive
HMM,HMM_5,SemiBin_6772,active-unknown
HMM,HMM_5,SemiBin_6819,inactive
HMM,HMM_5,SemiBin_687,active-unknown
HMM,HMM_5,SemiBin_6939,inactive
HMM,HMM_5,SemiBin_7118,active-unknown
HMM,HMM_5,SemiBin_715,active-unknown
HMM,HMM_5,SemiBin_7304,inactive
HMM,HMM_5,SemiBin_754,active-unknown
HMM,HMM_5,SemiBin_756,active-unknown
HMM,HMM_5,SemiBin_761,inactive
HMM,HMM_5,SemiBin_7928,inactive
HMM,HMM_5,SemiBin_805,inactive
HMM,HMM_5,SemiBin_8103,inactive
HMM,HMM_5,SemiBin_8199,inactive
HMM,HMM_5,SemiBin_843,inactive
HMM,HMM_5,SemiBin_8467,inactive
HMM,HMM_5,SemiBin_8530,inactive
HMM,HMM_5,SemiBin_882,active-unknown
HMM,HMM_5,SemiBin_8872,inactive
HMM,HMM_5,SemiBin_904,inactive
HMM,HMM_5,SemiBin_9129,lytic-active
HMM,HMM_5,SemiBin_926,inactive
HMM,HMM_5,SemiBin_9281,inactive
HMM,HMM_5,SemiBin_9320,inactive
HMM,HMM_5,SemiBin_974,active-unknown
HMM,HMM_5,SemiBin_985,inactive
HMM,HMM_5,SemiBin_9930,active-unknown
HMM,HMM_6,SemiBin_1005,inactive
HMM,HMM_6,SemiBin_10059,inactive
HMM,HMM_6,SemiBin_10326,inactive
HMM,HMM_6,SemiBin_10392,inactive
HMM,HMM_6,SemiBin_10453,active-unknown
HMM,HMM_6,SemiBin_1078,lytic-active
HMM,HMM_6,SemiBin_108,active-unknown
HMM,HMM_6,SemiBin_109,active-unknown
HMM,HMM_6,SemiBin_10920,inactive
HMM,HMM_6,SemiBin_11521,inactive
HMM,HMM_6,SemiBin_12011,active-unknown
HMM,HMM_6,SemiBin_1222,active-unknown
HMM,HMM_6,SemiBin_12234,inactive
HMM,HMM_6,SemiBin_1238,active-unknown
HMM,HMM_6,SemiBin_1239,inactive
HMM,HMM_6,SemiBin_1246,inactive
HMM,HMM_6,SemiBin_1317,inactive
HMM,HMM_6,SemiBin_1346,inactive
HMM,HMM_6,SemiBin_1403,inactive
HMM,HMM_6,SemiBin_14189,inactive
HMM,HMM_6,SemiBin_1431,inactive
HMM,HMM_6,SemiBin_1436,inactive
HMM,HMM_6,SemiBin_1478,inactive
HMM,HMM_6,SemiBin_1479,inactive
HMM,HMM_6,SemiBin_1480,inactive
HMM,HMM_6,SemiBin_1494,active-unknown
HMM,HMM_6,SemiBin_1503,inactive
HMM,HMM_6,SemiBin_1518,active-unknown
HMM,HMM_6,SemiBin_15338,inactive
HMM,HMM_6,SemiBin_1558,active-unknown
HMM,HMM_6,SemiBin_1560,active-unknown
HMM,HMM_6,SemiBin_1595,inactive
HMM,HMM_6,SemiBin_1643,inactive
HMM,HMM_6,SemiBin_1668,active-unknown
HMM,HMM_6,SemiBin_1699,inactive
HMM,HMM_6,SemiBin_1703,active-unknown
HMM,HMM_6,SemiBin_1709,inactive
HMM,HMM_6,SemiBin_1799,inactive
HMM,HMM_6,SemiBin_1854,inactive
HMM,HMM_6,SemiBin_1908,inactive
HMM,HMM_6,SemiBin_1938,active-unknown
HMM,HMM_6,SemiBin_1997,active-unknown
HMM,HMM_6,SemiBin_2003,inactive
HMM,HMM_6,SemiBin_2006,inactive
HMM,HMM_6,SemiBin_20296,inactive
HMM,HMM_6,SemiBin_2031,inactive
HMM,HMM_6,SemiBin_2089,inactive
HMM,HMM_6,SemiBin_21029,inactive
HMM,HMM_6,SemiBin_2115,inactive
HMM,HMM_6,SemiBin_2123,inactive
HMM,HMM_6,SemiBin_2178,active-unknown
HMM,HMM_6,SemiBin_2180,active-unknown
HMM,HMM_6,SemiBin_2254,active-unknown
HMM,HMM_6,SemiBin_2265,inactive
HMM,HMM_6,SemiBin_2289,inactive
HMM,HMM_6,SemiBin_2297,inactive
HMM,HMM_6,SemiBin_237,inactive
HMM,HMM_6,SemiBin_240,active-unknown
HMM,HMM_6,SemiBin_2469,active-unknown
HMM,HMM_6,SemiBin_259,inactive
HMM,HMM_6,SemiBin_2636,inactive
HMM,HMM_6,SemiBin_2737,inactive
HMM,HMM_6,SemiBin_2756,lytic-active
HMM,HMM_6,SemiBin_279,active-unknown
HMM,HMM_6,SemiBin_2831,inactive
HMM,HMM_6,SemiBin_2924,active-unknown
HMM,HMM_6,SemiBin_2941,inactive
HMM,HMM_6,SemiBin_2970,active-unknown
HMM,HMM_6,SemiBin_301,inactive
HMM,HMM_6,SemiBin_3078,inactive
HMM,HMM_6,SemiBin_3109,active-unknown
HMM,HMM_6,SemiBin_3136,inactive
HMM,HMM_6,SemiBin_3186,inactive
HMM,HMM_6,SemiBin_3211,inactive
HMM,HMM_6,SemiBin_32124,inactive
HMM,HMM_6,SemiBin_32143,inactive
HMM,HMM_6,SemiBin_3228,inactive
HMM,HMM_6,SemiBin_3288,inactive
HMM,HMM_6,SemiBin_336,active-unknown
HMM,HMM_6,SemiBin_3525,inactive
HMM,HMM_6,SemiBin_3662,active-unknown
HMM,HMM_6,SemiBin_3769,active-unknown
HMM,HMM_6,SemiBin_3866,active-unknown
HMM,HMM_6,SemiBin_3971,inactive
HMM,HMM_6,SemiBin_3999,inactive
HMM,HMM_6,SemiBin_4021,inactive
HMM,HMM_6,SemiBin_408,inactive
HMM,HMM_6,SemiBin_4095,active-unknown
HMM,HMM_6,SemiBin_4097,inactive
HMM,HMM_6,SemiBin_4319,inactive
HMM,HMM_6,SemiBin_4559,active-unknown
HMM,HMM_6,SemiBin_4716,inactive
HMM,HMM_6,SemiBin_4748,inactive
HMM,HMM_6,SemiBin_4842,inactive
HMM,HMM_6,SemiBin_4884,inactive
HMM,HMM_6,SemiBin_4964,inactive
HMM,HMM_6,SemiBin_4995,inactive
HMM,HMM_6,SemiBin_5100,active-unknown
HMM,HMM_6,SemiBin_520,inactive
HMM,HMM_6,SemiBin_5322,inactive
HMM,HMM_6,SemiBin_5387,inactive
HMM,HMM_6,SemiBin_540,inactive
HMM,HMM_6,SemiBin_548,active-unknown
HMM,HMM_6,SemiBin_5911,inactive
HMM,HMM_6,SemiBin_5993,inactive
HMM,HMM_6,SemiBin_6044,inactive
HMM,HMM_6,SemiBin_6168,inactive
HMM,HMM_6,SemiBin_643,inactive
HMM,HMM_6,SemiBin_656,inactive
HMM,HMM_6,SemiBin_6560,active-unknown
HMM,HMM_6,SemiBin_6572,inactive
HMM,HMM_6,SemiBin_6645,inactive
HMM,HMM_6,SemiBin_6682,inactive
HMM,HMM_6,SemiBin_672,inactive
HMM,HMM_6,SemiBin_6772,active-unknown
HMM,HMM_6,SemiBin_6819,inactive
HMM,HMM_6,SemiBin_687,active-unknown
HMM,HMM_6,SemiBin_6939,inactive
HMM,HMM_6,SemiBin_7118,active-unknown
HMM,HMM_6,SemiBin_715,active-unknown
HMM,HMM_6,SemiBin_7304,inactive
HMM,HMM_6,SemiBin_754,lytic-active
HMM,HMM_6,SemiBin_756,active-unknown
HMM,HMM_6,SemiBin_761,inactive
HMM,HMM_6,SemiBin_7928,inactive
HMM,HMM_6,SemiBin_805,inactive
HMM,HMM_6,SemiBin_8103,inactive
HMM,HMM_6,SemiBin_8199,inactive
HMM,HMM_6,SemiBin_843,active-unknown
HMM,HMM_6,SemiBin_8467,inactive
HMM,HMM_6,SemiBin_8530,inactive
HMM,HMM_6,SemiBin_882,inactive
HMM,HMM_6,SemiBin_8872,inactive
HMM,HMM_6,SemiBin_904,inactive
HMM,HMM_6,SemiBin_9129,inactive
HMM,HMM_6,SemiBin_926,inactive
HMM,HMM_6,SemiBin_9281,inactive
HMM,HMM_6,SemiBin_9320,inactive
HMM,HMM_6,SemiBin_974,active-unknown
HMM,HMM_6,SemiBin_985,inactive
HMM,HMM_6,SemiBin_9930,inactive
HMM,HMM_7,SemiBin_1005,inactive
HMM,HMM_7,SemiBin_10059,inactive
HMM,HMM_7,SemiBin_10326,inactive
HMM,HMM_7,SemiBin_10392,inactive
HMM,HMM_7,SemiBin_10453,inactive
HMM,HMM_7,SemiBin_1078,active-unknown
HMM,HMM_7,SemiBin_108,active-unknown
HMM,HMM_7,SemiBin_109,active-unknown
HMM,HMM_7,SemiBin_10920,inactive
HMM,HMM_7,SemiBin_11521,inactive
HMM,HMM_7,SemiBin_12011,inactive
HMM,HMM_7,SemiBin_1222,inactive
HMM,HMM_7,SemiBin_12234,inactive
HMM,HMM_7,SemiBin_1238,active-unknown
HMM,HMM_7,SemiBin_1239,inactive
HMM,HMM_7,SemiBin_1246,inactive
HMM,HMM_7,SemiBin_1317,inactive
HMM,HMM_7,SemiBin_1346,inactive
HMM,HMM_7,SemiBin_1403,inactive
HMM,HMM_7,SemiBin_14189,inactive
HMM,HMM_7,SemiBin_1431,inactive
HMM,HMM_7,SemiBin_1436,inactive
HMM,HMM_7,SemiBin_1478,inactive
HMM,HMM_7,SemiBin_1479,inactive
HMM,HMM_7,SemiBin_1480,inactive
HMM,HMM_7,SemiBin_1494,inactive
HMM,HMM_7,SemiBin_1503,inactive
HMM,HMM_7,SemiBin_1518,inactive
HMM,HMM_7,SemiBin_15338,inactive
HMM,HMM_7,SemiBin_1558,active-unknown
HMM,HMM_7,SemiBin_1560,inactive
HMM,HMM_7,SemiBin_1595,inactive
HMM,HMM_7,SemiBin_1643,inactive
HMM,HMM_7,SemiBin_1668,inactive
HMM,HMM_7,SemiBin_1699,inactive
HMM,HMM_7,SemiBin_1703,inactive
HMM,HMM_7,SemiBin_1709,inactive
HMM,HMM_7,SemiBin_1799,inactive
HMM,HMM_7,SemiBin_1854,inactive
HMM,HMM_7,SemiBin_1908,inactive
HMM,HMM_7,SemiBin_1938,active-unknown
HMM,HMM_7,SemiBin_1997,active-unknown
HMM,HMM_7,SemiBin_2003,active-unknown
HMM,HMM_7,SemiBin_2006,inactive
HMM,HMM_7,SemiBin_20296,inactive
HMM,HMM_7,SemiBin_2031,inactive
HMM,HMM_7,SemiBin_2089,inactive
HMM,HMM_7,SemiBin_21029,inactive
HMM,HMM_7,SemiBin_2115,inactive
HMM,HMM_7,SemiBin_2123,inactive
HMM,HMM_7,SemiBin_2178,active-unknown
HMM,HMM_7,SemiBin_2180,active-unknown
HMM,HMM_7,SemiBin_2254,active-unknown
HMM,HMM_7,SemiBin_2265,inactive
HMM,HMM_7,SemiBin_2289,inactive
HMM,HMM_7,SemiBin_2297,inactive
HMM,HMM_7,SemiBin_237,inactive
HMM,HMM_7,SemiBin_240,active-unknown
HMM,HMM_7,SemiBin_2469,active-unknown
HMM,HMM_7,SemiBin_259,inactive
HMM,HMM_7,SemiBin_2636,inactive
HMM,HMM_7,SemiBin_2737,inactive
HMM,HMM_7,SemiBin_2756,lytic-active
HMM,HMM_7,SemiBin_279,active-unknown
HMM,HMM_7,SemiBin_2831,inactive
HMM,HMM_7,SemiBin_2924,active-unknown
HMM,HMM_7,SemiBin_2941,inactive
HMM,HMM_7,SemiBin_2970,active-unknown
HMM,HMM_7,SemiBin_301,inactive
HMM,HMM_7,SemiBin_3078,inactive
HMM,HMM_7,SemiBin_3109,inactive
HMM,HMM_7,SemiBin_3136,inactive
HMM,HMM_7,SemiBin_3186,inactive
HMM,HMM_7,SemiBin_3211,inactive
HMM,HMM_7,SemiBin_32124,inactive
HMM,HMM_7,SemiBin_32143,inactive
HMM,HMM_7,SemiBin_3228,inactive
HMM,HMM_7,SemiBin_3288,inactive
HMM,HMM_7,SemiBin_336,active-unknown
HMM,HMM_7,SemiBin_3525,inactive
HMM,HMM_7,SemiBin_3662,active-unknown
HMM,HMM_7,SemiBin_3769,inactive
HMM,HMM_7,SemiBin_3866,active-unknown
HMM,HMM_7,SemiBin_3971,inactive
HMM,HMM_7,SemiBin_3999,inactive
HMM,HMM_7,SemiBin_4021,active-unknown
HMM,HMM_7,SemiBin_408,inactive
HMM,HMM_7,SemiBin_4095,active-unknown
HMM,HMM_7,SemiBin_4097,inactive
HMM,HMM_7,SemiBin_4319,inactive
HMM,HMM_7,SemiBin_4559,active-unknown
HMM,HMM_7,SemiBin_4716,inactive
HMM,HMM_7,SemiBin_4748,active-unknown
HMM,HMM_7,SemiBin_4842,inactive
HMM,HMM_7,SemiBin_4884,inactive
HMM,HMM_7,SemiBin_4964,inactive
HMM,HMM_7,SemiBin_4995,inactive
HMM,HMM_7,SemiBin_5100,active-unknown
HMM,HMM_7,SemiBin_520,inactive
HMM,HMM_7,SemiBin_5322,inactive
HMM,HMM_7,SemiBin_5387,inactive
HMM,HMM_7,SemiBin_540,inactive
HMM,HMM_7,SemiBin_548,active-unknown
HMM,HMM_7,SemiBin_5911,active-unknown
HMM,HMM_7,SemiBin_5993,inactive
HMM,HMM_7,SemiBin_6044,inactive
HMM,HMM_7,SemiBin_6168,inactive
HMM,HMM_7,SemiBin_643,inactive
HMM,HMM_7,SemiBin_656,inactive
HMM,HMM_7,SemiBin_6560,inactive
HMM,HMM_7,SemiBin_6572,inactive
HMM,HMM_7,SemiBin_6645,inactive
HMM,HMM_7,SemiBin_6682,inactive
HMM,HMM_7,SemiBin_672,inactive
HMM,HMM_7,SemiBin_6772,active-unknown
HMM,HMM_7,SemiBin_6819,inactive
HMM,HMM_7,SemiBin_687,active-unknown
HMM,HMM_7,SemiBin_6939,inactive
HMM,HMM_7,SemiBin_7118,inactive
HMM,HMM_7,SemiBin_715,active-unknown
HMM,HMM_7,SemiBin_7304,inactive
HMM,HMM_7,SemiBin_754,active-unknown
HMM,HMM_7,SemiBin_756,inactive
HMM,HMM_7,SemiBin_761,inactive
HMM,HMM_7,SemiBin_7928,active-unknown
HMM,HMM_7,SemiBin_805,inactive
HMM,HMM_7,SemiBin_8103,inactive
HMM,HMM_7,SemiBin_8199,inactive
HMM,HMM_7,SemiBin_843,lytic-active
HMM,HMM_7,SemiBin_8467,inactive
HMM,HMM_7,SemiBin_8530,inactive
HMM,HMM_7,SemiBin_882,inactive
HMM,HMM_7,SemiBin_8872,inactive
HMM,HMM_7,SemiBin_904,inactive
HMM,HMM_7,SemiBin_9129,active-unknown
HMM,HMM_7,SemiBin_926,inactive
HMM,HMM_7,SemiBin_9281,inactive
HMM,HMM_7,SemiBin_9320,inactive
HMM,HMM_7,SemiBin_974,active-unknown
HMM,HMM_7,SemiBin_985,inactive
HMM,HMM_7,SemiBin_9930,inactive
HMM,HMM_8,SemiBin_1005,inactive
HMM,HMM_8,SemiBin_10059,inactive
HMM,HMM_8,SemiBin_10326,inactive
HMM,HMM_8,SemiBin_10392,inactive
HMM,HMM_8,SemiBin_10453,inactive
HMM,HMM_8,SemiBin_1078,active-unknown
HMM,HMM_8,SemiBin_108,inactive
HMM,HMM_8,SemiBin_109,inactive
HMM,HMM_8,SemiBin_10920,inactive
HMM,HMM_8,SemiBin_11521,inactive
HMM,HMM_8,SemiBin_12011,inactive
HMM,HMM_8,SemiBin_1222,inactive
HMM,HMM_8,SemiBin_12234,inactive
HMM,HMM_8,SemiBin_1238,active-unknown
HMM,HMM_8,SemiBin_1239,inactive
HMM,HMM_8,SemiBin_1246,inactive
HMM,HMM_8,SemiBin_1317,inactive
HMM,HMM_8,SemiBin_1346,inactive
HMM,HMM_8,SemiBin_1403,inactive
HMM,HMM_8,SemiBin_14189,inactive
HMM,HMM_8,SemiBin_1431,inactive
HMM,HMM_8,SemiBin_1436,inactive
HMM,HMM_8,SemiBin_1478,inactive
HMM,HMM_8,SemiBin_1479,inactive
HMM,HMM_8,SemiBin_1480,inactive
HMM,HMM_8,SemiBin_1494,active-unknown
HMM,HMM_8,SemiBin_1503,inactive
HMM,HMM_8,SemiBin_1518,inactive
HMM,HMM_8,SemiBin_15338,inactive
HMM,HMM_8,SemiBin_1558,active-unknown
HMM,HMM_8,SemiBin_1560,inactive
HMM,HMM_8,SemiBin_1595,inactive
HMM,HMM_8,SemiBin_1643,inactive
HMM,HMM_8,SemiBin_1668,inactive
HMM,HMM_8,SemiBin_1699,inactive
HMM,HMM_8,SemiBin_1703,active-unknown
HMM,HMM_8,SemiBin_1709,inactive
HMM,HMM_8,SemiBin_1799,active-unknown
HMM,HMM_8,SemiBin_1854,active-unknown
HMM,HMM_8,SemiBin_1908,inactive
HMM,HMM_8,SemiBin_1938,inactive
HMM,HMM_8,SemiBin_1997,active-unknown
HMM,HMM_8,SemiBin_2003,active-unknown
HMM,HMM_8,SemiBin_2006,inactive
HMM,HMM_8,SemiBin_20296,inactive
HMM,HMM_8,SemiBin_2031,inactive
HMM,HMM_8,SemiBin_2089,inactive
HMM,HMM_8,SemiBin_21029,inactive
HMM,HMM_8,SemiBin_2115,inactive
HMM,HMM_8,SemiBin_2123,inactive
HMM,HMM_8,SemiBin_2178,active-unknown
HMM,HMM_8,SemiBin_2180,active-unknown
HMM,HMM_8,SemiBin_2254,inactive
HMM,HMM_8,SemiBin_2265,inactive
HMM,HMM_8,SemiBin_2289,inactive
HMM,HMM_8,SemiBin_2297,inactive
HMM,HMM_8,SemiBin_237,inactive
HMM,HMM_8,SemiBin_240,active-unknown
HMM,HMM_8,SemiBin_2469,inactive
HMM,HMM_8,SemiBin_259,active-unknown
HMM,HMM_8,SemiBin_2636,inactive
HMM,HMM_8,SemiBin_2737,inactive
HMM,HMM_8,SemiBin_2756,lytic-active
HMM,HMM_8,SemiBin_279,lytic-active
HMM,HMM_8,SemiBin_2831,inactive
HMM,HMM_8,SemiBin_2924,inactive
HMM,HMM_8,SemiBin_2941,inactive
HMM,HMM_8,SemiBin_2970,inactive
HMM,HMM_8,SemiBin_301,inactive
HMM,HMM_8,SemiBin_3078,inactive
HMM,HMM_8,SemiBin_3109,active-unknown
HMM,HMM_8,SemiBin_3136,inactive
HMM,HMM_8,SemiBin_3186,inactive
HMM,HMM_8,SemiBin_3211,inactive
HMM,HMM_8,SemiBin_32124,inactive
HMM,HMM_8,SemiBin_32143,inactive
HMM,HMM_8,SemiBin_3228,inactive
HMM,HMM_8,SemiBin_3288,inactive
HMM,HMM_8,SemiBin_336,active-unknown
HMM,HMM_8,SemiBin_3525,inactive
HMM,HMM_8,SemiBin_3662,active-unknown
HMM,HMM_8,SemiBin_3769,active-unknown
HMM,HMM_8,SemiBin_3866,active-unknown
HMM,HMM_8,SemiBin_3971,active-unknown
HMM,HMM_8,SemiBin_3999,inactive
HMM,HMM_8,SemiBin_4021,active-unknown
HMM,HMM_8,SemiBin_408,inactive
HMM,HMM_8,SemiBin_4095,inactive
HMM,HMM_8,SemiBin_4097,inactive
HMM,HMM_8,SemiBin_4319,inactive
HMM,HMM_8,SemiBin_4559,inactive
HMM,HMM_8,SemiBin_4716,inactive
HMM,HMM_8,SemiBin_4748,inactive
HMM,HMM_8,SemiBin_4842,inactive
HMM,HMM_8,SemiBin_4884,inactive
HMM,HMM_8,SemiBin_4964,inactive
HMM,HMM_8,SemiBin_4995,inactive
HMM,HMM_8,SemiBin_5100,inactive
HMM,HMM_8,SemiBin_520,inactive
HMM,HMM_8,SemiBin_5322,inactive
HMM,HMM_8,SemiBin_5387,inactive
HMM,HMM_8,SemiBin_540,inactive
HMM,HMM_8,SemiBin_548,active-unknown
HMM,HMM_8,SemiBin_5911,lytic-active
HMM,HMM_8,SemiBin_5993,active-unknown
HMM,HMM_8,SemiBin_6044,inactive
HMM,HMM_8,SemiBin_6168,active-unknown
HMM,HMM_8,SemiBin_643,inactive
HMM,HMM_8,SemiBin_656,inactive
HMM,HMM_8,SemiBin_6560,active-unknown
HMM,HMM_8,SemiBin_6572,inactive
HMM,HMM_8,SemiBin_6645,inactive
HMM,HMM_8,SemiBin_6682,inactive
HMM,HMM_8,SemiBin_672,inactive
HMM,HMM_8,SemiBin_6772,active-unknown
HMM,HMM_8,SemiBin_6819,inactive
HMM,HMM_8,SemiBin_687,lytic-active
HMM,HMM_8,SemiBin_6939,inactive
HMM,HMM_8,SemiBin_7118,inactive
HMM,HMM_8,SemiBin_715,active-unknown
HMM,HMM_8,SemiBin_7304,inactive
HMM,HMM_8,SemiBin_754,inactive
HMM,HMM_8,SemiBin_756,inactive
HMM,HMM_8,SemiBin_761,inactive
HMM,HMM_8,SemiBin_7928,lytic-active
HMM,HMM_8,SemiBin_805,inactive
HMM,HMM_8,SemiBin_8103,inactive
HMM,HMM_8,SemiBin_8199,inactive
HMM,HMM_8,SemiBin_843,inactive
HMM,HMM_8,SemiBin_8467,inactive
HMM,HMM_8,SemiBin_8530,inactive
HMM,HMM_8,SemiBin_882,inactive
HMM,HMM_8,SemiBin_8872,inactive
HMM,HMM_8,SemiBin_904,inactive
HMM,HMM_8,SemiBin_9129,lytic-active
HMM,HMM_8,SemiBin_926,inactive
HMM,HMM_8,SemiBin_9281,inactive
HMM,HMM_8,SemiBin_9320,inactive
HMM,HMM_8,SemiBin_974,active-unknown
HMM,HMM_8,SemiBin_985,inactive
HMM,HMM_8,SemiBin_9930,active-unknown
HM,HM_1,SemiBin_1005,inactive
HM,HM_1,SemiBin_10059,inactive
HM,HM_1,SemiBin_10326,inactive
HM,HM_1,SemiBin_10392,inactive
HM,HM_1,SemiBin_10453,inactive
HM,HM_1,SemiBin_1078,active-unknown
HM,HM_1,SemiBin_108,inactive
HM,HM_1,SemiBin_109,inactive
HM,HM_1,SemiBin_10920,inactive
HM,HM_1,SemiBin_11521,inactive
HM,HM_1,SemiBin_12011,inactive
HM,HM_1,SemiBin_1222,inactive
HM,HM_1,SemiBin_12234,inactive
HM,HM_1,SemiBin_1238,inactive
HM,HM_1,SemiBin_1239,inactive
HM,HM_1,SemiBin_1246,inactive
HM,HM_1,SemiBin_1317,inactive
HM,HM_1,SemiBin_1346,inactive
HM,HM_1,SemiBin_1403,inactive
HM,HM_1,SemiBin_14189,inactive
HM,HM_1,SemiBin_1431,inactive
HM,HM_1,SemiBin_1436,inactive
HM,HM_1,SemiBin_1478,inactive
HM,HM_1,SemiBin_1479,inactive
HM,HM_1,SemiBin_1480,inactive
HM,HM_1,SemiBin_1494,inactive
HM,HM_1,SemiBin_1503,inactive
HM,HM_1,SemiBin_1518,inactive
HM,HM_1,SemiBin_15338,inactive
HM,HM_1,SemiBin_1558,active-unknown
HM,HM_1,SemiBin_1560,active-unknown
HM,HM_1,SemiBin_1595,inactive
HM,HM_1,SemiBin_1643,active-unknown
HM,HM_1,SemiBin_1668,inactive
HM,HM_1,SemiBin_1699,inactive
HM,HM_1,SemiBin_1703,inactive
HM,HM_1,SemiBin_1709,inactive
HM,HM_1,SemiBin_1799,inactive
HM,HM_1,SemiBin_1854,inactive
HM,HM_1,SemiBin_1908,inactive
HM,HM_1,SemiBin_1938,inactive
HM,HM_1,SemiBin_1997,active-unknown
HM,HM_1,SemiBin_2003,inactive
HM,HM_1,SemiBin_2006,inactive
HM,HM_1,SemiBin_20296,inactive
HM,HM_1,SemiBin_2031,inactive
HM,HM_1,SemiBin_2089,inactive
HM,HM_1,SemiBin_21029,inactive
HM,HM_1,SemiBin_2115,inactive
HM,HM_1,SemiBin_2123,inactive
HM,HM_1,SemiBin_2178,inactive
HM,HM_1,SemiBin_2180,active-unknown
HM,HM_1,SemiBin_2254,inactive
HM,HM_1,SemiBin_2265,inactive
HM,HM_1,SemiBin_2289,inactive
HM,HM_1,SemiBin_2297,inactive
HM,HM_1,SemiBin_237,inactive
HM,HM_1,SemiBin_240,active-unknown
HM,HM_1,SemiBin_2469,active-unknown
HM,HM_1,SemiBin_259,inactive
HM,HM_1,SemiBin_2636,inactive
HM,HM_1,SemiBin_2737,inactive
HM,HM_1,SemiBin_2756,lytic-active
HM,HM_1,SemiBin_279,active-unknown
HM,HM_1,SemiBin_2831,inactive
HM,HM_1,SemiBin_2924,inactive
HM,HM_1,SemiBin_2941,inactive
HM,HM_1,SemiBin_2970,inactive
HM,HM_1,SemiBin_301,inactive
HM,HM_1,SemiBin_3078,inactive
HM,HM_1,SemiBin_3109,active-unknown
HM,HM_1,SemiBin_3136,active-unknown
HM,HM_1,SemiBin_3186,inactive
HM,HM_1,SemiBin_3211,inactive
HM,HM_1,SemiBin_32124,inactive
HM,HM_1,SemiBin_32143,inactive
HM,HM_1,SemiBin_3228,inactive
HM,HM_1,SemiBin_3288,inactive
HM,HM_1,SemiBin_336,active-unknown
HM,HM_1,SemiBin_3525,inactive
HM,HM_1,SemiBin_3662,active-unknown
HM,HM_1,SemiBin_3769,inactive
HM,HM_1,SemiBin_3866,active-unknown
HM,HM_1,SemiBin_3971,inactive
HM,HM_1,SemiBin_3999,inactive
HM,HM_1,SemiBin_4021,active-unknown
HM,HM_1,SemiBin_408,inactive
HM,HM_1,SemiBin_4095,inactive
HM,HM_1,SemiBin_4097,inactive
HM,HM_1,SemiBin_4319,inactive
HM,HM_1,SemiBin_4559,inactive
HM,HM_1,SemiBin_4716,inactive
HM,HM_1,SemiBin_4748,active-unknown
HM,HM_1,SemiBin_4842,inactive
HM,HM_1,SemiBin_4884,inactive
HM,HM_1,SemiBin_4964,inactive
HM,HM_1,SemiBin_4995,inactive
HM,HM_1,SemiBin_5100,inactive
HM,HM_1,SemiBin_520,inactive
HM,HM_1,SemiBin_5322,lytic-active
HM,HM_1,SemiBin_5387,inactive
HM,HM_1,SemiBin_540,inactive
HM,HM_1,SemiBin_548,inactive
HM,HM_1,SemiBin_5911,active-unknown
HM,HM_1,SemiBin_5993,inactive
HM,HM_1,SemiBin_6044,inactive
HM,HM_1,SemiBin_6168,inactive
HM,HM_1,SemiBin_643,inactive
HM,HM_1,SemiBin_656,inactive
HM,HM_1,SemiBin_6560,active-unknown
HM,HM_1,SemiBin_6572,inactive
HM,HM_1,SemiBin_6645,inactive
HM,HM_1,SemiBin_6682,inactive
HM,HM_1,SemiBin_672,inactive
HM,HM_1,SemiBin_6772,active-unknown
HM,HM_1,SemiBin_6819,inactive
HM,HM_1,SemiBin_687,active-unknown
HM,HM_1,SemiBin_6939,inactive
HM,HM_1,SemiBin_7118,inactive
HM,HM_1,SemiBin_715,active-unknown
HM,HM_1,SemiBin_7304,inactive
HM,HM_1,SemiBin_754,inactive
HM,HM_1,SemiBin_756,inactive
HM,HM_1,SemiBin_761,inactive
HM,HM_1,SemiBin_7928,active-unknown
HM,HM_1,SemiBin_805,inactive
HM,HM_1,SemiBin_8103,inactive
HM,HM_1,SemiBin_8199,inactive
HM,HM_1,SemiBin_843,active-unknown
HM,HM_1,SemiBin_8467,inactive
HM,HM_1,SemiBin_8530,inactive
HM,HM_1,SemiBin_882,inactive
HM,HM_1,SemiBin_8872,inactive
HM,HM_1,SemiBin_904,inactive
HM,HM_1,SemiBin_9129,inactive
HM,HM_1,SemiBin_926,inactive
HM,HM_1,SemiBin_9281,inactive
HM,HM_1,SemiBin_9320,inactive
HM,HM_1,SemiBin_974,active-unknown
HM,HM_1,SemiBin_985,inactive
HM,HM_1,SemiBin_9930,inactive
HM,HM_2,SemiBin_1005,inactive
HM,HM_2,SemiBin_10059,inactive
HM,HM_2,SemiBin_10326,inactive
HM,HM_2,SemiBin_10392,inactive
HM,HM_2,SemiBin_10453,inactive
HM,HM_2,SemiBin_1078,active-unknown
HM,HM_2,SemiBin_108,active-unknown
HM,HM_2,SemiBin_109,inactive
HM,HM_2,SemiBin_10920,inactive
HM,HM_2,SemiBin_11521,inactive
HM,HM_2,SemiBin_12011,inactive
HM,HM_2,SemiBin_1222,inactive
HM,HM_2,SemiBin_12234,inactive
HM,HM_2,SemiBin_1238,inactive
HM,HM_2,SemiBin_1239,inactive
HM,HM_2,SemiBin_1246,inactive
HM,HM_2,SemiBin_1317,inactive
HM,HM_2,SemiBin_1346,inactive
HM,HM_2,SemiBin_1403,inactive
HM,HM_2,SemiBin_14189,inactive
HM,HM_2,SemiBin_1431,inactive
HM,HM_2,SemiBin_1436,active-unknown
HM,HM_2,SemiBin_1478,inactive
HM,HM_2,SemiBin_1479,inactive
HM,HM_2,SemiBin_1480,active-unknown
HM,HM_2,SemiBin_1494,inactive
HM,HM_2,SemiBin_1503,inactive
HM,HM_2,SemiBin_1518,inactive
HM,HM_2,SemiBin_15338,inactive
HM,HM_2,SemiBin_1558,active-unknown
HM,HM_2,SemiBin_1560,inactive
HM,HM_2,SemiBin_1595,inactive
HM,HM_2,SemiBin_1643,active-unknown
HM,HM_2,SemiBin_1668,inactive
HM,HM_2,SemiBin_1699,inactive
HM,HM_2,SemiBin_1703,active-unknown
HM,HM_2,SemiBin_1709,inactive
HM,HM_2,SemiBin_1799,active-unknown
HM,HM_2,SemiBin_1854,inactive
HM,HM_2,SemiBin_1908,inactive
HM,HM_2,SemiBin_1938,inactive
HM,HM_2,SemiBin_1997,active-unknown
HM,HM_2,SemiBin_2003,active-unknown
HM,HM_2,SemiBin_2006,inactive
HM,HM_2,SemiBin_20296,inactive
HM,HM_2,SemiBin_2031,inactive
HM,HM_2,SemiBin_2089,inactive
HM,HM_2,SemiBin_21029,inactive
HM,HM_2,SemiBin_2115,inactive
HM,HM_2,SemiBin_2123,inactive
HM,HM_2,SemiBin_2178,inactive
HM,HM_2,SemiBin_2180,active-unknown
HM,HM_2,SemiBin_2254,inactive
HM,HM_2,SemiBin_2265,inactive
HM,HM_2,SemiBin_2289,inactive
HM,HM_2,SemiBin_2297,inactive
HM,HM_2,SemiBin_237,inactive
HM,HM_2,SemiBin_240,active-unknown
HM,HM_2,SemiBin_2469,active-unknown
HM,HM_2,SemiBin_259,inactive
HM,HM_2,SemiBin_2636,inactive
HM,HM_2,SemiBin_2737,inactive
HM,HM_2,SemiBin_2756,inactive
HM,HM_2,SemiBin_279,active-unknown
HM,HM_2,SemiBin_2831,inactive
HM,HM_2,SemiBin_2924,inactive
HM,HM_2,SemiBin_2941,inactive
HM,HM_2,SemiBin_2970,inactive
HM,HM_2,SemiBin_301,inactive
HM,HM_2,SemiBin_3078,inactive
HM,HM_2,SemiBin_3109,inactive
HM,HM_2,SemiBin_3136,inactive
HM,HM_2,SemiBin_3186,inactive
HM,HM_2,SemiBin_3211,inactive
HM,HM_2,SemiBin_32124,inactive
HM,HM_2,SemiBin_32143,inactive
HM,HM_2,SemiBin_3228,inactive
HM,HM_2,SemiBin_3288,active-unknown
HM,HM_2,SemiBin_336,active-unknown
HM,HM_2,SemiBin_3525,inactive
HM,HM_2,SemiBin_3662,active-unknown
HM,HM_2,SemiBin_3769,inactive
HM,HM_2,SemiBin_3866,active-unknown
HM,HM_2,SemiBin_3971,inactive
HM,HM_2,SemiBin_3999,inactive
HM,HM_2,SemiBin_4021,active-unknown
HM,HM_2,SemiBin_408,inactive
HM,HM_2,SemiBin_4095,inactive
HM,HM_2,SemiBin_4097,inactive
HM,HM_2,SemiBin_4319,inactive
HM,HM_2,SemiBin_4559,active-unknown
HM,HM_2,SemiBin_4716,inactive
HM,HM_2,SemiBin_4748,active-unknown
HM,HM_2,SemiBin_4842,inactive
HM,HM_2,SemiBin_4884,inactive
HM,HM_2,SemiBin_4964,inactive
HM,HM_2,SemiBin_4995,active-unknown
HM,HM_2,SemiBin_5100,inactive
HM,HM_2,SemiBin_520,inactive
HM,HM_2,SemiBin_5322,inactive
HM,HM_2,SemiBin_5387,inactive
HM,HM_2,SemiBin_540,inactive
HM,HM_2,SemiBin_548,inactive
HM,HM_2,SemiBin_5911,active-unknown
HM,HM_2,SemiBin_5993,inactive
HM,HM_2,SemiBin_6044,inactive
HM,HM_2,SemiBin_6168,inactive
HM,HM_2,SemiBin_643,inactive
HM,HM_2,SemiBin_656,inactive
HM,HM_2,SemiBin_6560,active-unknown
HM,HM_2,SemiBin_6572,inactive
HM,HM_2,SemiBin_6645,inactive
HM,HM_2,SemiBin_6682,inactive
HM,HM_2,SemiBin_672,inactive
HM,HM_2,SemiBin_6772,active-unknown
HM,HM_2,SemiBin_6819,inactive
HM,HM_2,SemiBin_687,active-unknown
HM,HM_2,SemiBin_6939,inactive
HM,HM_2,SemiBin_7118,inactive
HM,HM_2,SemiBin_715,active-unknown
HM,HM_2,SemiBin_7304,inactive
HM,HM_2,SemiBin_754,active-unknown
HM,HM_2,SemiBin_756,active-unknown
HM,HM_2,SemiBin_761,inactive
HM,HM_2,SemiBin_7928,inactive
HM,HM_2,SemiBin_805,inactive
HM,HM_2,SemiBin_8103,inactive
HM,HM_2,SemiBin_8199,inactive
HM,HM_2,SemiBin_843,inactive
HM,HM_2,SemiBin_8467,inactive
HM,HM_2,SemiBin_8530,inactive
HM,HM_2,SemiBin_882,inactive
HM,HM_2,SemiBin_8872,inactive
HM,HM_2,SemiBin_904,inactive
HM,HM_2,SemiBin_9129,active-unknown
HM,HM_2,SemiBin_926,inactive
HM,HM_2,SemiBin_9281,inactive
HM,HM_2,SemiBin_9320,inactive
HM,HM_2,SemiBin_974,active-unknown
HM,HM_2,SemiBin_985,inactive
HM,HM_2,SemiBin_9930,inactive
HM,HM_3,SemiBin_1005,inactive
HM,HM_3,SemiBin_10059,inactive
HM,HM_3,SemiBin_10326,inactive
HM,HM_3,SemiBin_10392,inactive
HM,HM_3,SemiBin_10453,inactive
HM,HM_3,SemiBin_1078,active-unknown
HM,HM_3,SemiBin_108,active-unknown
HM,HM_3,SemiBin_109,inactive
HM,HM_3,SemiBin_10920,inactive
HM,HM_3,SemiBin_11521,inactive
HM,HM_3,SemiBin_12011,inactive
HM,HM_3,SemiBin_1222,inactive
HM,HM_3,SemiBin_12234,inactive
HM,HM_3,SemiBin_1238,active-unknown
HM,HM_3,SemiBin_1239,inactive
HM,HM_3,SemiBin_1246,inactive
HM,HM_3,SemiBin_1317,inactive
HM,HM_3,SemiBin_1346,inactive
HM,HM_3,SemiBin_1403,inactive
HM,HM_3,SemiBin_14189,inactive
HM,HM_3,SemiBin_1431,inactive
HM,HM_3,SemiBin_1436,inactive
HM,HM_3,SemiBin_1478,inactive
HM,HM_3,SemiBin_1479,inactive
HM,HM_3,SemiBin_1480,inactive
HM,HM_3,SemiBin_1494,inactive
HM,HM_3,SemiBin_1503,inactive
HM,HM_3,SemiBin_1518,inactive
HM,HM_3,SemiBin_15338,inactive
HM,HM_3,SemiBin_1558,active-unknown
HM,HM_3,SemiBin_1560,inactive
HM,HM_3,SemiBin_1595,inactive
HM,HM_3,SemiBin_1643,inactive
HM,HM_3,SemiBin_1668,inactive
HM,HM_3,SemiBin_1699,inactive
HM,HM_3,SemiBin_1703,active-unknown
HM,HM_3,SemiBin_1709,inactive
HM,HM_3,SemiBin_1799,inactive
HM,HM_3,SemiBin_1854,inactive
HM,HM_3,SemiBin_1908,inactive
HM,HM_3,SemiBin_1938,inactive
HM,HM_3,SemiBin_1997,active-unknown
HM,HM_3,SemiBin_2003,active-unknown
HM,HM_3,SemiBin_2006,inactive
HM,HM_3,SemiBin_20296,inactive
HM,HM_3,SemiBin_2031,inactive
HM,HM_3,SemiBin_2089,active-unknown
HM,HM_3,SemiBin_21029,inactive
HM,HM_3,SemiBin_2115,inactive
HM,HM_3,SemiBin_2123,inactive
HM,HM_3,SemiBin_2178,inactive
HM,HM_3,SemiBin_2180,active-unknown
HM,HM_3,SemiBin_2254,inactive
HM,HM_3,SemiBin_2265,inactive
HM,HM_3,SemiBin_2289,inactive
HM,HM_3,SemiBin_2297,active-unknown
HM,HM_3,SemiBin_237,inactive
HM,HM_3,SemiBin_240,active-unknown
HM,HM_3,SemiBin_2469,inactive
HM,HM_3,SemiBin_259,inactive
HM,HM_3,SemiBin_2636,active-unknown
HM,HM_3,SemiBin_2737,inactive
HM,HM_3,SemiBin_2756,lytic-active
HM,HM_3,SemiBin_279,active-unknown
HM,HM_3,SemiBin_2831,inactive
HM,HM_3,SemiBin_2924,active-unknown
HM,HM_3,SemiBin_2941,inactive
HM,HM_3,SemiBin_2970,active-unknown
HM,HM_3,SemiBin_301,inactive
HM,HM_3,SemiBin_3078,inactive
HM,HM_3,SemiBin_3109,active-unknown
HM,HM_3,SemiBin_3136,inactive
HM,HM_3,SemiBin_3186,inactive
HM,HM_3,SemiBin_3211,inactive
HM,HM_3,SemiBin_32124,inactive
HM,HM_3,SemiBin_32143,inactive
HM,HM_3,SemiBin_3228,inactive
HM,HM_3,SemiBin_3288,inactive
HM,HM_3,SemiBin_336,active-unknown
HM,HM_3,SemiBin_3525,inactive
HM,HM_3,SemiBin_3662,active-unknown
HM,HM_3,SemiBin_3769,inactive
HM,HM_3,SemiBin_3866,active-unknown
HM,HM_3,SemiBin_3971,inactive
HM,HM_3,SemiBin_3999,inactive
HM,HM_3,SemiBin_4021,active-unknown
HM,HM_3,SemiBin_408,inactive
HM,HM_3,SemiBin_4095,inactive
HM,HM_3,SemiBin_4097,inactive
HM,HM_3,SemiBin_4319,inactive
HM,HM_3,SemiBin_4559,inactive
HM,HM_3,SemiBin_4716,inactive
HM,HM_3,SemiBin_4748,inactive
HM,HM_3,SemiBin_4842,inactive
HM,HM_3,SemiBin_4884,inactive
HM,HM_3,SemiBin_4964,inactive
HM,HM_3,SemiBin_4995,inactive
HM,HM_3,SemiBin_5100,active-unknown
HM,HM_3,SemiBin_520,inactive
HM,HM_3,SemiBin_5322,inactive
HM,HM_3,SemiBin_5387,inactive
HM,HM_3,SemiBin_540,inactive
HM,HM_3,SemiBin_548,inactive
HM,HM_3,SemiBin_5911,active-unknown
HM,HM_3,SemiBin_5993,inactive
HM,HM_3,SemiBin_6044,inactive
HM,HM_3,SemiBin_6168,inactive
HM,HM_3,SemiBin_643,inactive
HM,HM_3,SemiBin_656,inactive
HM,HM_3,SemiBin_6560,active-unknown
HM,HM_3,SemiBin_6572,inactive
HM,HM_3,SemiBin_6645,inactive
HM,HM_3,SemiBin_6682,inactive
HM,HM_3,SemiBin_672,inactive
HM,HM_3,SemiBin_6772,active-unknown
HM,HM_3,SemiBin_6819,inactive
HM,HM_3,SemiBin_687,active-unknown
HM,HM_3,SemiBin_6939,inactive
HM,HM_3,SemiBin_7118,inactive
HM,HM_3,SemiBin_715,active-unknown
HM,HM_3,SemiBin_7304,inactive
HM,HM_3,SemiBin_754,active-unknown
HM,HM_3,SemiBin_756,inactive
HM,HM_3,SemiBin_761,active-unknown
HM,HM_3,SemiBin_7928,inactive
HM,HM_3,SemiBin_805,inactive
HM,HM_3,SemiBin_8103,inactive
HM,HM_3,SemiBin_8199,inactive
HM,HM_3,SemiBin_843,active-unknown
HM,HM_3,SemiBin_8467,inactive
HM,HM_3,SemiBin_8530,inactive
HM,HM_3,SemiBin_882,inactive
HM,HM_3,SemiBin_8872,inactive
HM,HM_3,SemiBin_904,inactive
HM,HM_3,SemiBin_9129,inactive
HM,HM_3,SemiBin_926,active-unknown
HM,HM_3,SemiBin_9281,inactive
HM,HM_3,SemiBin_9320,inactive
HM,HM_3,SemiBin_974,active-unknown
HM,HM_3,SemiBin_985,inactive
HM,HM_3,SemiBin_9930,inactive
HM,HM_4,SemiBin_1005,inactive
HM,HM_4,SemiBin_10059,inactive
HM,HM_4,SemiBin_10326,inactive
HM,HM_4,SemiBin_10392,inactive
HM,HM_4,SemiBin_10453,inactive
HM,HM_4,SemiBin_1078,active-unknown
HM,HM_4,SemiBin_108,inactive
HM,HM_4,SemiBin_109,inactive
HM,HM_4,SemiBin_10920,active-unknown
HM,HM_4,SemiBin_11521,inactive
HM,HM_4,SemiBin_12011,inactive
HM,HM_4,SemiBin_1222,inactive
HM,HM_4,SemiBin_12234,inactive
HM,HM_4,SemiBin_1238,inactive
HM,HM_4,SemiBin_1239,inactive
HM,HM_4,SemiBin_1246,inactive
HM,HM_4,SemiBin_1317,active-unknown
HM,HM_4,SemiBin_1346,inactive
HM,HM_4,SemiBin_1403,inactive
HM,HM_4,SemiBin_14189,inactive
HM,HM_4,SemiBin_1431,inactive
HM,HM_4,SemiBin_1436,inactive
HM,HM_4,SemiBin_1478,inactive
HM,HM_4,SemiBin_1479,inactive
HM,HM_4,SemiBin_1480,inactive
HM,HM_4,SemiBin_1494,inactive
HM,HM_4,SemiBin_1503,inactive
HM,HM_4,SemiBin_1518,inactive
HM,HM_4,SemiBin_15338,inactive
HM,HM_4,SemiBin_1558,active-unknown
HM,HM_4,SemiBin_1560,inactive
HM,HM_4,SemiBin_1595,inactive
HM,HM_4,SemiBin_1643,inactive
HM,HM_4,SemiBin_1668,inactive
HM,HM_4,SemiBin_1699,inactive
HM,HM_4,SemiBin_1703,inactive
HM,HM_4,SemiBin_1709,inactive
HM,HM_4,SemiBin_1799,inactive
HM,HM_4,SemiBin_1854,inactive
HM,HM_4,SemiBin_1908,inactive
HM,HM_4,SemiBin_1938,active-unknown
HM,HM_4,SemiBin_1997,active-unknown
HM,HM_4,SemiBin_2003,inactive
HM,HM_4,SemiBin_2006,inactive
HM,HM_4,SemiBin_20296,inactive
HM,HM_4,SemiBin_2031,inactive
HM,HM_4,SemiBin_2089,active-unknown
HM,HM_4,SemiBin_21029,inactive
HM,HM_4,SemiBin_2115,inactive
HM,HM_4,SemiBin_2123,inactive
HM,HM_4,SemiBin_2178,active-unknown
HM,HM_4,SemiBin_2180,lytic-active
HM,HM_4,SemiBin_2254,active-unknown
HM,HM_4,SemiBin_2265,inactive
HM,HM_4,SemiBin_2289,inactive
HM,HM_4,SemiBin_2297,inactive
HM,HM_4,SemiBin_237,inactive
HM,HM_4,SemiBin_240,active-unknown
HM,HM_4,SemiBin_2469,inactive
HM,HM_4,SemiBin_259,inactive
HM,HM_4,SemiBin_2636,active-unknown
HM,HM_4,SemiBin_2737,inactive
HM,HM_4,SemiBin_2756,active-unknown
HM,HM_4,SemiBin_279,lytic-active
HM,HM_4,SemiBin_2831,inactive
HM,HM_4,SemiBin_2924,active-unknown
HM,HM_4,SemiBin_2941,inactive
HM,HM_4,SemiBin_2970,active-unknown
HM,HM_4,SemiBin_301,inactive
HM,HM_4,SemiBin_3078,inactive
HM,HM_4,SemiBin_3109,active-unknown
HM,HM_4,SemiBin_3136,inactive
HM,HM_4,SemiBin_3186,inactive
HM,HM_4,SemiBin_3211,inactive
HM,HM_4,SemiBin_32124,inactive
HM,HM_4,SemiBin_32143,inactive
HM,HM_4,SemiBin_3228,inactive
HM,HM_4,SemiBin_3288,inactive
HM,HM_4,SemiBin_336,active-unknown
HM,HM_4,SemiBin_3525,inactive
HM,HM_4,SemiBin_3662,active-unknown
HM,HM_4,SemiBin_3769,active-unknown
HM,HM_4,SemiBin_3866,active-unknown
HM,HM_4,SemiBin_3971,inactive
HM,HM_4,SemiBin_3999,inactive
HM,HM_4,SemiBin_4021,inactive
HM,HM_4,SemiBin_408,inactive
HM,HM_4,SemiBin_4095,inactive
HM,HM_4,SemiBin_4097,inactive
HM,HM_4,SemiBin_4319,inactive
HM,HM_4,SemiBin_4559,active-unknown
HM,HM_4,SemiBin_4716,inactive
HM,HM_4,SemiBin_4748,active-unknown
HM,HM_4,SemiBin_4842,inactive
HM,HM_4,SemiBin_4884,inactive
HM,HM_4,SemiBin_4964,active-unknown
HM,HM_4,SemiBin_4995,inactive
HM,HM_4,SemiBin_5100,inactive
HM,HM_4,SemiBin_520,inactive
HM,HM_4,SemiBin_5322,inactive
HM,HM_4,SemiBin_5387,inactive
HM,HM_4,SemiBin_540,inactive
HM,HM_4,SemiBin_548,active-unknown
HM,HM_4,SemiBin_5911,active-unknown
HM,HM_4,SemiBin_5993,inactive
HM,HM_4,SemiBin_6044,inactive
HM,HM_4,SemiBin_6168,inactive
HM,HM_4,SemiBin_643,inactive
HM,HM_4,SemiBin_656,inactive
HM,HM_4,SemiBin_6560,active-unknown
HM,HM_4,SemiBin_6572,inactive
HM,HM_4,SemiBin_6645,active-unknown
HM,HM_4,SemiBin_6682,inactive
HM,HM_4,SemiBin_672,inactive
HM,HM_4,SemiBin_6772,active-unknown
HM,HM_4,SemiBin_6819,inactive
HM,HM_4,SemiBin_687,inactive
HM,HM_4,SemiBin_6939,inactive
HM,HM_4,SemiBin_7118,inactive
HM,HM_4,SemiBin_715,active-unknown
HM,HM_4,SemiBin_7304,inactive
HM,HM_4,SemiBin_754,active-unknown
HM,HM_4,SemiBin_756,active-unknown
HM,HM_4,SemiBin_761,inactive
HM,HM_4,SemiBin_7928,inactive
HM,HM_4,SemiBin_805,inactive
HM,HM_4,SemiBin_8103,inactive
HM,HM_4,SemiBin_8199,inactive
HM,HM_4,SemiBin_843,inactive
HM,HM_4,SemiBin_8467,inactive
HM,HM_4,SemiBin_8530,inactive
HM,HM_4,SemiBin_882,active-unknown
HM,HM_4,SemiBin_8872,inactive
HM,HM_4,SemiBin_904,inactive
HM,HM_4,SemiBin_9129,lytic-active
HM,HM_4,SemiBin_926,inactive
HM,HM_4,SemiBin_9281,inactive
HM,HM_4,SemiBin_9320,inactive
HM,HM_4,SemiBin_974,active-unknown
HM,HM_4,SemiBin_985,inactive
HM,HM_4,SemiBin_9930,inactive
HM,HM_5,SemiBin_1005,inactive
HM,HM_5,SemiBin_10059,inactive
HM,HM_5,SemiBin_10326,inactive
HM,HM_5,SemiBin_10392,inactive
HM,HM_5,SemiBin_10453,inactive
HM,HM_5,SemiBin_1078,active-unknown
HM,HM_5,SemiBin_108,inactive
HM,HM_5,SemiBin_109,active-unknown
HM,HM_5,SemiBin_10920,inactive
HM,HM_5,SemiBin_11521,inactive
HM,HM_5,SemiBin_12011,inactive
HM,HM_5,SemiBin_1222,active-unknown
HM,HM_5,SemiBin_12234,inactive
HM,HM_5,SemiBin_1238,inactive
HM,HM_5,SemiBin_1239,inactive
HM,HM_5,SemiBin_1246,inactive
HM,HM_5,SemiBin_1317,inactive
HM,HM_5,SemiBin_1346,inactive
HM,HM_5,SemiBin_1403,inactive
HM,HM_5,SemiBin_14189,inactive
HM,HM_5,SemiBin_1431,inactive
HM,HM_5,SemiBin_1436,inactive
HM,HM_5,SemiBin_1478,inactive
HM,HM_5,SemiBin_1479,inactive
HM,HM_5,SemiBin_1480,inactive
HM,HM_5,SemiBin_1494,active-unknown
HM,HM_5,SemiBin_1503,inactive
HM,HM_5,SemiBin_1518,active-unknown
HM,HM_5,SemiBin_15338,inactive
HM,HM_5,SemiBin_1558,active-unknown
HM,HM_5,SemiBin_1560,inactive
HM,HM_5,SemiBin_1595,inactive
HM,HM_5,SemiBin_1643,inactive
HM,HM_5,SemiBin_1668,inactive
HM,HM_5,SemiBin_1699,inactive
HM,HM_5,SemiBin_1703,active-unknown
HM,HM_5,SemiBin_1709,inactive
HM,HM_5,SemiBin_1799,inactive
HM,HM_5,SemiBin_1854,inactive
HM,HM_5,SemiBin_1908,inactive
HM,HM_5,SemiBin_1938,inactive
HM,HM_5,SemiBin_1997,active-unknown
HM,HM_5,SemiBin_2003,inactive
HM,HM_5,SemiBin_2006,inactive
HM,HM_5,SemiBin_20296,inactive
HM,HM_5,SemiBin_2031,inactive
HM,HM_5,SemiBin_2089,active-unknown
HM,HM_5,SemiBin_21029,inactive
HM,HM_5,SemiBin_2115,active-unknown
HM,HM_5,SemiBin_2123,inactive
HM,HM_5,SemiBin_2178,inactive
HM,HM_5,SemiBin_2180,lytic-active
HM,HM_5,SemiBin_2254,active-unknown
HM,HM_5,SemiBin_2265,inactive
HM,HM_5,SemiBin_2289,inactive
HM,HM_5,SemiBin_2297,inactive
HM,HM_5,SemiBin_237,inactive
HM,HM_5,SemiBin_240,active-unknown
HM,HM_5,SemiBin_2469,inactive
HM,HM_5,SemiBin_259,inactive
HM,HM_5,SemiBin_2636,inactive
HM,HM_5,SemiBin_2737,inactive
HM,HM_5,SemiBin_2756,lytic-active
HM,HM_5,SemiBin_279,active-unknown
HM,HM_5,SemiBin_2831,inactive
HM,HM_5,SemiBin_2924,inactive
HM,HM_5,SemiBin_2941,inactive
HM,HM_5,SemiBin_2970,active-unknown
HM,HM_5,SemiBin_301,inactive
HM,HM_5,SemiBin_3078,active-unknown
HM,HM_5,SemiBin_3109,inactive
HM,HM_5,SemiBin_3136,inactive
HM,HM_5,SemiBin_3186,inactive
HM,HM_5,SemiBin_3211,inactive
HM,HM_5,SemiBin_32124,inactive
HM,HM_5,SemiBin_32143,inactive
HM,HM_5,SemiBin_3228,inactive
HM,HM_5,SemiBin_3288,inactive
HM,HM_5,SemiBin_336,active-unknown
HM,HM_5,SemiBin_3525,inactive
HM,HM_5,SemiBin_3662,active-unknown
HM,HM_5,SemiBin_3769,inactive
HM,HM_5,SemiBin_3866,active-unknown
HM,HM_5,SemiBin_3971,inactive
HM,HM_5,SemiBin_3999,inactive
HM,HM_5,SemiBin_4021,inactive
HM,HM_5,SemiBin_408,active-unknown
HM,HM_5,SemiBin_4095,inactive
HM,HM_5,SemiBin_4097,inactive
HM,HM_5,SemiBin_4319,inactive
HM,HM_5,SemiBin_4559,inactive
HM,HM_5,SemiBin_4716,inactive
HM,HM_5,SemiBin_4748,inactive
HM,HM_5,SemiBin_4842,inactive
HM,HM_5,SemiBin_4884,inactive
HM,HM_5,SemiBin_4964,inactive
HM,HM_5,SemiBin_4995,inactive
HM,HM_5,SemiBin_5100,active-unknown
HM,HM_5,SemiBin_520,inactive
HM,HM_5,SemiBin_5322,inactive
HM,HM_5,SemiBin_5387,inactive
HM,HM_5,SemiBin_540,inactive
HM,HM_5,SemiBin_548,inactive
HM,HM_5,SemiBin_5911,active-unknown
HM,HM_5,SemiBin_5993,inactive
HM,HM_5,SemiBin_6044,active-unknown
HM,HM_5,SemiBin_6168,inactive
HM,HM_5,SemiBin_643,inactive
HM,HM_5,SemiBin_656,inactive
HM,HM_5,SemiBin_6560,inactive
HM,HM_5,SemiBin_6572,inactive
HM,HM_5,SemiBin_6645,inactive
HM,HM_5,SemiBin_6682,inactive
HM,HM_5,SemiBin_672,inactive
HM,HM_5,SemiBin_6772,active-unknown
HM,HM_5,SemiBin_6819,inactive
HM,HM_5,SemiBin_687,active-unknown
HM,HM_5,SemiBin_6939,inactive
HM,HM_5,SemiBin_7118,inactive
HM,HM_5,SemiBin_715,active-unknown
HM,HM_5,SemiBin_7304,inactive
HM,HM_5,SemiBin_754,inactive
HM,HM_5,SemiBin_756,inactive
HM,HM_5,SemiBin_761,inactive
HM,HM_5,SemiBin_7928,active-unknown
HM,HM_5,SemiBin_805,inactive
HM,HM_5,SemiBin_8103,inactive
HM,HM_5,SemiBin_8199,inactive
HM,HM_5,SemiBin_843,inactive
HM,HM_5,SemiBin_8467,inactive
HM,HM_5,SemiBin_8530,inactive
HM,HM_5,SemiBin_882,active-unknown
HM,HM_5,SemiBin_8872,inactive
HM,HM_5,SemiBin_904,inactive
HM,HM_5,SemiBin_9129,active-unknown
HM,HM_5,SemiBin_926,inactive
HM,HM_5,SemiBin_9281,inactive
HM,HM_5,SemiBin_9320,inactive
HM,HM_5,SemiBin_974,active-unknown
HM,HM_5,SemiBin_985,inactive
HM,HM_5,SemiBin_9930,inactive
HM,HM_6,SemiBin_1005,active-unknown
HM,HM_6,SemiBin_10059,inactive
HM,HM_6,SemiBin_10326,inactive
HM,HM_6,SemiBin_10392,inactive
HM,HM_6,SemiBin_10453,inactive
HM,HM_6,SemiBin_1078,active-unknown
HM,HM_6,SemiBin_108,inactive
HM,HM_6,SemiBin_109,inactive
HM,HM_6,SemiBin_10920,inactive
HM,HM_6,SemiBin_11521,inactive
HM,HM_6,SemiBin_12011,inactive
HM,HM_6,SemiBin_1222,inactive
HM,HM_6,SemiBin_12234,inactive
HM,HM_6,SemiBin_1238,inactive
HM,HM_6,SemiBin_1239,inactive
HM,HM_6,SemiBin_1246,inactive
HM,HM_6,SemiBin_1317,inactive
HM,HM_6,SemiBin_1346,inactive
HM,HM_6,SemiBin_1403,inactive
HM,HM_6,SemiBin_14189,inactive
HM,HM_6,SemiBin_1431,inactive
HM,HM_6,SemiBin_1436,inactive
HM,HM_6,SemiBin_1478,inactive
HM,HM_6,SemiBin_1479,inactive
HM,HM_6,SemiBin_1480,inactive
HM,HM_6,SemiBin_1494,active-unknown
HM,HM_6,SemiBin_1503,inactive
HM,HM_6,SemiBin_1518,inactive
HM,HM_6,SemiBin_15338,inactive
HM,HM_6,SemiBin_1558,active-unknown
HM,HM_6,SemiBin_1560,inactive
HM,HM_6,SemiBin_1595,inactive
HM,HM_6,SemiBin_1643,inactive
HM,HM_6,SemiBin_1668,inactive
HM,HM_6,SemiBin_1699,inactive
HM,HM_6,SemiBin_1703,inactive
HM,HM_6,SemiBin_1709,inactive
HM,HM_6,SemiBin_1799,active-unknown
HM,HM_6,SemiBin_1854,inactive
HM,HM_6,SemiBin_1908,inactive
HM,HM_6,SemiBin_1938,inactive
HM,HM_6,SemiBin_1997,active-unknown
HM,HM_6,SemiBin_2003,inactive
HM,HM_6,SemiBin_2006,inactive
HM,HM_6,SemiBin_20296,inactive
HM,HM_6,SemiBin_2031,inactive
HM,HM_6,SemiBin_2089,inactive
HM,HM_6,SemiBin_21029,inactive
HM,HM_6,SemiBin_2115,inactive
HM,HM_6,SemiBin_2123,inactive
HM,HM_6,SemiBin_2178,active-unknown
HM,HM_6,SemiBin_2180,active-unknown
HM,HM_6,SemiBin_2254,inactive
HM,HM_6,SemiBin_2265,inactive
HM,HM_6,SemiBin_2289,inactive
HM,HM_6,SemiBin_2297,inactive
HM,HM_6,SemiBin_237,inactive
HM,HM_6,SemiBin_240,active-unknown
HM,HM_6,SemiBin_2469,inactive
HM,HM_6,SemiBin_259,inactive
HM,HM_6,SemiBin_2636,inactive
HM,HM_6,SemiBin_2737,inactive
HM,HM_6,SemiBin_2756,active-unknown
HM,HM_6,SemiBin_279,active-unknown
HM,HM_6,SemiBin_2831,inactive
HM,HM_6,SemiBin_2924,active-unknown
HM,HM_6,SemiBin_2941,inactive
HM,HM_6,SemiBin_2970,active-unknown
HM,HM_6,SemiBin_301,inactive
HM,HM_6,SemiBin_3078,inactive
HM,HM_6,SemiBin_3109,inactive
HM,HM_6,SemiBin_3136,inactive
HM,HM_6,SemiBin_3186,inactive
HM,HM_6,SemiBin_3211,inactive
HM,HM_6,SemiBin_32124,inactive
HM,HM_6,SemiBin_32143,active-unknown
HM,HM_6,SemiBin_3228,inactive
HM,HM_6,SemiBin_3288,inactive
HM,HM_6,SemiBin_336,active-unknown
HM,HM_6,SemiBin_3525,inactive
HM,HM_6,SemiBin_3662,active-unknown
HM,HM_6,SemiBin_3769,active-unknown
HM,HM_6,SemiBin_3866,active-unknown
HM,HM_6,SemiBin_3971,active-unknown
HM,HM_6,SemiBin_3999,inactive
HM,HM_6,SemiBin_4021,active-unknown
HM,HM_6,SemiBin_408,inactive
HM,HM_6,SemiBin_4095,inactive
HM,HM_6,SemiBin_4097,inactive
HM,HM_6,SemiBin_4319,inactive
HM,HM_6,SemiBin_4559,inactive
HM,HM_6,SemiBin_4716,inactive
HM,HM_6,SemiBin_4748,inactive
HM,HM_6,SemiBin_4842,inactive
HM,HM_6,SemiBin_4884,inactive
HM,HM_6,SemiBin_4964,inactive
HM,HM_6,SemiBin_4995,active-unknown
HM,HM_6,SemiBin_5100,inactive
HM,HM_6,SemiBin_520,inactive
HM,HM_6,SemiBin_5322,inactive
HM,HM_6,SemiBin_5387,inactive
HM,HM_6,SemiBin_540,inactive
HM,HM_6,SemiBin_548,active-unknown
HM,HM_6,SemiBin_5911,inactive
HM,HM_6,SemiBin_5993,inactive
HM,HM_6,SemiBin_6044,inactive
HM,HM_6,SemiBin_6168,inactive
HM,HM_6,SemiBin_643,inactive
HM,HM_6,SemiBin_656,inactive
HM,HM_6,SemiBin_6560,inactive
HM,HM_6,SemiBin_6572,inactive
HM,HM_6,SemiBin_6645,inactive
HM,HM_6,SemiBin_6682,inactive
HM,HM_6,SemiBin_672,inactive
HM,HM_6,SemiBin_6772,active-unknown
HM,HM_6,SemiBin_6819,inactive
HM,HM_6,SemiBin_687,active-unknown
HM,HM_6,SemiBin_6939,inactive
HM,HM_6,SemiBin_7118,inactive
HM,HM_6,SemiBin_715,active-unknown
HM,HM_6,SemiBin_7304,inactive
HM,HM_6,SemiBin_754,active-unknown
HM,HM_6,SemiBin_756,inactive
HM,HM_6,SemiBin_761,active-unknown
HM,HM_6,SemiBin_7928,inactive
HM,HM_6,SemiBin_805,inactive
HM,HM_6,SemiBin_8103,inactive
HM,HM_6,SemiBin_8199,inactive
HM,HM_6,SemiBin_843,inactive
HM,HM_6,SemiBin_8467,inactive
HM,HM_6,SemiBin_8530,inactive
HM,HM_6,SemiBin_882,active-unknown
HM,HM_6,SemiBin_8872,inactive
HM,HM_6,SemiBin_904,inactive
HM,HM_6,SemiBin_9129,lytic-active
HM,HM_6,SemiBin_926,inactive
HM,HM_6,SemiBin_9281,inactive
HM,HM_6,SemiBin_9320,inactive
HM,HM_6,SemiBin_974,active-unknown
HM,HM_6,SemiBin_985,inactive
HM,HM_6,SemiBin_9930,inactive
HM,HM_7,SemiBin_1005,inactive
HM,HM_7,SemiBin_10059,inactive
HM,HM_7,SemiBin_10326,inactive
HM,HM_7,SemiBin_10392,inactive
HM,HM_7,SemiBin_10453,inactive
HM,HM_7,SemiBin_1078,active-unknown
HM,HM_7,SemiBin_108,inactive
HM,HM_7,SemiBin_109,active-unknown
HM,HM_7,SemiBin_10920,inactive
HM,HM_7,SemiBin_11521,inactive
HM,HM_7,SemiBin_12011,inactive
HM,HM_7,SemiBin_1222,inactive
HM,HM_7,SemiBin_12234,inactive
HM,HM_7,SemiBin_1238,inactive
HM,HM_7,SemiBin_1239,inactive
HM,HM_7,SemiBin_1246,inactive
HM,HM_7,SemiBin_1317,inactive
HM,HM_7,SemiBin_1346,inactive
HM,HM_7,SemiBin_1403,inactive
HM,HM_7,SemiBin_14189,inactive
HM,HM_7,SemiBin_1431,inactive
HM,HM_7,SemiBin_1436,inactive
HM,HM_7,SemiBin_1478,inactive
HM,HM_7,SemiBin_1479,inactive
HM,HM_7,SemiBin_1480,inactive
HM,HM_7,SemiBin_1494,inactive
HM,HM_7,SemiBin_1503,inactive
HM,HM_7,SemiBin_1518,inactive
HM,HM_7,SemiBin_15338,inactive
HM,HM_7,SemiBin_1558,active-unknown
HM,HM_7,SemiBin_1560,inactive
HM,HM_7,SemiBin_1595,inactive
HM,HM_7,SemiBin_1643,inactive
HM,HM_7,SemiBin_1668,inactive
HM,HM_7,SemiBin_1699,inactive
HM,HM_7,SemiBin_1703,inactive
HM,HM_7,SemiBin_1709,inactive
HM,HM_7,SemiBin_1799,inactive
HM,HM_7,SemiBin_1854,inactive
HM,HM_7,SemiBin_1908,inactive
HM,HM_7,SemiBin_1938,active-unknown
HM,HM_7,SemiBin_1997,active-unknown
HM,HM_7,SemiBin_2003,active-unknown
HM,HM_7,SemiBin_2006,inactive
HM,HM_7,SemiBin_20296,inactive
HM,HM_7,SemiBin_2031,inactive
HM,HM_7,SemiBin_2089,inactive
HM,HM_7,SemiBin_21029,inactive
HM,HM_7,SemiBin_2115,inactive
HM,HM_7,SemiBin_2123,inactive
HM,HM_7,SemiBin_2178,inactive
HM,HM_7,SemiBin_2180,active-unknown
HM,HM_7,SemiBin_2254,inactive
HM,HM_7,SemiBin_2265,inactive
HM,HM_7,SemiBin_2289,inactive
HM,HM_7,SemiBin_2297,active-unknown
HM,HM_7,SemiBin_237,inactive
HM,HM_7,SemiBin_240,active-unknown
HM,HM_7,SemiBin_2469,inactive
HM,HM_7,SemiBin_259,inactive
HM,HM_7,SemiBin_2636,inactive
HM,HM_7,SemiBin_2737,inactive
HM,HM_7,SemiBin_2756,lytic-active
HM,HM_7,SemiBin_279,lytic-active
HM,HM_7,SemiBin_2831,inactive
HM,HM_7,SemiBin_2924,inactive
HM,HM_7,SemiBin_2941,inactive
HM,HM_7,SemiBin_2970,inactive
HM,HM_7,SemiBin_301,inactive
HM,HM_7,SemiBin_3078,active-unknown
HM,HM_7,SemiBin_3109,active-unknown
HM,HM_7,SemiBin_3136,inactive
HM,HM_7,SemiBin_3186,inactive
HM,HM_7,SemiBin_3211,inactive
HM,HM_7,SemiBin_32124,inactive
HM,HM_7,SemiBin_32143,inactive
HM,HM_7,SemiBin_3228,inactive
HM,HM_7,SemiBin_3288,inactive
HM,HM_7,SemiBin_336,active-unknown
HM,HM_7,SemiBin_3525,inactive
HM,HM_7,SemiBin_3662,active-unknown
HM,HM_7,SemiBin_3769,active-unknown
HM,HM_7,SemiBin_3866,active-unknown
HM,HM_7,SemiBin_3971,inactive
HM,HM_7,SemiBin_3999,inactive
HM,HM_7,SemiBin_4021,inactive
HM,HM_7,SemiBin_408,inactive
HM,HM_7,SemiBin_4095,inactive
HM,HM_7,SemiBin_4097,inactive
HM,HM_7,SemiBin_4319,inactive
HM,HM_7,SemiBin_4559,inactive
HM,HM_7,SemiBin_4716,inactive
HM,HM_7,SemiBin_4748,active-unknown
HM,HM_7,SemiBin_4842,inactive
HM,HM_7,SemiBin_4884,inactive
HM,HM_7,SemiBin_4964,active-unknown
HM,HM_7,SemiBin_4995,inactive
HM,HM_7,SemiBin_5100,inactive
HM,HM_7,SemiBin_520,inactive
HM,HM_7,SemiBin_5322,inactive
HM,HM_7,SemiBin_5387,inactive
HM,HM_7,SemiBin_540,active-unknown
HM,HM_7,SemiBin_548,active-unknown
HM,HM_7,SemiBin_5911,active-unknown
HM,HM_7,SemiBin_5993,inactive
HM,HM_7,SemiBin_6044,inactive
HM,HM_7,SemiBin_6168,inactive
HM,HM_7,SemiBin_643,inactive
HM,HM_7,SemiBin_656,inactive
HM,HM_7,SemiBin_6560,active-unknown
HM,HM_7,SemiBin_6572,inactive
HM,HM_7,SemiBin_6645,inactive
HM,HM_7,SemiBin_6682,inactive
HM,HM_7,SemiBin_672,inactive
HM,HM_7,SemiBin_6772,active-unknown
HM,HM_7,SemiBin_6819,inactive
HM,HM_7,SemiBin_687,lytic-active
HM,HM_7,SemiBin_6939,inactive
HM,HM_7,SemiBin_7118,inactive
HM,HM_7,SemiBin_715,active-unknown
HM,HM_7,SemiBin_7304,inactive
HM,HM_7,SemiBin_754,active-unknown
HM,HM_7,SemiBin_756,inactive
HM,HM_7,SemiBin_761,inactive
HM,HM_7,SemiBin_7928,inactive
HM,HM_7,SemiBin_805,inactive
HM,HM_7,SemiBin_8103,inactive
HM,HM_7,SemiBin_8199,inactive
HM,HM_7,SemiBin_843,active-unknown
HM,HM_7,SemiBin_8467,inactive
HM,HM_7,SemiBin_8530,inactive
HM,HM_7,SemiBin_882,inactive
HM,HM_7,SemiBin_8872,inactive
HM,HM_7,SemiBin_904,inactive
HM,HM_7,SemiBin_9129,inactive
HM,HM_7,SemiBin_926,inactive
HM,HM_7,SemiBin_9281,inactive
HM,HM_7,SemiBin_9320,inactive
HM,HM_7,SemiBin_974,active-unknown
HM,HM_7,SemiBin_985,inactive
HM,HM_7,SemiBin_9930,inactive
HM,HM_8,SemiBin_1005,inactive
HM,HM_8,SemiBin_10059,inactive
HM,HM_8,SemiBin_10326,inactive
HM,HM_8,SemiBin_10392,inactive
HM,HM_8,SemiBin_10453,inactive
HM,HM_8,SemiBin_1078,active-unknown
HM,HM_8,SemiBin_108,inactive
HM,HM_8,SemiBin_109,inactive
HM,HM_8,SemiBin_10920,inactive
HM,HM_8,SemiBin_11521,inactive
HM,HM_8,SemiBin_12011,inactive
HM,HM_8,SemiBin_1222,inactive
HM,HM_8,SemiBin_12234,inactive
HM,HM_8,SemiBin_1238,inactive
HM,HM_8,SemiBin_1239,inactive
HM,HM_8,SemiBin_1246,inactive
HM,HM_8,SemiBin_1317,inactive
HM,HM_8,SemiBin_1346,inactive
HM,HM_8,SemiBin_1403,inactive
HM,HM_8,SemiBin_14189,inactive
HM,HM_8,SemiBin_1431,inactive
HM,HM_8,SemiBin_1436,inactive
HM,HM_8,SemiBin_1478,inactive
HM,HM_8,SemiBin_1479,inactive
HM,HM_8,SemiBin_1480,inactive
HM,HM_8,SemiBin_1494,inactive
HM,HM_8,SemiBin_1503,inactive
HM,HM_8,SemiBin_1518,active-unknown
HM,HM_8,SemiBin_15338,inactive
HM,HM_8,SemiBin_1558,active-unknown
HM,HM_8,SemiBin_1560,inactive
HM,HM_8,SemiBin_1595,inactive
HM,HM_8,SemiBin_1643,inactive
HM,HM_8,SemiBin_1668,inactive
HM,HM_8,SemiBin_1699,active-unknown
HM,HM_8,SemiBin_1703,inactive
HM,HM_8,SemiBin_1709,inactive
HM,HM_8,SemiBin_1799,inactive
HM,HM_8,SemiBin_1854,inactive
HM,HM_8,SemiBin_1908,inactive
HM,HM_8,SemiBin_1938,active-unknown
HM,HM_8,SemiBin_1997,active-unknown
HM,HM_8,SemiBin_2003,active-unknown
HM,HM_8,SemiBin_2006,inactive
HM,HM_8,SemiBin_20296,inactive
HM,HM_8,SemiBin_2031,inactive
HM,HM_8,SemiBin_2089,active-unknown
HM,HM_8,SemiBin_21029,inactive
HM,HM_8,SemiBin_2115,inactive
HM,HM_8,SemiBin_2123,inactive
HM,HM_8,SemiBin_2178,active-unknown
HM,HM_8,SemiBin_2180,active-unknown
HM,HM_8,SemiBin_2254,active-unknown
HM,HM_8,SemiBin_2265,inactive
HM,HM_8,SemiBin_2289,inactive
HM,HM_8,SemiBin_2297,inactive
HM,HM_8,SemiBin_237,inactive
HM,HM_8,SemiBin_240,active-unknown
HM,HM_8,SemiBin_2469,inactive
HM,HM_8,SemiBin_259,inactive
HM,HM_8,SemiBin_2636,inactive
HM,HM_8,SemiBin_2737,inactive
HM,HM_8,SemiBin_2756,lytic-active
HM,HM_8,SemiBin_279,active-unknown
HM,HM_8,SemiBin_2831,inactive
HM,HM_8,SemiBin_2924,inactive
HM,HM_8,SemiBin_2941,inactive
HM,HM_8,SemiBin_2970,inactive
HM,HM_8,SemiBin_301,inactive
HM,HM_8,SemiBin_3078,inactive
HM,HM_8,SemiBin_3109,inactive
HM,HM_8,SemiBin_3136,inactive
HM,HM_8,SemiBin_3186,inactive
HM,HM_8,SemiBin_3211,inactive
HM,HM_8,SemiBin_32124,inactive
HM,HM_8,SemiBin_32143,inactive
HM,HM_8,SemiBin_3228,inactive
HM,HM_8,SemiBin_3288,inactive
HM,HM_8,SemiBin_336,active-unknown
HM,HM_8,SemiBin_3525,inactive
HM,HM_8,SemiBin_3662,active-unknown
HM,HM_8,SemiBin_3769,inactive
HM,HM_8,SemiBin_3866,active-unknown
HM,HM_8,SemiBin_3971,inactive
HM,HM_8,SemiBin_3999,inactive
HM,HM_8,SemiBin_4021,active-unknown
HM,HM_8,SemiBin_408,inactive
HM,HM_8,SemiBin_4095,inactive
HM,HM_8,SemiBin_4097,inactive
HM,HM_8,SemiBin_4319,inactive
HM,HM_8,SemiBin_4559,active-unknown
HM,HM_8,SemiBin_4716,inactive
HM,HM_8,SemiBin_4748,inactive
HM,HM_8,SemiBin_4842,inactive
HM,HM_8,SemiBin_4884,inactive
HM,HM_8,SemiBin_4964,inactive
HM,HM_8,SemiBin_4995,inactive
HM,HM_8,SemiBin_5100,inactive
HM,HM_8,SemiBin_520,inactive
HM,HM_8,SemiBin_5322,inactive
HM,HM_8,SemiBin_5387,inactive
HM,HM_8,SemiBin_540,inactive
HM,HM_8,SemiBin_548,inactive
HM,HM_8,SemiBin_5911,inactive
HM,HM_8,SemiBin_5993,inactive
HM,HM_8,SemiBin_6044,inactive
HM,HM_8,SemiBin_6168,inactive
HM,HM_8,SemiBin_643,inactive
HM,HM_8,SemiBin_656,inactive
HM,HM_8,SemiBin_6560,inactive
HM,HM_8,SemiBin_6572,inactive
HM,HM_8,SemiBin_6645,inactive
HM,HM_8,SemiBin_6682,inactive
HM,HM_8,SemiBin_672,inactive
HM,HM_8,SemiBin_6772,inactive
HM,HM_8,SemiBin_6819,inactive
HM,HM_8,SemiBin_687,active-unknown
HM,HM_8,SemiBin_6939,inactive
HM,HM_8,SemiBin_7118,inactive
HM,HM_8,SemiBin_715,active-unknown
HM,HM_8,SemiBin_7304,inactive
HM,HM_8,SemiBin_754,active-unknown
HM,HM_8,SemiBin_756,inactive
HM,HM_8,SemiBin_761,inactive
HM,HM_8,SemiBin_7928,inactive
HM,HM_8,SemiBin_805,inactive
HM,HM_8,SemiBin_8103,inactive
HM,HM_8,SemiBin_8199,inactive
HM,HM_8,SemiBin_843,inactive
HM,HM_8,SemiBin_8467,inactive
HM,HM_8,SemiBin_8530,inactive
HM,HM_8,SemiBin_882,inactive
HM,HM_8,SemiBin_8872,inactive
HM,HM_8,SemiBin_904,inactive
HM,HM_8,SemiBin_9129,active-unknown
HM,HM_8,SemiBin_926,inactive
HM,HM_8,SemiBin_9281,inactive
HM,HM_8,SemiBin_9320,inactive
HM,HM_8,SemiBin_974,active-unknown
HM,HM_8,SemiBin_985,inactive
HM,HM_8,SemiBin_9930,inactive
LM,LM_2,SemiBin_1005,inactive
LM,LM_2,SemiBin_10059,inactive
LM,LM_2,SemiBin_10326,inactive
LM,LM_2,SemiBin_10392,inactive
LM,LM_2,SemiBin_10453,inactive
LM,LM_2,SemiBin_1078,active-unknown
LM,LM_2,SemiBin_108,inactive
LM,LM_2,SemiBin_109,active-unknown
LM,LM_2,SemiBin_10920,inactive
LM,LM_2,SemiBin_11521,inactive
LM,LM_2,SemiBin_12011,inactive
LM,LM_2,SemiBin_1222,inactive
LM,LM_2,SemiBin_12234,inactive
LM,LM_2,SemiBin_1238,inactive
LM,LM_2,SemiBin_1239,inactive
LM,LM_2,SemiBin_1246,inactive
LM,LM_2,SemiBin_1317,inactive
LM,LM_2,SemiBin_1346,inactive
LM,LM_2,SemiBin_1403,inactive
LM,LM_2,SemiBin_14189,inactive
LM,LM_2,SemiBin_1431,inactive
LM,LM_2,SemiBin_1436,active-unknown
LM,LM_2,SemiBin_1478,inactive
LM,LM_2,SemiBin_1479,inactive
LM,LM_2,SemiBin_1480,inactive
LM,LM_2,SemiBin_1494,inactive
LM,LM_2,SemiBin_1503,inactive
LM,LM_2,SemiBin_1518,inactive
LM,LM_2,SemiBin_15338,inactive
LM,LM_2,SemiBin_1558,active-unknown
LM,LM_2,SemiBin_1560,inactive
LM,LM_2,SemiBin_1595,inactive
LM,LM_2,SemiBin_1643,inactive
LM,LM_2,SemiBin_1668,inactive
LM,LM_2,SemiBin_1699,active-unknown
LM,LM_2,SemiBin_1703,active-unknown
LM,LM_2,SemiBin_1709,inactive
LM,LM_2,SemiBin_1799,active-unknown
LM,LM_2,SemiBin_1854,inactive
LM,LM_2,SemiBin_1908,active-unknown
LM,LM_2,SemiBin_1938,inactive
LM,LM_2,SemiBin_1997,active-unknown
LM,LM_2,SemiBin_2003,active-unknown
LM,LM_2,SemiBin_2006,inactive
LM,LM_2,SemiBin_20296,inactive
LM,LM_2,SemiBin_2031,inactive
LM,LM_2,SemiBin_2089,inactive
LM,LM_2,SemiBin_21029,inactive
LM,LM_2,SemiBin_2115,inactive
LM,LM_2,SemiBin_2123,inactive
LM,LM_2,SemiBin_2178,inactive
LM,LM_2,SemiBin_2180,inactive
LM,LM_2,SemiBin_2254,inactive
LM,LM_2,SemiBin_2265,inactive
LM,LM_2,SemiBin_2289,inactive
LM,LM_2,SemiBin_2297,lytic-active
LM,LM_2,SemiBin_237,inactive
LM,LM_2,SemiBin_240,active-unknown
LM,LM_2,SemiBin_2469,inactive
LM,LM_2,SemiBin_259,inactive
LM,LM_2,SemiBin_2636,inactive
LM,LM_2,SemiBin_2737,inactive
LM,LM_2,SemiBin_2756,lytic-active
LM,LM_2,SemiBin_279,active-unknown
LM,LM_2,SemiBin_2831,inactive
LM,LM_2,SemiBin_2924,active-unknown
LM,LM_2,SemiBin_2941,inactive
LM,LM_2,SemiBin_2970,inactive
LM,LM_2,SemiBin_301,inactive
LM,LM_2,SemiBin_3078,inactive
LM,LM_2,SemiBin_3109,active-unknown
LM,LM_2,SemiBin_3136,inactive
LM,LM_2,SemiBin_3186,inactive
LM,LM_2,SemiBin_3211,inactive
LM,LM_2,SemiBin_32124,inactive
LM,LM_2,SemiBin_32143,inactive
LM,LM_2,SemiBin_3228,inactive
LM,LM_2,SemiBin_3288,inactive
LM,LM_2,SemiBin_336,active-unknown
LM,LM_2,SemiBin_3525,inactive
LM,LM_2,SemiBin_3662,active-unknown
LM,LM_2,SemiBin_3769,active-unknown
LM,LM_2,SemiBin_3866,active-unknown
LM,LM_2,SemiBin_3971,inactive
LM,LM_2,SemiBin_3999,inactive
LM,LM_2,SemiBin_4021,active-unknown
LM,LM_2,SemiBin_408,inactive
LM,LM_2,SemiBin_4095,active-unknown
LM,LM_2,SemiBin_4097,inactive
LM,LM_2,SemiBin_4319,inactive
LM,LM_2,SemiBin_4559,inactive
LM,LM_2,SemiBin_4716,inactive
LM,LM_2,SemiBin_4748,inactive
LM,LM_2,SemiBin_4842,inactive
LM,LM_2,SemiBin_4884,inactive
LM,LM_2,SemiBin_4964,inactive
LM,LM_2,SemiBin_4995,inactive
LM,LM_2,SemiBin_5100,active-unknown
LM,LM_2,SemiBin_520,inactive
LM,LM_2,SemiBin_5322,inactive
LM,LM_2,SemiBin_5387,inactive
LM,LM_2,SemiBin_540,inactive
LM,LM_2,SemiBin_548,inactive
LM,LM_2,SemiBin_5911,active-unknown
LM,LM_2,SemiBin_5993,active-unknown
LM,LM_2,SemiBin_6044,inactive
LM,LM_2,SemiBin_6168,inactive
LM,LM_2,SemiBin_643,inactive
LM,LM_2,SemiBin_656,inactive
LM,LM_2,SemiBin_6560,active-unknown
LM,LM_2,SemiBin_6572,inactive
LM,LM_2,SemiBin_6645,inactive
LM,LM_2,SemiBin_6682,inactive
LM,LM_2,SemiBin_672,inactive
LM,LM_2,SemiBin_6772,active-unknown
LM,LM_2,SemiBin_6819,inactive
LM,LM_2,SemiBin_687,active-unknown
LM,LM_2,SemiBin_6939,inactive
LM,LM_2,SemiBin_7118,active-unknown
LM,LM_2,SemiBin_715,active-unknown
LM,LM_2,SemiBin_7304,inactive
LM,LM_2,SemiBin_754,active-unknown
LM,LM_2,SemiBin_756,inactive
LM,LM_2,SemiBin_761,inactive
LM,LM_2,SemiBin_7928,inactive
LM,LM_2,SemiBin_805,inactive
LM,LM_2,SemiBin_8103,inactive
LM,LM_2,SemiBin_8199,inactive
LM,LM_2,SemiBin_843,active-unknown
LM,LM_2,SemiBin_8467,inactive
LM,LM_2,SemiBin_8530,inactive
LM,LM_2,SemiBin_882,inactive
LM,LM_2,SemiBin_8872,inactive
LM,LM_2,SemiBin_904,inactive
LM,LM_2,SemiBin_9129,inactive
LM,LM_2,SemiBin_926,inactive
LM,LM_2,SemiBin_9281,inactive
LM,LM_2,SemiBin_9320,inactive
LM,LM_2,SemiBin_974,active-unknown
LM,LM_2,SemiBin_985,inactive
LM,LM_2,SemiBin_9930,inactive
LM,LM_3,SemiBin_1005,inactive
LM,LM_3,SemiBin_10059,inactive
LM,LM_3,SemiBin_10326,inactive
LM,LM_3,SemiBin_10392,inactive
LM,LM_3,SemiBin_10453,inactive
LM,LM_3,SemiBin_1078,active-unknown
LM,LM_3,SemiBin_108,inactive
LM,LM_3,SemiBin_109,inactive
LM,LM_3,SemiBin_10920,inactive
LM,LM_3,SemiBin_11521,inactive
LM,LM_3,SemiBin_12011,inactive
LM,LM_3,SemiBin_1222,inactive
LM,LM_3,SemiBin_12234,inactive
LM,LM_3,SemiBin_1238,inactive
LM,LM_3,SemiBin_1239,inactive
LM,LM_3,SemiBin_1246,active-unknown
LM,LM_3,SemiBin_1317,inactive
LM,LM_3,SemiBin_1346,inactive
LM,LM_3,SemiBin_1403,inactive
LM,LM_3,SemiBin_14189,inactive
LM,LM_3,SemiBin_1431,inactive
LM,LM_3,SemiBin_1436,inactive
LM,LM_3,SemiBin_1478,inactive
LM,LM_3,SemiBin_1479,inactive
LM,LM_3,SemiBin_1480,inactive
LM,LM_3,SemiBin_1494,inactive
LM,LM_3,SemiBin_1503,inactive
LM,LM_3,SemiBin_1518,inactive
LM,LM_3,SemiBin_15338,inactive
LM,LM_3,SemiBin_1558,active-unknown
LM,LM_3,SemiBin_1560,inactive
LM,LM_3,SemiBin_1595,inactive
LM,LM_3,SemiBin_1643,inactive
LM,LM_3,SemiBin_1668,inactive
LM,LM_3,SemiBin_1699,inactive
LM,LM_3,SemiBin_1703,inactive
LM,LM_3,SemiBin_1709,inactive
LM,LM_3,SemiBin_1799,inactive
LM,LM_3,SemiBin_1854,inactive
LM,LM_3,SemiBin_1908,inactive
LM,LM_3,SemiBin_1938,inactive
LM,LM_3,SemiBin_1997,active-unknown
LM,LM_3,SemiBin_2003,active-unknown
LM,LM_3,SemiBin_2006,inactive
LM,LM_3,SemiBin_20296,inactive
LM,LM_3,SemiBin_2031,inactive
LM,LM_3,SemiBin_2089,inactive
LM,LM_3,SemiBin_21029,inactive
LM,LM_3,SemiBin_2115,inactive
LM,LM_3,SemiBin_2123,inactive
LM,LM_3,SemiBin_2178,active-unknown
LM,LM_3,SemiBin_2180,active-unknown
LM,LM_3,SemiBin_2254,inactive
LM,LM_3,SemiBin_2265,inactive
LM,LM_3,SemiBin_2289,inactive
LM,LM_3,SemiBin_2297,lytic-active
LM,LM_3,SemiBin_237,inactive
LM,LM_3,SemiBin_240,active-unknown
LM,LM_3,SemiBin_2469,inactive
LM,LM_3,SemiBin_259,inactive
LM,LM_3,SemiBin_2636,inactive
LM,LM_3,SemiBin_2737,inactive
LM,LM_3,SemiBin_2756,lytic-active
LM,LM_3,SemiBin_279,active-unknown
LM,LM_3,SemiBin_2831,inactive
LM,LM_3,SemiBin_2924,active-unknown
LM,LM_3,SemiBin_2941,inactive
LM,LM_3,SemiBin_2970,active-unknown
LM,LM_3,SemiBin_301,active-unknown
LM,LM_3,SemiBin_3078,inactive
LM,LM_3,SemiBin_3109,active-unknown
LM,LM_3,SemiBin_3136,inactive
LM,LM_3,SemiBin_3186,inactive
LM,LM_3,SemiBin_3211,inactive
LM,LM_3,SemiBin_32124,inactive
LM,LM_3,SemiBin_32143,inactive
LM,LM_3,SemiBin_3228,inactive
LM,LM_3,SemiBin_3288,inactive
LM,LM_3,SemiBin_336,active-unknown
LM,LM_3,SemiBin_3525,inactive
LM,LM_3,SemiBin_3662,active-unknown
LM,LM_3,SemiBin_3769,inactive
LM,LM_3,SemiBin_3866,active-unknown
LM,LM_3,SemiBin_3971,inactive
LM,LM_3,SemiBin_3999,inactive
LM,LM_3,SemiBin_4021,active-unknown
LM,LM_3,SemiBin_408,inactive
LM,LM_3,SemiBin_4095,inactive
LM,LM_3,SemiBin_4097,inactive
LM,LM_3,SemiBin_4319,inactive
LM,LM_3,SemiBin_4559,inactive
LM,LM_3,SemiBin_4716,inactive
LM,LM_3,SemiBin_4748,inactive
LM,LM_3,SemiBin_4842,inactive
LM,LM_3,SemiBin_4884,inactive
LM,LM_3,SemiBin_4964,inactive
LM,LM_3,SemiBin_4995,active-unknown
LM,LM_3,SemiBin_5100,inactive
LM,LM_3,SemiBin_520,inactive
LM,LM_3,SemiBin_5322,inactive
LM,LM_3,SemiBin_5387,inactive
LM,LM_3,SemiBin_540,inactive
LM,LM_3,SemiBin_548,inactive
LM,LM_3,SemiBin_5911,active-unknown
LM,LM_3,SemiBin_5993,inactive
LM,LM_3,SemiBin_6044,inactive
LM,LM_3,SemiBin_6168,inactive
LM,LM_3,SemiBin_643,inactive
LM,LM_3,SemiBin_656,inactive
LM,LM_3,SemiBin_6560,active-unknown
LM,LM_3,SemiBin_6572,inactive
LM,LM_3,SemiBin_6645,inactive
LM,LM_3,SemiBin_6682,inactive
LM,LM_3,SemiBin_672,inactive
LM,LM_3,SemiBin_6772,active-unknown
LM,LM_3,SemiBin_6819,inactive
LM,LM_3,SemiBin_687,lytic-active
LM,LM_3,SemiBin_6939,inactive
LM,LM_3,SemiBin_7118,inactive
LM,LM_3,SemiBin_715,active-unknown
LM,LM_3,SemiBin_7304,inactive
LM,LM_3,SemiBin_754,inactive
LM,LM_3,SemiBin_756,inactive
LM,LM_3,SemiBin_761,inactive
LM,LM_3,SemiBin_7928,inactive
LM,LM_3,SemiBin_805,inactive
LM,LM_3,SemiBin_8103,inactive
LM,LM_3,SemiBin_8199,inactive
LM,LM_3,SemiBin_843,inactive
LM,LM_3,SemiBin_8467,inactive
LM,LM_3,SemiBin_8530,inactive
LM,LM_3,SemiBin_882,inactive
LM,LM_3,SemiBin_8872,inactive
LM,LM_3,SemiBin_904,inactive
LM,LM_3,SemiBin_9129,active-unknown
LM,LM_3,SemiBin_926,inactive
LM,LM_3,SemiBin_9281,inactive
LM,LM_3,SemiBin_9320,inactive
LM,LM_3,SemiBin_974,active-unknown
LM,LM_3,SemiBin_985,inactive
LM,LM_3,SemiBin_9930,inactive
LM,LM_4,SemiBin_1005,inactive
LM,LM_4,SemiBin_10059,inactive
LM,LM_4,SemiBin_10326,inactive
LM,LM_4,SemiBin_10392,inactive
LM,LM_4,SemiBin_10453,inactive
LM,LM_4,SemiBin_1078,active-unknown
LM,LM_4,SemiBin_108,inactive
LM,LM_4,SemiBin_109,active-unknown
LM,LM_4,SemiBin_10920,inactive
LM,LM_4,SemiBin_11521,inactive
LM,LM_4,SemiBin_12011,inactive
LM,LM_4,SemiBin_1222,inactive
LM,LM_4,SemiBin_12234,inactive
LM,LM_4,SemiBin_1238,inactive
LM,LM_4,SemiBin_1239,inactive
LM,LM_4,SemiBin_1246,inactive
LM,LM_4,SemiBin_1317,inactive
LM,LM_4,SemiBin_1346,inactive
LM,LM_4,SemiBin_1403,inactive
LM,LM_4,SemiBin_14189,inactive
LM,LM_4,SemiBin_1431,inactive
LM,LM_4,SemiBin_1436,inactive
LM,LM_4,SemiBin_1478,inactive
LM,LM_4,SemiBin_1479,inactive
LM,LM_4,SemiBin_1480,inactive
LM,LM_4,SemiBin_1494,inactive
LM,LM_4,SemiBin_1503,inactive
LM,LM_4,SemiBin_1518,inactive
LM,LM_4,SemiBin_15338,inactive
LM,LM_4,SemiBin_1558,active-unknown
LM,LM_4,SemiBin_1560,inactive
LM,LM_4,SemiBin_1595,inactive
LM,LM_4,SemiBin_1643,inactive
LM,LM_4,SemiBin_1668,inactive
LM,LM_4,SemiBin_1699,inactive
LM,LM_4,SemiBin_1703,inactive
LM,LM_4,SemiBin_1709,inactive
LM,LM_4,SemiBin_1799,active-unknown
LM,LM_4,SemiBin_1854,inactive
LM,LM_4,SemiBin_1908,inactive
LM,LM_4,SemiBin_1938,inactive
LM,LM_4,SemiBin_1997,active-unknown
LM,LM_4,SemiBin_2003,active-unknown
LM,LM_4,SemiBin_2006,active-unknown
LM,LM_4,SemiBin_20296,inactive
LM,LM_4,SemiBin_2031,inactive
LM,LM_4,SemiBin_2089,inactive
LM,LM_4,SemiBin_21029,inactive
LM,LM_4,SemiBin_2115,inactive
LM,LM_4,SemiBin_2123,inactive
LM,LM_4,SemiBin_2178,active-unknown
LM,LM_4,SemiBin_2180,active-unknown
LM,LM_4,SemiBin_2254,inactive
LM,LM_4,SemiBin_2265,inactive
LM,LM_4,SemiBin_2289,inactive
LM,LM_4,SemiBin_2297,inactive
LM,LM_4,SemiBin_237,inactive
LM,LM_4,SemiBin_240,active-unknown
LM,LM_4,SemiBin_2469,inactive
LM,LM_4,SemiBin_259,inactive
LM,LM_4,SemiBin_2636,inactive
LM,LM_4,SemiBin_2737,inactive
LM,LM_4,SemiBin_2756,lytic-active
LM,LM_4,SemiBin_279,active-unknown
LM,LM_4,SemiBin_2831,inactive
LM,LM_4,SemiBin_2924,inactive
LM,LM_4,SemiBin_2941,inactive
LM,LM_4,SemiBin_2970,inactive
LM,LM_4,SemiBin_301,inactive
LM,LM_4,SemiBin_3078,inactive
LM,LM_4,SemiBin_3109,inactive
LM,LM_4,SemiBin_3136,inactive
LM,LM_4,SemiBin_3186,inactive
LM,LM_4,SemiBin_3211,inactive
LM,LM_4,SemiBin_32124,inactive
LM,LM_4,SemiBin_32143,inactive
LM,LM_4,SemiBin_3228,inactive
LM,LM_4,SemiBin_3288,inactive
LM,LM_4,SemiBin_336,active-unknown
LM,LM_4,SemiBin_3525,inactive
LM,LM_4,SemiBin_3662,active-unknown
LM,LM_4,SemiBin_3769,inactive
LM,LM_4,SemiBin_3866,active-unknown
LM,LM_4,SemiBin_3971,inactive
LM,LM_4,SemiBin_3999,active-unknown
LM,LM_4,SemiBin_4021,active-unknown
LM,LM_4,SemiBin_408,inactive
LM,LM_4,SemiBin_4095,inactive
LM,LM_4,SemiBin_4097,inactive
LM,LM_4,SemiBin_4319,active-unknown
LM,LM_4,SemiBin_4559,inactive
LM,LM_4,SemiBin_4716,inactive
LM,LM_4,SemiBin_4748,active-unknown
LM,LM_4,SemiBin_4842,inactive
LM,LM_4,SemiBin_4884,inactive
LM,LM_4,SemiBin_4964,inactive
LM,LM_4,SemiBin_4995,active-unknown
LM,LM_4,SemiBin_5100,active-unknown
LM,LM_4,SemiBin_520,inactive
LM,LM_4,SemiBin_5322,inactive
LM,LM_4,SemiBin_5387,inactive
LM,LM_4,SemiBin_540,inactive
LM,LM_4,SemiBin_548,active-unknown
LM,LM_4,SemiBin_5911,inactive
LM,LM_4,SemiBin_5993,inactive
LM,LM_4,SemiBin_6044,active-unknown
LM,LM_4,SemiBin_6168,inactive
LM,LM_4,SemiBin_643,inactive
LM,LM_4,SemiBin_656,active-unknown
LM,LM_4,SemiBin_6560,active-unknown
LM,LM_4,SemiBin_6572,inactive
LM,LM_4,SemiBin_6645,inactive
LM,LM_4,SemiBin_6682,inactive
LM,LM_4,SemiBin_672,inactive
LM,LM_4,SemiBin_6772,active-unknown
LM,LM_4,SemiBin_6819,inactive
LM,LM_4,SemiBin_687,active-unknown
LM,LM_4,SemiBin_6939,inactive
LM,LM_4,SemiBin_7118,active-unknown
LM,LM_4,SemiBin_715,active-unknown
LM,LM_4,SemiBin_7304,inactive
LM,LM_4,SemiBin_754,inactive
LM,LM_4,SemiBin_756,inactive
LM,LM_4,SemiBin_761,inactive
LM,LM_4,SemiBin_7928,inactive
LM,LM_4,SemiBin_805,inactive
LM,LM_4,SemiBin_8103,inactive
LM,LM_4,SemiBin_8199,inactive
LM,LM_4,SemiBin_843,active-unknown
LM,LM_4,SemiBin_8467,inactive
LM,LM_4,SemiBin_8530,inactive
LM,LM_4,SemiBin_882,inactive
LM,LM_4,SemiBin_8872,inactive
LM,LM_4,SemiBin_904,inactive
LM,LM_4,SemiBin_9129,inactive
LM,LM_4,SemiBin_926,inactive
LM,LM_4,SemiBin_9281,inactive
LM,LM_4,SemiBin_9320,inactive
LM,LM_4,SemiBin_974,active-unknown
LM,LM_4,SemiBin_985,inactive
LM,LM_4,SemiBin_9930,inactive
LM,LM_5,SemiBin_1005,inactive
LM,LM_5,SemiBin_10059,inactive
LM,LM_5,SemiBin_10326,inactive
LM,LM_5,SemiBin_10392,inactive
LM,LM_5,SemiBin_10453,inactive
LM,LM_5,SemiBin_1078,active-unknown
LM,LM_5,SemiBin_108,inactive
LM,LM_5,SemiBin_109,inactive
LM,LM_5,SemiBin_10920,inactive
LM,LM_5,SemiBin_11521,inactive
LM,LM_5,SemiBin_12011,inactive
LM,LM_5,SemiBin_1222,inactive
LM,LM_5,SemiBin_12234,inactive
LM,LM_5,SemiBin_1238,inactive
LM,LM_5,SemiBin_1239,inactive
LM,LM_5,SemiBin_1246,inactive
LM,LM_5,SemiBin_1317,inactive
LM,LM_5,SemiBin_1346,inactive
LM,LM_5,SemiBin_1403,inactive
LM,LM_5,SemiBin_14189,inactive
LM,LM_5,SemiBin_1431,inactive
LM,LM_5,SemiBin_1436,inactive
LM,LM_5,SemiBin_1478,inactive
LM,LM_5,SemiBin_1479,inactive
LM,LM_5,SemiBin_1480,inactive
LM,LM_5,SemiBin_1494,inactive
LM,LM_5,SemiBin_1503,inactive
LM,LM_5,SemiBin_1518,active-unknown
LM,LM_5,SemiBin_15338,inactive
LM,LM_5,SemiBin_1558,active-unknown
LM,LM_5,SemiBin_1560,inactive
LM,LM_5,SemiBin_1595,inactive
LM,LM_5,SemiBin_1643,inactive
LM,LM_5,SemiBin_1668,active-unknown
LM,LM_5,SemiBin_1699,inactive
LM,LM_5,SemiBin_1703,active-unknown
LM,LM_5,SemiBin_1709,inactive
LM,LM_5,SemiBin_1799,inactive
LM,LM_5,SemiBin_1854,inactive
LM,LM_5,SemiBin_1908,inactive
LM,LM_5,SemiBin_1938,inactive
LM,LM_5,SemiBin_1997,active-unknown
LM,LM_5,SemiBin_2003,active-unknown
LM,LM_5,SemiBin_2006,inactive
LM,LM_5,SemiBin_20296,inactive
LM,LM_5,SemiBin_2031,inactive
LM,LM_5,SemiBin_2089,active-unknown
LM,LM_5,SemiBin_21029,inactive
LM,LM_5,SemiBin_2115,inactive
LM,LM_5,SemiBin_2123,inactive
LM,LM_5,SemiBin_2178,active-unknown
LM,LM_5,SemiBin_2180,active-unknown
LM,LM_5,SemiBin_2254,inactive
LM,LM_5,SemiBin_2265,inactive
LM,LM_5,SemiBin_2289,inactive
LM,LM_5,SemiBin_2297,inactive
LM,LM_5,SemiBin_237,inactive
LM,LM_5,SemiBin_240,active-unknown
LM,LM_5,SemiBin_2469,active-unknown
LM,LM_5,SemiBin_259,inactive
LM,LM_5,SemiBin_2636,inactive
LM,LM_5,SemiBin_2737,inactive
LM,LM_5,SemiBin_2756,lytic-active
LM,LM_5,SemiBin_279,active-unknown
LM,LM_5,SemiBin_2831,inactive
LM,LM_5,SemiBin_2924,active-unknown
LM,LM_5,SemiBin_2941,inactive
LM,LM_5,SemiBin_2970,inactive
LM,LM_5,SemiBin_301,active-unknown
LM,LM_5,SemiBin_3078,inactive
LM,LM_5,SemiBin_3109,inactive
LM,LM_5,SemiBin_3136,inactive
LM,LM_5,SemiBin_3186,inactive
LM,LM_5,SemiBin_3211,inactive
LM,LM_5,SemiBin_32124,inactive
LM,LM_5,SemiBin_32143,inactive
LM,LM_5,SemiBin_3228,inactive
LM,LM_5,SemiBin_3288,inactive
LM,LM_5,SemiBin_336,active-unknown
LM,LM_5,SemiBin_3525,inactive
LM,LM_5,SemiBin_3662,active-unknown
LM,LM_5,SemiBin_3769,active-unknown
LM,LM_5,SemiBin_3866,active-unknown
LM,LM_5,SemiBin_3971,inactive
LM,LM_5,SemiBin_3999,inactive
LM,LM_5,SemiBin_4021,active-unknown
LM,LM_5,SemiBin_408,inactive
LM,LM_5,SemiBin_4095,inactive
LM,LM_5,SemiBin_4097,inactive
LM,LM_5,SemiBin_4319,inactive
LM,LM_5,SemiBin_4559,active-unknown
LM,LM_5,SemiBin_4716,inactive
LM,LM_5,SemiBin_4748,active-unknown
LM,LM_5,SemiBin_4842,inactive
LM,LM_5,SemiBin_4884,inactive
LM,LM_5,SemiBin_4964,active-unknown
LM,LM_5,SemiBin_4995,active-unknown
LM,LM_5,SemiBin_5100,inactive
LM,LM_5,SemiBin_520,active-unknown
LM,LM_5,SemiBin_5322,inactive
LM,LM_5,SemiBin_5387,inactive
LM,LM_5,SemiBin_540,active-unknown
LM,LM_5,SemiBin_548,inactive
LM,LM_5,SemiBin_5911,active-unknown
LM,LM_5,SemiBin_5993,active-unknown
LM,LM_5,SemiBin_6044,inactive
LM,LM_5,SemiBin_6168,inactive
LM,LM_5,SemiBin_643,inactive
LM,LM_5,SemiBin_656,inactive
LM,LM_5,SemiBin_6560,active-unknown
LM,LM_5,SemiBin_6572,inactive
LM,LM_5,SemiBin_6645,inactive
LM,LM_5,SemiBin_6682,inactive
LM,LM_5,SemiBin_672,inactive
LM,LM_5,SemiBin_6772,active-unknown
LM,LM_5,SemiBin_6819,inactive
LM,LM_5,SemiBin_687,active-unknown
LM,LM_5,SemiBin_6939,inactive
LM,LM_5,SemiBin_7118,inactive
LM,LM_5,SemiBin_715,active-unknown
LM,LM_5,SemiBin_7304,inactive
LM,LM_5,SemiBin_754,active-unknown
LM,LM_5,SemiBin_756,inactive
LM,LM_5,SemiBin_761,inactive
LM,LM_5,SemiBin_7928,inactive
LM,LM_5,SemiBin_805,inactive
LM,LM_5,SemiBin_8103,inactive
LM,LM_5,SemiBin_8199,inactive
LM,LM_5,SemiBin_843,inactive
LM,LM_5,SemiBin_8467,inactive
LM,LM_5,SemiBin_8530,inactive
LM,LM_5,SemiBin_882,inactive
LM,LM_5,SemiBin_8872,inactive
LM,LM_5,SemiBin_904,inactive
LM,LM_5,SemiBin_9129,lytic-active
LM,LM_5,SemiBin_926,inactive
LM,LM_5,SemiBin_9281,inactive
LM,LM_5,SemiBin_9320,active-unknown
LM,LM_5,SemiBin_974,active-unknown
LM,LM_5,SemiBin_985,inactive
LM,LM_5,SemiBin_9930,inactive
LM,LM_6,SemiBin_1005,inactive
LM,LM_6,SemiBin_10059,inactive
LM,LM_6,SemiBin_10326,inactive
LM,LM_6,SemiBin_10392,inactive
LM,LM_6,SemiBin_10453,active-unknown
LM,LM_6,SemiBin_1078,active-unknown
LM,LM_6,SemiBin_108,inactive
LM,LM_6,SemiBin_109,inactive
LM,LM_6,SemiBin_10920,inactive
LM,LM_6,SemiBin_11521,inactive
LM,LM_6,SemiBin_12011,inactive
LM,LM_6,SemiBin_1222,inactive
LM,LM_6,SemiBin_12234,inactive
LM,LM_6,SemiBin_1238,inactive
LM,LM_6,SemiBin_1239,inactive
LM,LM_6,SemiBin_1246,inactive
LM,LM_6,SemiBin_1317,inactive
LM,LM_6,SemiBin_1346,inactive
LM,LM_6,SemiBin_1403,inactive
LM,LM_6,SemiBin_14189,inactive
LM,LM_6,SemiBin_1431,active-unknown
LM,LM_6,SemiBin_1436,inactive
LM,LM_6,SemiBin_1478,inactive
LM,LM_6,SemiBin_1479,inactive
LM,LM_6,SemiBin_1480,inactive
LM,LM_6,SemiBin_1494,inactive
LM,LM_6,SemiBin_1503,inactive
LM,LM_6,SemiBin_1518,active-unknown
LM,LM_6,SemiBin_15338,inactive
LM,LM_6,SemiBin_1558,active-unknown
LM,LM_6,SemiBin_1560,inactive
LM,LM_6,SemiBin_1595,inactive
LM,LM_6,SemiBin_1643,inactive
LM,LM_6,SemiBin_1668,inactive
LM,LM_6,SemiBin_1699,active-unknown
LM,LM_6,SemiBin_1703,inactive
LM,LM_6,SemiBin_1709,inactive
LM,LM_6,SemiBin_1799,active-unknown
LM,LM_6,SemiBin_1854,inactive
LM,LM_6,SemiBin_1908,inactive
LM,LM_6,SemiBin_1938,active-unknown
LM,LM_6,SemiBin_1997,active-unknown
LM,LM_6,SemiBin_2003,active-unknown
LM,LM_6,SemiBin_2006,inactive
LM,LM_6,SemiBin_20296,inactive
LM,LM_6,SemiBin_2031,inactive
LM,LM_6,SemiBin_2089,inactive
LM,LM_6,SemiBin_21029,inactive
LM,LM_6,SemiBin_2115,inactive
LM,LM_6,SemiBin_2123,inactive
LM,LM_6,SemiBin_2178,active-unknown
LM,LM_6,SemiBin_2180,active-unknown
LM,LM_6,SemiBin_2254,active-unknown
LM,LM_6,SemiBin_2265,inactive
LM,LM_6,SemiBin_2289,inactive
LM,LM_6,SemiBin_2297,active-unknown
LM,LM_6,SemiBin_237,inactive
LM,LM_6,SemiBin_240,active-unknown
LM,LM_6,SemiBin_2469,inactive
LM,LM_6,SemiBin_259,inactive
LM,LM_6,SemiBin_2636,inactive
LM,LM_6,SemiBin_2737,inactive
LM,LM_6,SemiBin_2756,lytic-active
LM,LM_6,SemiBin_279,active-unknown
LM,LM_6,SemiBin_2831,inactive
LM,LM_6,SemiBin_2924,active-unknown
LM,LM_6,SemiBin_2941,inactive
LM,LM_6,SemiBin_2970,active-unknown
LM,LM_6,SemiBin_301,inactive
LM,LM_6,SemiBin_3078,inactive
LM,LM_6,SemiBin_3109,inactive
LM,LM_6,SemiBin_3136,active-unknown
LM,LM_6,SemiBin_3186,inactive
LM,LM_6,SemiBin_3211,inactive
LM,LM_6,SemiBin_32124,inactive
LM,LM_6,SemiBin_32143,inactive
LM,LM_6,SemiBin_3228,inactive
LM,LM_6,SemiBin_3288,inactive
LM,LM_6,SemiBin_336,active-unknown
LM,LM_6,SemiBin_3525,inactive
LM,LM_6,SemiBin_3662,active-unknown
LM,LM_6,SemiBin_3769,inactive
LM,LM_6,SemiBin_3866,active-unknown
LM,LM_6,SemiBin_3971,inactive
LM,LM_6,SemiBin_3999,inactive
LM,LM_6,SemiBin_4021,inactive
LM,LM_6,SemiBin_408,inactive
LM,LM_6,SemiBin_4095,inactive
LM,LM_6,SemiBin_4097,active-unknown
LM,LM_6,SemiBin_4319,inactive
LM,LM_6,SemiBin_4559,inactive
LM,LM_6,SemiBin_4716,inactive
LM,LM_6,SemiBin_4748,inactive
LM,LM_6,SemiBin_4842,inactive
LM,LM_6,SemiBin_4884,inactive
LM,LM_6,SemiBin_4964,inactive
LM,LM_6,SemiBin_4995,active-unknown
LM,LM_6,SemiBin_5100,active-unknown
LM,LM_6,SemiBin_520,inactive
LM,LM_6,SemiBin_5322,inactive
LM,LM_6,SemiBin_5387,inactive
LM,LM_6,SemiBin_540,active-unknown
LM,LM_6,SemiBin_548,active-unknown
LM,LM_6,SemiBin_5911,inactive
LM,LM_6,SemiBin_5993,inactive
LM,LM_6,SemiBin_6044,active-unknown
LM,LM_6,SemiBin_6168,inactive
LM,LM_6,SemiBin_643,inactive
LM,LM_6,SemiBin_656,active-unknown
LM,LM_6,SemiBin_6560,inactive
LM,LM_6,SemiBin_6572,inactive
LM,LM_6,SemiBin_6645,inactive
LM,LM_6,SemiBin_6682,inactive
LM,LM_6,SemiBin_672,inactive
LM,LM_6,SemiBin_6772,active-unknown
LM,LM_6,SemiBin_6819,inactive
LM,LM_6,SemiBin_687,active-unknown
LM,LM_6,SemiBin_6939,inactive
LM,LM_6,SemiBin_7118,inactive
LM,LM_6,SemiBin_715,active-unknown
LM,LM_6,SemiBin_7304,inactive
LM,LM_6,SemiBin_754,active-unknown
LM,LM_6,SemiBin_756,inactive
LM,LM_6,SemiBin_761,active-unknown
LM,LM_6,SemiBin_7928,inactive
LM,LM_6,SemiBin_805,inactive
LM,LM_6,SemiBin_8103,inactive
LM,LM_6,SemiBin_8199,inactive
LM,LM_6,SemiBin_843,inactive
LM,LM_6,SemiBin_8467,inactive
LM,LM_6,SemiBin_8530,inactive
LM,LM_6,SemiBin_882,active-unknown
LM,LM_6,SemiBin_8872,inactive
LM,LM_6,SemiBin_904,inactive
LM,LM_6,SemiBin_9129,active-unknown
LM,LM_6,SemiBin_926,inactive
LM,LM_6,SemiBin_9281,inactive
LM,LM_6,SemiBin_9320,inactive
LM,LM_6,SemiBin_974,active-unknown
LM,LM_6,SemiBin_985,inactive
LM,LM_6,SemiBin_9930,inactive
LM,LM_7,SemiBin_1005,inactive
LM,LM_7,SemiBin_10059,inactive
LM,LM_7,SemiBin_10326,inactive
LM,LM_7,SemiBin_10392,inactive
LM,LM_7,SemiBin_10453,inactive
LM,LM_7,SemiBin_1078,active-unknown
LM,LM_7,SemiBin_108,inactive
LM,LM_7,SemiBin_109,inactive
LM,LM_7,SemiBin_10920,inactive
LM,LM_7,SemiBin_11521,inactive
LM,LM_7,SemiBin_12011,inactive
LM,LM_7,SemiBin_1222,inactive
LM,LM_7,SemiBin_12234,inactive
LM,LM_7,SemiBin_1238,inactive
LM,LM_7,SemiBin_1239,inactive
LM,LM_7,SemiBin_1246,inactive
LM,LM_7,SemiBin_1317,active-unknown
LM,LM_7,SemiBin_1346,inactive
LM,LM_7,SemiBin_1403,inactive
LM,LM_7,SemiBin_14189,inactive
LM,LM_7,SemiBin_1431,inactive
LM,LM_7,SemiBin_1436,inactive
LM,LM_7,SemiBin_1478,inactive
LM,LM_7,SemiBin_1479,inactive
LM,LM_7,SemiBin_1480,inactive
LM,LM_7,SemiBin_1494,inactive
LM,LM_7,SemiBin_1503,inactive
LM,LM_7,SemiBin_1518,active-unknown
LM,LM_7,SemiBin_15338,inactive
LM,LM_7,SemiBin_1558,active-unknown
LM,LM_7,SemiBin_1560,inactive
LM,LM_7,SemiBin_1595,inactive
LM,LM_7,SemiBin_1643,inactive
LM,LM_7,SemiBin_1668,inactive
LM,LM_7,SemiBin_1699,inactive
LM,LM_7,SemiBin_1703,active-unknown
LM,LM_7,SemiBin_1709,inactive
LM,LM_7,SemiBin_1799,inactive
LM,LM_7,SemiBin_1854,inactive
LM,LM_7,SemiBin_1908,inactive
LM,LM_7,SemiBin_1938,inactive
LM,LM_7,SemiBin_1997,active-unknown
LM,LM_7,SemiBin_2003,active-unknown
LM,LM_7,SemiBin_2006,inactive
LM,LM_7,SemiBin_20296,inactive
LM,LM_7,SemiBin_2031,inactive
LM,LM_7,SemiBin_2089,active-unknown
LM,LM_7,SemiBin_21029,inactive
LM,LM_7,SemiBin_2115,active-unknown
LM,LM_7,SemiBin_2123,inactive
LM,LM_7,SemiBin_2178,inactive
LM,LM_7,SemiBin_2180,active-unknown
LM,LM_7,SemiBin_2254,inactive
LM,LM_7,SemiBin_2265,inactive
LM,LM_7,SemiBin_2289,inactive
LM,LM_7,SemiBin_2297,inactive
LM,LM_7,SemiBin_237,inactive
LM,LM_7,SemiBin_240,active-unknown
LM,LM_7,SemiBin_2469,inactive
LM,LM_7,SemiBin_259,active-unknown
LM,LM_7,SemiBin_2636,inactive
LM,LM_7,SemiBin_2737,inactive
LM,LM_7,SemiBin_2756,lytic-active
LM,LM_7,SemiBin_279,active-unknown
LM,LM_7,SemiBin_2831,inactive
LM,LM_7,SemiBin_2924,inactive
LM,LM_7,SemiBin_2941,inactive
LM,LM_7,SemiBin_2970,inactive
LM,LM_7,SemiBin_301,inactive
LM,LM_7,SemiBin_3078,inactive
LM,LM_7,SemiBin_3109,inactive
LM,LM_7,SemiBin_3136,inactive
LM,LM_7,SemiBin_3186,inactive
LM,LM_7,SemiBin_3211,inactive
LM,LM_7,SemiBin_32124,inactive
LM,LM_7,SemiBin_32143,inactive
LM,LM_7,SemiBin_3228,inactive
LM,LM_7,SemiBin_3288,active-unknown
LM,LM_7,SemiBin_336,active-unknown
LM,LM_7,SemiBin_3525,inactive
LM,LM_7,SemiBin_3662,active-unknown
LM,LM_7,SemiBin_3769,inactive
LM,LM_7,SemiBin_3866,active-unknown
LM,LM_7,SemiBin_3971,inactive
LM,LM_7,SemiBin_3999,inactive
LM,LM_7,SemiBin_4021,active-unknown
LM,LM_7,SemiBin_408,inactive
LM,LM_7,SemiBin_4095,inactive
LM,LM_7,SemiBin_4097,inactive
LM,LM_7,SemiBin_4319,inactive
LM,LM_7,SemiBin_4559,inactive
LM,LM_7,SemiBin_4716,inactive
LM,LM_7,SemiBin_4748,active-unknown
LM,LM_7,SemiBin_4842,inactive
LM,LM_7,SemiBin_4884,inactive
LM,LM_7,SemiBin_4964,inactive
LM,LM_7,SemiBin_4995,inactive
LM,LM_7,SemiBin_5100,inactive
LM,LM_7,SemiBin_520,inactive
LM,LM_7,SemiBin_5322,inactive
LM,LM_7,SemiBin_5387,inactive
LM,LM_7,SemiBin_540,inactive
LM,LM_7,SemiBin_548,active-unknown
LM,LM_7,SemiBin_5911,active-unknown
LM,LM_7,SemiBin_5993,inactive
LM,LM_7,SemiBin_6044,inactive
LM,LM_7,SemiBin_6168,inactive
LM,LM_7,SemiBin_643,inactive
LM,LM_7,SemiBin_656,inactive
LM,LM_7,SemiBin_6560,active-unknown
LM,LM_7,SemiBin_6572,inactive
LM,LM_7,SemiBin_6645,inactive
LM,LM_7,SemiBin_6682,inactive
LM,LM_7,SemiBin_672,inactive
LM,LM_7,SemiBin_6772,active-unknown
LM,LM_7,SemiBin_6819,inactive
LM,LM_7,SemiBin_687,active-unknown
LM,LM_7,SemiBin_6939,inactive
LM,LM_7,SemiBin_7118,active-unknown
LM,LM_7,SemiBin_715,active-unknown
LM,LM_7,SemiBin_7304,inactive
LM,LM_7,SemiBin_754,active-unknown
LM,LM_7,SemiBin_756,inactive
LM,LM_7,SemiBin_761,inactive
LM,LM_7,SemiBin_7928,active-unknown
LM,LM_7,SemiBin_805,inactive
LM,LM_7,SemiBin_8103,inactive
LM,LM_7,SemiBin_8199,inactive
LM,LM_7,SemiBin_843,inactive
LM,LM_7,SemiBin_8467,inactive
LM,LM_7,SemiBin_8530,inactive
LM,LM_7,SemiBin_882,active-unknown
LM,LM_7,SemiBin_8872,inactive
LM,LM_7,SemiBin_904,inactive
LM,LM_7,SemiBin_9129,inactive
LM,LM_7,SemiBin_926,inactive
LM,LM_7,SemiBin_9281,inactive
LM,LM_7,SemiBin_9320,inactive
LM,LM_7,SemiBin_974,active-unknown
LM,LM_7,SemiBin_985,inactive
LM,LM_7,SemiBin_9930,inactive
LM,LM_8,SemiBin_1005,inactive
LM,LM_8,SemiBin_10059,inactive
LM,LM_8,SemiBin_10326,inactive
LM,LM_8,SemiBin_10392,inactive
LM,LM_8,SemiBin_10453,inactive
LM,LM_8,SemiBin_1078,active-unknown
LM,LM_8,SemiBin_108,inactive
LM,LM_8,SemiBin_109,inactive
LM,LM_8,SemiBin_10920,inactive
LM,LM_8,SemiBin_11521,inactive
LM,LM_8,SemiBin_12011,inactive
LM,LM_8,SemiBin_1222,active-unknown
LM,LM_8,SemiBin_12234,inactive
LM,LM_8,SemiBin_1238,active-unknown
LM,LM_8,SemiBin_1239,inactive
LM,LM_8,SemiBin_1246,inactive
LM,LM_8,SemiBin_1317,inactive
LM,LM_8,SemiBin_1346,inactive
LM,LM_8,SemiBin_1403,active-unknown
LM,LM_8,SemiBin_14189,inactive
LM,LM_8,SemiBin_1431,inactive
LM,LM_8,SemiBin_1436,active-unknown
LM,LM_8,SemiBin_1478,inactive
LM,LM_8,SemiBin_1479,inactive
LM,LM_8,SemiBin_1480,inactive
LM,LM_8,SemiBin_1494,active-unknown
LM,LM_8,SemiBin_1503,inactive
LM,LM_8,SemiBin_1518,inactive
LM,LM_8,SemiBin_15338,inactive
LM,LM_8,SemiBin_1558,active-unknown
LM,LM_8,SemiBin_1560,inactive
LM,LM_8,SemiBin_1595,inactive
LM,LM_8,SemiBin_1643,inactive
LM,LM_8,SemiBin_1668,inactive
LM,LM_8,SemiBin_1699,inactive
LM,LM_8,SemiBin_1703,active-unknown
LM,LM_8,SemiBin_1709,inactive
LM,LM_8,SemiBin_1799,active-unknown
LM,LM_8,SemiBin_1854,inactive
LM,LM_8,SemiBin_1908,inactive
LM,LM_8,SemiBin_1938,active-unknown
LM,LM_8,SemiBin_1997,active-unknown
LM,LM_8,SemiBin_2003,active-unknown
LM,LM_8,SemiBin_2006,inactive
LM,LM_8,SemiBin_20296,inactive
LM,LM_8,SemiBin_2031,inactive
LM,LM_8,SemiBin_2089,inactive
LM,LM_8,SemiBin_21029,inactive
LM,LM_8,SemiBin_2115,inactive
LM,LM_8,SemiBin_2123,inactive
LM,LM_8,SemiBin_2178,active-unknown
LM,LM_8,SemiBin_2180,active-unknown
LM,LM_8,SemiBin_2254,active-unknown
LM,LM_8,SemiBin_2265,inactive
LM,LM_8,SemiBin_2289,inactive
LM,LM_8,SemiBin_2297,inactive
LM,LM_8,SemiBin_237,inactive
LM,LM_8,SemiBin_240,active-unknown
LM,LM_8,SemiBin_2469,inactive
LM,LM_8,SemiBin_259,inactive
LM,LM_8,SemiBin_2636,inactive
LM,LM_8,SemiBin_2737,inactive
LM,LM_8,SemiBin_2756,lytic-active
LM,LM_8,SemiBin_279,active-unknown
LM,LM_8,SemiBin_2831,inactive
LM,LM_8,SemiBin_2924,inactive
LM,LM_8,SemiBin_2941,inactive
LM,LM_8,SemiBin_2970,active-unknown
LM,LM_8,SemiBin_301,inactive
LM,LM_8,SemiBin_3078,inactive
LM,LM_8,SemiBin_3109,active-unknown
LM,LM_8,SemiBin_3136,inactive
LM,LM_8,SemiBin_3186,inactive
LM,LM_8,SemiBin_3211,inactive
LM,LM_8,SemiBin_32124,inactive
LM,LM_8,SemiBin_32143,inactive
LM,LM_8,SemiBin_3228,inactive
LM,LM_8,SemiBin_3288,inactive
LM,LM_8,SemiBin_336,active-unknown
LM,LM_8,SemiBin_3525,inactive
LM,LM_8,SemiBin_3662,active-unknown
LM,LM_8,SemiBin_3769,active-unknown
LM,LM_8,SemiBin_3866,active-unknown
LM,LM_8,SemiBin_3971,inactive
LM,LM_8,SemiBin_3999,inactive
LM,LM_8,SemiBin_4021,active-unknown
LM,LM_8,SemiBin_408,inactive
LM,LM_8,SemiBin_4095,inactive
LM,LM_8,SemiBin_4097,inactive
LM,LM_8,SemiBin_4319,inactive
LM,LM_8,SemiBin_4559,inactive
LM,LM_8,SemiBin_4716,inactive
LM,LM_8,SemiBin_4748,active-unknown
LM,LM_8,SemiBin_4842,inactive
LM,LM_8,SemiBin_4884,inactive
LM,LM_8,SemiBin_4964,inactive
LM,LM_8,SemiBin_4995,active-unknown
LM,LM_8,SemiBin_5100,inactive
LM,LM_8,SemiBin_520,inactive
LM,LM_8,SemiBin_5322,inactive
LM,LM_8,SemiBin_5387,inactive
LM,LM_8,SemiBin_540,inactive
LM,LM_8,SemiBin_548,inactive
LM,LM_8,SemiBin_5911,lytic-active
LM,LM_8,SemiBin_5993,inactive
LM,LM_8,SemiBin_6044,inactive
LM,LM_8,SemiBin_6168,inactive
LM,LM_8,SemiBin_643,active-unknown
LM,LM_8,SemiBin_656,inactive
LM,LM_8,SemiBin_6560,active-unknown
LM,LM_8,SemiBin_6572,inactive
LM,LM_8,SemiBin_6645,inactive
LM,LM_8,SemiBin_6682,inactive
LM,LM_8,SemiBin_672,inactive
LM,LM_8,SemiBin_6772,active-unknown
LM,LM_8,SemiBin_6819,inactive
LM,LM_8,SemiBin_687,active-unknown
LM,LM_8,SemiBin_6939,inactive
LM,LM_8,SemiBin_7118,active-unknown
LM,LM_8,SemiBin_715,active-unknown
LM,LM_8,SemiBin_7304,inactive
LM,LM_8,SemiBin_754,active-unknown
LM,LM_8,SemiBin_756,active-unknown
LM,LM_8,SemiBin_761,inactive
LM,LM_8,SemiBin_7928,inactive
LM,LM_8,SemiBin_805,inactive
LM,LM_8,SemiBin_8103,inactive
LM,LM_8,SemiBin_8199,inactive
LM,LM_8,SemiBin_843,active-unknown
LM,LM_8,SemiBin_8467,inactive
LM,LM_8,SemiBin_8530,inactive
LM,LM_8,SemiBin_882,inactive
LM,LM_8,SemiBin_8872,inactive
LM,LM_8,SemiBin_904,inactive
LM,LM_8,SemiBin_9129,lytic-active
LM,LM_8,SemiBin_926,inactive
LM,LM_8,SemiBin_9281,inactive
LM,LM_8,SemiBin_9320,inactive
LM,LM_8,SemiBin_974,active-unknown
LM,LM_8,SemiBin_985,inactive
LM,LM_8,SemiBin_9930,active-unknown
